COMPONENT_NO,COMPONENT_NAME,SYM_MIRROR,X_COORDINATE,Y_COORDINATE,ANGLE,IN_BOM,PACKAGE,COVER_PART
1,J47,YES,90.4786,71.0717,0,0,J47,novalue
2,J17,YES,199.4344,39.4640,0,0,J47,novalue
3,J36,YES,180.5622,114.7064,0,0,J47,novalue
4,J34,YES,321.5132,72.0014,0,0,J47,novalue
5,J39,YES,198.0197,104.5972,0,0,J47,novalue
6,J40,YES,198.0197,110.2614,0,0,J47,novalue
7,J38,YES,398.1640,93.1672,0,0,J47,novalue
8,J45,YES,13.7389,128.7996,90,0,J47,novalue
9,J18,YES,187.8051,38.4848,90,0,J47,novalue
10,J37,YES,15.1613,104.7204,90,0,J47,novalue
11,J20,YES,253.5784,182.6171,90,0,J47,novalue
12,J31,YES,40.1980,128.8834,90,0,J47,novalue
13,J33,YES,180.2105,97.8116,90,0,J47,novalue
14,J35,YES,314.6819,154.6098,180,0,J47,novalue
15,J30,YES,259.3530,124.3330,180,0,J47,novalue
16,J12,YES,230.0567,52.4002,180,0,J47,novalue
17,J41,YES,103.2015,183.3880,180,0,J47,novalue
18,J32,YES,328.3941,56.9506,270,0,J47,novalue
19,J44,YES,229.2833,60.9130,270,0,J47,novalue
20,J16,YES,206.1185,48.7388,270,0,J47,novalue
21,J19,YES,43.7363,103.6790,270,0,J47,novalue
22,J43,YES,56.7665,71.7588,270,0,J47,novalue
23,J15,YES,225.6257,91.1568,270,0,J47,novalue
24,J14,YES,314.4368,38.5280,270,0,J47,novalue
25,J13,YES,190.7261,49.8818,270,0,J47,novalue
26,R487,YES,86.3295,71.0743,0,0,R487,novalue
27,R341,YES,205.4327,51.9176,0,0,R487,novalue
28,R408,YES,403.0955,141.2240,0,0,R487,novalue
29,R409,YES,406.6007,146.8120,0,0,R487,novalue
30,R410,YES,404.2385,116.7638,0,0,R487,novalue
31,R461,YES,406.5880,154.5590,0,0,R487,novalue
32,R452,YES,14.4628,101.4984,0,0,R487,novalue
33,R451,YES,176.6418,115.7224,0,0,R487,novalue
34,R444,YES,406.6007,152.6286,0,0,R487,novalue
35,R449,YES,318.2899,71.3029,90,0,R487,novalue
36,R450,YES,317.9039,153.9113,90,0,R487,novalue
37,R448,YES,180.2105,93.9724,90,0,R487,novalue
38,C473,YES,354.1497,125.4125,90,0,R487,novalue
39,R446,YES,40.2133,124.8943,90,0,R487,novalue
40,R475,YES,13.7389,124.9553,90,0,R487,novalue
41,C400,YES,355.4197,125.4125,90,0,R487,novalue
42,C594,YES,108.9355,70.2970,90,0,R487,novalue
43,C490,YES,378.4067,124.9299,90,0,R487,novalue
44,C684,YES,251.7877,70.4139,90,0,R487,novalue
45,C674,YES,79.2048,70.2462,90,0,R487,novalue
46,C644,YES,311.1475,70.4647,90,0,R487,novalue
47,C439,YES,168.2928,70.2462,90,0,R487,novalue
48,R356,YES,378.3813,127.9271,90,0,R487,novalue
49,C451,YES,379.7529,124.9299,90,0,R487,novalue
50,R249,YES,196.1998,38.7350,90,0,R487,novalue
51,C574,YES,138.6129,70.2081,90,0,R487,novalue
52,C584,YES,281.4803,70.4393,90,0,R487,novalue
53,C2407,YES,357.6549,56.6166,180,0,R487,novalue
54,R466,YES,107.0966,183.3880,180,0,R487,novalue
55,R347,YES,188.4655,35.3060,180,0,R487,novalue
56,R357,YES,254.2769,179.4383,180,0,R487,novalue
57,R445,YES,265.0592,124.3330,180,0,R487,novalue
58,R334,YES,406.7658,91.3892,180,0,R487,novalue
59,R335,YES,406.7404,93.5228,180,0,R487,novalue
60,C420,YES,354.8532,57.3456,180,0,R487,novalue
61,R8,YES,356.2452,137.5410,180,0,R487,novalue
62,R14,YES,379.6132,137.6680,180,0,R487,novalue
63,C624,YES,245.5647,126.2939,270,0,R487,novalue
64,C564,YES,275.2065,126.3447,270,0,R487,novalue
65,C664,YES,304.8991,126.4209,270,0,R487,novalue
66,C2490,YES,379.8799,131.9403,270,0,R487,novalue
67,C2494,YES,352.2955,132.1943,270,0,R487,novalue
68,C2495,YES,356.0547,132.0673,270,0,R487,novalue
69,C604,YES,215.8213,126.3193,270,0,R487,novalue
70,R9,YES,352.3717,136.8425,270,0,R487,novalue
71,R15,YES,376.2477,136.9695,270,0,R487,novalue
72,C634,YES,58.1279,126.3574,270,0,R487,novalue
73,R353,YES,201.8513,157.7975,270,0,R487,novalue
74,C2489,YES,376.2223,132.2197,270,0,R487,novalue
75,C654,YES,87.8053,126.3955,270,0,R487,novalue
76,C351,YES,51.3918,72.8497,270,0,R487,novalue
77,R473,YES,56.7665,75.9079,270,0,R487,novalue
78,C238,YES,220.1012,62.4611,270,0,R487,novalue
79,C76,YES,223.9112,62.4611,270,0,R487,novalue
80,C346,YES,47.5818,72.8497,270,0,R487,novalue
81,C614,YES,117.4826,126.4336,270,0,R487,novalue
82,R447,YES,328.3687,61.0235,270,0,R487,novalue
83,R474,YES,229.2833,64.7573,270,0,R487,novalue
84,R27,NO,24.3942,147.9550,0,0,R27,novalue
85,C2926,NO,161.3510,98.6485,0,0,R27,novalue
86,C431,NO,62.3976,168.3918,0,0,R27,novalue
87,R439,NO,43.7490,164.9476,0,0,R27,novalue
88,C408,NO,56.2178,147.9042,0,0,R27,novalue
89,R440,NO,58.8112,169.1132,0,0,R27,novalue
90,C2114,NO,76.4134,58.1660,0,0,R27,novalue
91,R35,NO,36.0121,168.8744,0,0,R27,novalue
92,C2927,NO,161.3510,109.1235,0,0,R27,novalue
93,R36,NO,36.0121,168.0108,0,0,R27,novalue
94,C42,NO,43.7490,164.0789,0,0,R27,novalue
95,C2512,NO,394.3960,133.2992,0,0,R27,novalue
96,C2925,NO,161.3510,103.8860,0,0,R27,novalue
97,R3,NO,43.7490,163.2026,0,0,R27,novalue
98,R224,NO,74.4957,65.9892,0,0,R27,novalue
99,R336,NO,66.2788,171.4754,0,0,R27,novalue
100,R332,NO,65.0088,182.9562,0,0,R27,novalue
101,C2379,NO,15.0800,154.8638,0,0,R27,novalue
102,C2381,NO,15.0724,153.9926,0,0,R27,novalue
103,R339,NO,62.8726,148.3360,0,0,R27,novalue
104,C2525,NO,396.3772,82.3214,0,0,R27,novalue
105,R118,NO,24.3942,147.0660,0,0,R27,novalue
106,C416,NO,294.8026,179.4510,0,0,R27,novalue
107,C2445,NO,59.2938,32.0802,0,0,R27,novalue
108,C415,NO,294.8026,178.5366,0,0,R27,novalue
109,C2597,NO,386.1537,60.8330,0,0,R27,novalue
110,C2596,NO,386.1537,48.8950,0,0,R27,novalue
111,R370,NO,15.0724,153.1264,0,0,R27,novalue
112,R333,NO,57.5158,171.4881,0,0,R27,novalue
113,C2758,NO,386.1537,18.2880,0,0,R27,novalue
114,R331,NO,56.2712,182.9460,0,0,R27,novalue
115,R237,NO,2.9591,148.9558,0,0,R27,novalue
116,R236,NO,2.9591,147.1778,0,0,R27,novalue
117,C233,NO,10.6705,153.2890,0,0,R27,novalue
118,R238,NO,2.9591,142.7582,0,0,R27,novalue
119,R133,NO,2.9591,149.8194,0,0,R27,novalue
120,R136,NO,10.2616,137.0838,0,0,R27,novalue
121,C2524,NO,397.8631,81.5975,90,0,R27,novalue
122,C2444,NO,54.7345,31.2293,90,0,R27,novalue
123,R368,NO,16.3805,154.6733,90,0,R27,novalue
124,C2565,NO,350.7207,22.9870,90,0,R27,novalue
125,C2526,NO,399.5649,123.4821,90,0,R27,novalue
126,R366,NO,17.8791,148.8821,90,0,R27,novalue
127,R367,NO,18.7427,148.8821,90,0,R27,novalue
128,C2557,NO,367.9927,48.5140,90,0,R27,novalue
129,C2513,NO,393.9769,123.8377,90,0,R27,novalue
130,C2772,NO,367.9927,17.9070,90,0,R27,novalue
131,R457,NO,80.3123,182.7657,90,0,R27,novalue
132,R453,NO,91.2343,173.2661,90,0,R27,novalue
133,C2562,NO,350.7207,53.5940,90,0,R27,novalue
134,C2888,NO,136.4717,36.6395,90,0,R27,novalue
135,R454,NO,90.1675,173.2661,90,0,R27,novalue
136,R29,NO,36.5735,148.3944,90,0,R27,novalue
137,C2273,NO,219.3773,102.3087,90,0,R27,novalue
138,R328,NO,53.6067,169.3520,90,0,R27,novalue
139,C2305,NO,248.9530,132.0114,90,0,R27,novalue
140,C2197,NO,91.2571,131.9352,90,0,R27,novalue
141,C2425,NO,202.5117,123.3805,90,0,R27,novalue
142,R225,NO,72.3570,60.8838,90,0,R27,novalue
143,R330,NO,52.7431,169.3520,90,0,R27,novalue
144,C411,NO,47.9196,163.0553,90,0,R27,novalue
145,C2301,NO,234.1067,132.0114,90,0,R27,novalue
146,C2201,NO,76.4235,131.8971,90,0,R27,novalue
147,R122,NO,129.8423,163.2763,90,0,R27,novalue
148,C2285,NO,234.2236,102.3087,90,0,R27,novalue
149,C2205,NO,76.5277,102.2325,90,0,R27,novalue
150,C2373,NO,335.7347,104.2035,90,0,R27,novalue
151,C2368,NO,335.7347,134.0485,90,0,R27,novalue
152,C493,NO,67.8840,157.3403,90,0,R27,novalue
153,C2398,NO,326.5907,107.2515,90,0,R27,novalue
154,C2396,NO,326.5907,137.0965,90,0,R27,novalue
155,C2289,NO,249.0572,102.3468,90,0,R27,novalue
156,C2209,NO,91.3613,102.2706,90,0,R27,novalue
157,C2229,NO,278.6304,132.0495,90,0,R27,novalue
158,C2225,NO,120.9345,131.9733,90,0,R27,novalue
159,C494,NO,47.9196,156.8323,90,0,R27,novalue
160,C559,NO,199.8955,61.4629,90,0,R27,novalue
161,C615,NO,127.6299,119.1387,90,0,R27,novalue
162,C2169,NO,106.1009,131.9352,90,0,R27,novalue
163,C554,NO,27.4803,71.8515,90,0,R27,novalue
164,R31,NO,38.8595,166.8755,90,0,R27,novalue
165,R30,NO,39.6469,165.4277,90,0,R27,novalue
166,R465,NO,200.4543,106.5149,90,0,R27,novalue
167,C153,NO,197.6374,108.4809,90,0,R27,novalue
168,C152,NO,197.6374,112.5449,90,0,R27,novalue
169,C150,NO,186.5884,111.9099,90,0,R27,novalue
170,C635,NO,68.2727,119.0625,90,0,R27,novalue
171,C655,NO,97.9526,119.1006,90,0,R27,novalue
172,C605,NO,225.9686,119.1387,90,0,R27,novalue
173,C625,NO,255.6485,119.1768,90,0,R27,novalue
174,C565,NO,285.3258,119.2149,90,0,R27,novalue
175,C665,NO,315.0057,119.2530,90,0,R27,novalue
176,C148,NO,186.4843,102.5754,90,0,R27,novalue
177,C2234,NO,277.7668,132.0495,90,0,R27,novalue
178,C2170,NO,120.0709,131.9733,90,0,R27,novalue
179,C2230,NO,292.6131,132.0495,90,0,R27,novalue
180,C2226,NO,134.9045,132.0114,90,0,R27,novalue
181,C2290,NO,263.0373,102.3468,90,0,R27,novalue
182,C2210,NO,105.3414,102.2706,90,0,R27,novalue
183,C2286,NO,248.1936,102.3468,90,0,R27,novalue
184,C2206,NO,90.4977,102.2706,90,0,R27,novalue
185,C2302,NO,248.0894,132.0114,90,0,R27,novalue
186,C2202,NO,90.3935,131.9352,90,0,R27,novalue
187,C2306,NO,262.9332,132.0114,90,0,R27,novalue
188,C2198,NO,105.2373,131.9352,90,0,R27,novalue
189,C2274,NO,233.3600,102.3087,90,0,R27,novalue
190,C2194,NO,75.6641,102.2325,90,0,R27,novalue
191,C2270,NO,218.5137,102.3087,90,0,R27,novalue
192,C2190,NO,60.8178,102.2325,90,0,R27,novalue
193,C45,NO,42.9133,157.1473,90,0,R27,novalue
194,C2380,NO,23.3604,154.1170,90,0,R27,novalue
195,R338,NO,67.8917,160.9217,90,0,R27,novalue
196,C358,NO,51.7728,64.8487,90,0,R27,novalue
197,C245,NO,224.2922,54.4601,90,0,R27,novalue
198,C379,NO,220.4822,59.4131,90,0,R27,novalue
199,C375,NO,47.9628,69.8017,90,0,R27,novalue
200,C2443,NO,63.2435,32.7025,90,0,R27,novalue
201,C543,NO,145.0569,102.4712,90,0,R27,novalue
202,C544,NO,156.0424,102.4077,90,0,R27,novalue
203,C548,NO,177.6451,112.5423,90,0,R27,novalue
204,C547,NO,177.6324,102.2807,90,0,R27,novalue
205,C231,NO,15.4432,139.6213,90,0,R27,novalue
206,C2181,NO,61.5772,131.8971,90,0,R27,novalue
207,C2261,NO,219.2731,131.9733,90,0,R27,novalue
208,C2173,NO,106.2050,102.2706,90,0,R27,novalue
209,C2266,NO,218.4095,131.9733,90,0,R27,novalue
210,C2186,NO,60.7136,131.8971,90,0,R27,novalue
211,C2237,NO,263.9009,102.3468,90,0,R27,novalue
212,C2177,NO,121.0386,102.3087,90,0,R27,novalue
213,C2241,NO,278.7345,102.3849,90,0,R27,novalue
214,C2309,NO,308.3103,132.0876,90,0,R27,novalue
215,C2313,NO,293.4767,132.0495,90,0,R27,novalue
216,C2317,NO,293.5808,102.3849,90,0,R27,novalue
217,C2321,NO,308.4144,102.4230,90,0,R27,novalue
218,C2185,NO,46.7436,131.8590,90,0,R27,novalue
219,C2322,NO,322.3844,102.4611,90,0,R27,novalue
220,C2265,NO,204.4395,131.9352,90,0,R27,novalue
221,C2318,NO,307.5508,102.4230,90,0,R27,novalue
222,C2189,NO,46.8478,102.1944,90,0,R27,novalue
223,C2314,NO,307.4467,132.0876,90,0,R27,novalue
224,C2269,NO,204.5437,102.2706,90,0,R27,novalue
225,C2310,NO,322.2803,132.1257,90,0,R27,novalue
226,C2193,NO,61.6814,102.2325,90,0,R27,novalue
227,C2242,NO,292.7172,102.3849,90,0,R27,novalue
228,C2178,NO,135.0086,102.3468,90,0,R27,novalue
229,C2238,NO,277.8709,102.3849,90,0,R27,novalue
230,C2174,NO,120.1750,102.3087,90,0,R27,novalue
231,C2262,NO,233.2431,132.0114,90,0,R27,novalue
232,C2182,NO,75.5599,131.8971,90,0,R27,novalue
233,C2233,NO,263.7968,132.0114,90,0,R27,novalue
234,C2422,NO,206.6392,118.1100,180,0,R27,novalue
235,C2470,NO,143.7996,41.2242,180,0,R27,novalue
236,C2375,NO,329.3212,106.8070,180,0,R27,novalue
237,C2371,NO,329.3212,136.6520,180,0,R27,novalue
238,C2395,NO,148.6002,125.4760,180,0,R27,novalue
239,C2397,NO,36.0782,61.7220,180,0,R27,novalue
240,R116,NO,17.1171,150.2918,180,0,R27,novalue
241,C2372,NO,32.8651,52.5780,180,0,R27,novalue
242,R127,NO,140.2436,45.7124,180,0,R27,novalue
243,R138,NO,134.6302,158.4884,180,0,R27,novalue
244,C2427,NO,235.2777,46.1010,180,0,R27,novalue
245,C2471,NO,142.6820,50.6222,180,0,R27,novalue
246,C2432,NO,172.3111,42.2402,180,0,R27,novalue
247,R485,NO,24.3942,148.8440,180,0,R27,novalue
248,R32,NO,43.7490,162.3263,180,0,R27,novalue
249,C432,NO,51.4756,148.3258,180,0,R27,novalue
250,R468,NO,57.0840,168.3766,180,0,R27,novalue
251,C2505,NO,377.0732,182.2450,180,0,R27,novalue
252,R438,NO,2.9566,144.5006,180,0,R27,novalue
253,C2507,NO,393.3546,136.4234,180,0,R27,novalue
254,R82,NO,199.4916,112.9487,180,0,R27,novalue
255,C497,NO,62.7482,182.9460,180,0,R27,novalue
256,C40,NO,34.8437,150.6068,180,0,R27,novalue
257,C495,NO,54.1122,182.9460,180,0,R27,novalue
258,R33,NO,34.5389,166.3344,180,0,R27,novalue
259,R34,NO,34.5389,167.1980,180,0,R27,novalue
260,C227,NO,2.9591,143.6218,180,0,R27,novalue
261,R131,NO,2.9591,145.3998,180,0,R27,novalue
262,C2504,NO,377.0986,181.3814,180,0,R27,novalue
263,R337,NO,60.9930,148.3106,180,0,R27,novalue
264,C2928,NO,159.1132,101.4882,180,0,R27,novalue
265,C2929,NO,159.1132,106.7283,180,0,R27,novalue
266,C2508,NO,60.5155,86.8197,180,0,R27,novalue
267,R26,NO,24.3942,149.7330,180,0,R27,novalue
268,C2739,NO,355.5467,15.6210,180,0,R27,novalue
269,C2738,NO,355.5467,32.8930,180,0,R27,novalue
270,C2551,NO,355.5467,46.2280,180,0,R27,novalue
271,C2605,NO,391.7417,48.8950,180,0,R27,novalue
272,C2759,NO,386.1537,30.2260,180,0,R27,novalue
273,R132,NO,2.9591,148.0668,180,0,R27,novalue
274,C2536,NO,355.5467,63.5000,180,0,R27,novalue
275,R135,NO,2.9591,146.2888,180,0,R27,novalue
276,C2474,NO,145.8824,40.2463,180,0,R27,novalue
277,R371,NO,20.1016,156.8704,180,0,R27,novalue
278,R22,NO,60.4876,168.3766,180,0,R27,novalue
279,C2138,NO,136.0272,64.6684,270,0,R27,novalue
280,C2121,NO,179.6745,64.7446,270,0,R27,novalue
281,C2298,NO,308.5567,64.7827,270,0,R27,novalue
282,C2117,NO,164.8409,64.7065,270,0,R27,novalue
283,C2142,NO,135.9230,94.3331,270,0,R27,novalue
284,C2282,NO,308.4525,94.4474,270,0,R27,novalue
285,C2146,NO,121.0894,94.3331,270,0,R27,novalue
286,C2278,NO,293.6189,94.4093,270,0,R27,novalue
287,C2133,NO,135.1636,64.6684,270,0,R27,novalue
288,C2246,NO,264.0432,64.7065,270,0,R27,novalue
289,C545,NO,145.0569,104.6302,270,0,R27,novalue
290,C550,NO,177.6451,114.7013,270,0,R27,novalue
291,C2297,NO,322.5267,64.8208,270,0,R27,novalue
292,C2125,NO,179.5704,94.4093,270,0,R27,novalue
293,C2154,NO,106.3473,64.7573,270,0,R27,novalue
294,C2281,NO,322.4225,94.4855,270,0,R27,novalue
295,C2294,NO,293.7231,64.7446,270,0,R27,novalue
296,C2245,NO,278.0132,64.7446,270,0,R27,novalue
297,C2130,NO,150.7668,94.3712,270,0,R27,novalue
298,C2129,NO,164.7368,94.3712,270,0,R27,novalue
299,C2547,NO,367.9927,61.2140,270,0,R27,novalue
300,C2134,NO,121.1936,64.7954,270,0,R27,novalue
301,C2150,NO,91.5137,64.7192,270,0,R27,novalue
302,C2563,NO,350.7207,56.1340,270,0,R27,novalue
303,C2250,NO,278.8768,64.7446,270,0,R27,novalue
304,C2158,NO,106.2431,94.3331,270,0,R27,novalue
305,C2254,NO,278.7726,94.4093,270,0,R27,novalue
306,C2221,NO,90.6399,64.7192,270,0,R27,novalue
307,R274,NO,200.3781,57.5259,270,0,R27,novalue
308,R263,NO,27.8613,67.9145,270,0,R27,novalue
309,C2293,NO,307.6931,64.7827,270,0,R27,novalue
310,C2564,NO,350.7207,25.5270,270,0,R27,novalue
311,C2137,NO,150.0073,64.6684,270,0,R27,novalue
312,C546,NO,156.0424,104.5667,270,0,R27,novalue
313,C2773,NO,367.9927,30.6070,270,0,R27,novalue
314,C2118,NO,150.8709,64.6684,270,0,R27,novalue
315,C2430,NO,168.5011,38.1127,270,0,R27,novalue
316,C2258,NO,263.9390,94.3712,270,0,R27,novalue
317,C362,NO,47.9628,68.0237,270,0,R27,novalue
318,C2166,NO,59.0677,64.6608,270,0,R27,novalue
319,C2141,NO,149.8930,94.3712,270,0,R27,novalue
320,C2145,NO,135.0594,94.3331,270,0,R27,novalue
321,R369,NO,16.4313,152.1333,270,0,R27,novalue
322,C2930,NO,159.5069,112.5880,270,0,R27,novalue
323,C343,NO,220.4822,57.6351,270,0,R27,novalue
324,C2338,NO,234.3658,64.6684,270,0,R27,novalue
325,C2222,NO,77.2922,64.7624,270,0,R27,novalue
326,C2330,NO,249.1994,64.7065,270,0,R27,novalue
327,C2277,NO,307.5889,94.4474,270,0,R27,novalue
328,C2126,NO,165.6004,94.4093,270,0,R27,novalue
329,C2503,NO,395.0691,145.8849,270,0,R27,novalue
330,R340,NO,67.8688,162.8115,270,0,R27,novalue
331,C2509,NO,229.4941,79.2988,270,0,R27,novalue
332,C2214,NO,76.5658,94.2950,270,0,R27,novalue
333,C2149,NO,105.4837,64.7573,270,0,R27,novalue
334,C2502,NO,397.6091,145.9103,270,0,R27,novalue
335,R115,NO,23.3705,152.4457,270,0,R27,novalue
336,C184,NO,321.2059,181.2112,270,0,R27,novalue
337,C282,NO,322.0695,181.2112,270,0,R27,novalue
338,C2153,NO,120.3173,64.7954,270,0,R27,novalue
339,R329,NO,51.8795,169.3520,270,0,R27,novalue
340,C2326,NO,249.0953,94.3712,270,0,R27,novalue
341,C2218,NO,61.6814,94.2569,270,0,R27,novalue
342,R327,NO,54.4703,169.3520,270,0,R27,novalue
343,C2249,NO,292.8595,64.7446,270,0,R27,novalue
344,C2253,NO,292.7553,94.4093,270,0,R27,novalue
345,C2157,NO,120.2131,94.3331,270,0,R27,novalue
346,R28,NO,40.4089,166.8755,270,0,R27,novalue
347,C2161,NO,105.3795,94.2950,270,0,R27,novalue
348,C2165,NO,72.8193,64.7065,270,0,R27,novalue
349,C2257,NO,277.9090,94.4093,270,0,R27,novalue
350,C685,NO,241.6378,77.5411,270,0,R27,novalue
351,C2334,NO,234.2617,94.3331,270,0,R27,novalue
352,C151,NO,186.5884,108.4809,270,0,R27,novalue
353,C2423,NO,231.4677,41.9735,270,0,R27,novalue
354,C645,NO,300.9976,77.6173,270,0,R27,novalue
355,C585,NO,271.3177,77.5792,270,0,R27,novalue
356,C2884,NO,186.6367,114.6683,270,0,R27,novalue
357,C2337,NO,248.3358,64.7065,270,0,R27,novalue
358,C2329,NO,263.1796,64.7065,270,0,R27,novalue
359,C2213,NO,90.5358,94.2950,270,0,R27,novalue
360,C2162,NO,91.4095,94.2950,270,0,R27,novalue
361,C675,NO,69.0601,77.5411,270,0,R27,novalue
362,C2325,NO,263.0754,94.3712,270,0,R27,novalue
363,C2900,NO,76.4007,65.4177,270,0,R27,novalue
364,C595,NO,98.7882,77.5919,270,0,R27,novalue
365,C2523,NO,89.0499,173.2661,270,0,R27,novalue
366,C2105,NO,324.5841,164.0713,270,0,R27,novalue
367,C553,NO,28.4963,71.8515,270,0,R27,novalue
368,C575,NO,128.4656,77.5030,270,0,R27,novalue
369,C440,NO,158.1455,77.5411,270,0,R27,novalue
370,C558,NO,201.0131,61.4629,270,0,R27,novalue
371,C2217,NO,75.7022,94.2569,270,0,R27,novalue
372,C410,NO,67.8840,165.5953,270,0,R27,novalue
373,C2370,NO,148.1557,122.7455,270,0,R27,novalue
374,C2374,NO,35.6337,58.9915,270,0,R27,novalue
375,C2369,NO,149.4257,116.7765,270,0,R27,novalue
376,R480,NO,67.8967,150.9090,270,0,R27,novalue
377,C2333,NO,248.2317,94.3712,270,0,R27,novalue
378,R222,NO,127.2007,40.9575,270,0,R27,novalue
379,C549,NO,177.6324,104.4397,270,0,R27,novalue
380,C2122,NO,165.7045,64.7065,270,0,R27,novalue
381,C2515,NO,396.3391,145.9103,270,0,R27,novalue
382,U9,NO,31.2483,147.2692,0,0,U9,novalue
383,U5,NO,57.9298,158.3665,0,0,U5,novalue
384,Q10,NO,321.9679,41.2750,0,0,Q10,novalue
385,Q24,NO,94.1299,173.2788,0,0,Q10,novalue
386,Q18,NO,400.5809,126.6444,0,0,Q10,novalue
387,Q1,NO,75.4355,55.5422,0,0,Q10,novalue
388,Q4,NO,400.7079,81.5594,90,0,Q10,novalue
389,Q21,NO,400.7079,86.7410,90,0,Q10,novalue
390,Q15,NO,147.6477,130.9370,90,0,Q10,novalue
391,Q2,NO,44.9301,159.9895,90,0,Q10,novalue
392,Q26,NO,94.1045,177.5460,180,0,Q10,novalue
393,Q25,NO,89.3801,176.1744,270,0,Q10,novalue
394,Q22,NO,394.4849,84.8614,270,0,Q10,novalue
395,Q20,NO,393.5298,70.3910,270,0,Q10,novalue
396,U58,NO,325.6890,44.9580,0,0,U58,novalue
397,U60,NO,153.1214,130.8100,0,0,U58,novalue
398,R478,NO,134.2492,35.8140,0,1,R478,
399,U67,NO,141.8692,36.6166,0,0,U67,novalue
400,U42,NO,321.3735,150.9598,270,0,U67,novalue
401,R479,NO,137.6147,36.6395,0,1,R479,
402,J21,NO,7.2898,98.0465,0,0,J21,novalue
403,C2890,NO,30.6172,132.9690,0,0,R478,novalue
404,C32,NO,348.0537,139.9311,0,0,R478,novalue
405,C377,NO,223.6572,63.4771,0,0,R478,novalue
406,C345,NO,223.6572,65.1281,0,0,R478,novalue
407,C2390,NO,120.0252,47.6250,0,0,R478,novalue
408,C2899,NO,120.0252,48.8950,0,0,R478,novalue
409,C344,NO,223.6572,61.6991,0,0,R478,novalue
410,C2897,NO,122.9462,49.9872,0,0,R478,novalue
411,C2898,NO,122.9462,51.3080,0,0,R478,novalue
412,C370,NO,51.1378,72.0877,0,0,R478,novalue
413,C366,NO,51.1378,73.8657,0,0,R478,novalue
414,C2391,NO,74.5211,64.9478,0,0,R478,novalue
415,C368,NO,51.1378,75.5167,0,0,R478,novalue
416,C481,NO,381.9906,122.2756,0,0,R478,novalue
417,C467,NO,371.9576,139.8626,0,0,R478,novalue
418,C452,NO,370.1796,153.9443,0,0,R478,novalue
419,C2550,NO,355.5467,45.1866,0,0,R478,novalue
420,C2839,NO,197.6476,146.7104,0,0,R478,novalue
421,C2718,NO,181.6456,146.7104,0,0,R478,novalue
422,C2719,NO,162.7226,146.7104,0,0,R478,novalue
423,C2734,NO,355.5467,33.9344,0,0,R478,novalue
424,C2735,NO,355.5467,14.5796,0,0,R478,novalue
425,C164,NO,358.0867,122.3391,0,0,R478,novalue
426,C2720,NO,146.7206,146.7104,0,0,R478,novalue
427,C2086,NO,173.4922,171.0690,0,0,R478,novalue
428,C2566,NO,391.7417,46.4820,0,0,R478,novalue
429,C2840,NO,386.1537,32.6390,0,0,R478,novalue
430,C2755,NO,386.1537,31.3690,0,0,R478,novalue
431,C2531,NO,355.5467,64.5414,0,0,R478,novalue
432,C229,NO,10.6705,154.3279,0,0,R478,novalue
433,C226,NO,7.7216,137.1244,0,0,R478,novalue
434,R216,NO,125.3592,35.5600,0,0,R478,novalue
435,C26,NO,346.2757,154.0078,0,0,R478,novalue
436,C2603,NO,391.7417,47.7520,0,0,R478,novalue
437,C2450,NO,369.0341,61.2140,90,0,R478,novalue
438,C2741,NO,371.0915,36.0680,90,0,R478,novalue
439,R364,NO,55.7759,31.2293,90,0,R478,novalue
440,R399,NO,56.9824,29.3751,90,0,R478,novalue
441,C23,NO,207.0837,151.7015,90,0,R478,novalue
442,C2766,NO,369.0341,30.6070,90,0,R478,novalue
443,C2537,NO,371.3455,66.6750,90,0,R478,novalue
444,C2386,NO,124.9147,40.7035,90,0,R478,novalue
445,C41,NO,30.3352,162.1384,90,0,R478,novalue
446,C147,NO,185.4454,102.1944,90,0,R478,novalue
447,C2639,NO,407.9977,78.9940,90,0,R478,novalue
448,C2359,NO,185.4937,133.6675,90,0,R478,novalue
449,C686,NO,248.4425,67.6935,90,0,R478,novalue
450,C586,NO,278.1198,67.7316,90,0,R478,novalue
451,C646,NO,307.7997,67.7697,90,0,R478,novalue
452,C2635,NO,407.9977,84.0740,90,0,R478,novalue
453,C2631,NO,397.8377,84.0740,90,0,R478,novalue
454,C2630,NO,397.8377,78.9940,90,0,R478,novalue
455,C2633,NO,407.9977,73.9140,90,0,R478,novalue
456,C676,NO,75.8622,67.6935,90,0,R478,novalue
457,C596,NO,105.5903,67.7443,90,0,R478,novalue
458,C576,NO,135.2702,67.6554,90,0,R478,novalue
459,C442,NO,164.9476,67.6935,90,0,R478,novalue
460,C2629,NO,397.8377,73.9140,90,0,R478,novalue
461,C2662,NO,407.9977,68.8340,90,0,R478,novalue
462,C2628,NO,397.8377,68.8340,90,0,R478,novalue
463,C2661,NO,407.9977,63.7540,90,0,R478,novalue
464,C2627,NO,397.8377,63.7540,90,0,R478,novalue
465,C2660,NO,407.9977,58.6740,90,0,R478,novalue
466,C2626,NO,397.8377,58.6740,90,0,R478,novalue
467,C2659,NO,407.9977,53.5940,90,0,R478,novalue
468,C2625,NO,397.8377,53.5940,90,0,R478,novalue
469,C2348,NO,163.7335,67.6935,90,0,R478,novalue
470,C2350,NO,276.9057,67.7316,90,0,R478,novalue
471,C2345,NO,134.0561,67.6554,90,0,R478,novalue
472,C2346,NO,104.3762,67.7443,90,0,R478,novalue
473,C2358,NO,247.2284,67.6935,90,0,R478,novalue
474,C2355,NO,306.5856,67.7697,90,0,R478,novalue
475,C2347,NO,74.6481,67.6935,90,0,R478,novalue
476,C2658,NO,407.9977,48.5140,90,0,R478,novalue
477,C2657,NO,407.9977,43.4340,90,0,R478,novalue
478,C683,NO,240.5609,77.7951,90,0,R478,novalue
479,C583,NO,270.2382,77.8332,90,0,R478,novalue
480,C643,NO,299.9156,77.8713,90,0,R478,novalue
481,C2656,NO,407.9977,38.3540,90,0,R478,novalue
482,C2652,NO,397.8377,38.3540,90,0,R478,novalue
483,C2655,NO,407.9977,33.2740,90,0,R478,novalue
484,C2654,NO,407.9977,28.1940,90,0,R478,novalue
485,C2624,NO,397.8377,28.1940,90,0,R478,novalue
486,C2664,NO,407.9977,89.1540,90,0,R478,novalue
487,C2690,NO,397.8377,89.1540,90,0,R478,novalue
488,C673,NO,67.9780,77.7951,90,0,R478,novalue
489,C593,NO,97.7087,77.8459,90,0,R478,novalue
490,C573,NO,127.3886,77.7570,90,0,R478,novalue
491,C438,NO,157.0660,77.7951,90,0,R478,novalue
492,C2567,NO,374.8507,64.7700,90,0,R478,novalue
493,C2736,NO,374.8507,34.1630,90,0,R478,novalue
494,C228,NO,14.4043,139.2403,90,0,R478,novalue
495,R137,NO,16.4846,139.1793,90,0,R478,novalue
496,C657,NO,89.3166,128.9761,90,0,R478,novalue
497,C617,NO,118.9939,129.0142,90,0,R478,novalue
498,C607,NO,217.3326,129.0142,90,0,R478,novalue
499,C627,NO,247.0125,129.0523,90,0,R478,novalue
500,C567,NO,276.6898,129.0904,90,0,R478,novalue
501,C667,NO,306.3697,129.1285,90,0,R478,novalue
502,C2571,NO,386.1537,46.4820,180,0,R478,novalue
503,C2895,NO,125.4862,50.0380,180,0,R478,novalue
504,C2894,NO,125.4862,51.3080,180,0,R478,novalue
505,C30,NO,360.7537,139.9311,180,0,R478,novalue
506,C22,NO,173.7462,146.6850,180,0,R478,novalue
507,C2089,NO,170.6982,146.6850,180,0,R478,novalue
508,C161,NO,350.7207,122.3391,180,0,R478,novalue
509,C2084,NO,170.6982,171.0690,180,0,R478,novalue
510,R212,NO,122.6922,35.5600,180,0,R478,novalue
511,R456,NO,82.3189,175.1076,180,0,R478,novalue
512,C477,NO,374.6246,122.2756,180,0,R478,novalue
513,C225,NO,12.7762,137.1194,180,0,R478,novalue
514,C453,NO,384.6576,139.8626,180,0,R478,novalue
515,C2510,NO,321.9044,37.2618,180,0,R478,novalue
516,C21,NO,189.6466,146.7104,180,0,R478,novalue
517,C2099,NO,154.7216,146.7104,180,0,R478,novalue
518,C2754,NO,386.1537,17.1450,180,0,R478,novalue
519,C2729,NO,386.1537,15.8750,180,0,R478,novalue
520,C505,NO,349.8317,21.5392,180,0,R478,novalue
521,C506,NO,349.8317,57.5818,180,0,R478,novalue
522,C2570,NO,386.1537,61.9760,180,0,R478,novalue
523,C2593,NO,386.1537,47.7520,180,0,R478,novalue
524,C507,NO,349.8317,52.1462,180,0,R478,novalue
525,C504,NO,349.8317,26.9748,180,0,R478,novalue
526,C2592,NO,386.1537,63.2460,180,0,R478,novalue
527,C278,NO,374.8507,45.2120,270,0,R478,novalue
528,C2382,NO,123.3907,37.5285,270,0,R478,novalue
529,C666,NO,308.2011,129.1006,270,0,R478,novalue
530,C597,NO,107.4242,67.7443,270,0,R478,novalue
531,C2746,NO,402.9177,94.2340,270,0,R478,novalue
532,C677,NO,77.6961,67.6605,270,0,R478,novalue
533,C633,NO,69.3522,118.8085,270,0,R478,novalue
534,C2676,NO,413.0777,89.1540,270,0,R478,novalue
535,C2663,NO,402.9177,89.1540,270,0,R478,novalue
536,C2665,NO,392.7577,23.1140,270,0,R478,novalue
537,C2638,NO,392.7577,28.1940,270,0,R478,novalue
538,C653,NO,99.0321,118.8466,270,0,R478,novalue
539,C2689,NO,402.9177,28.1940,270,0,R478,novalue
540,C613,NO,128.7094,118.8847,270,0,R478,novalue
541,C2710,NO,413.0777,28.1940,270,0,R478,novalue
542,C603,NO,227.0481,118.8847,270,0,R478,novalue
543,C2636,NO,392.7577,33.2740,270,0,R478,novalue
544,C623,NO,256.7280,118.9228,270,0,R478,novalue
545,C2686,NO,402.9177,33.2740,270,0,R478,novalue
546,C563,NO,286.4053,118.9609,270,0,R478,novalue
547,C2709,NO,413.0777,33.2740,270,0,R478,novalue
548,C2688,NO,392.7577,38.3540,270,0,R478,novalue
549,C2687,NO,402.9177,38.3540,270,0,R478,novalue
550,C2708,NO,413.0777,38.3540,270,0,R478,novalue
551,C2429,NO,173.0477,133.5405,270,0,R478,novalue
552,C663,NO,316.0852,118.9990,270,0,R478,novalue
553,C441,NO,166.7815,67.6935,270,0,R478,novalue
554,C2085,NO,207.0837,166.3065,270,0,R478,novalue
555,C656,NO,92.3620,128.9482,270,0,R478,novalue
556,C2706,NO,413.0777,48.5140,270,0,R478,novalue
557,C637,NO,59.6367,128.9126,270,0,R478,novalue
558,C2354,NO,62.6847,128.9101,270,0,R478,novalue
559,C2700,NO,402.9177,53.5940,270,0,R478,novalue
560,C2705,NO,413.0777,53.5940,270,0,R478,novalue
561,C2352,NO,122.0419,128.9863,270,0,R478,novalue
562,C2701,NO,402.9177,58.6740,270,0,R478,novalue
563,C2351,NO,220.3806,128.9863,270,0,R478,novalue
564,C2353,NO,250.0605,129.0244,270,0,R478,novalue
565,C2673,NO,402.9177,63.7540,270,0,R478,novalue
566,C2349,NO,279.7378,129.0625,270,0,R478,novalue
567,C2703,NO,413.0777,63.7540,270,0,R478,novalue
568,C2357,NO,309.4152,129.1006,270,0,R478,novalue
569,C636,NO,61.4705,128.9101,270,0,R478,novalue
570,C2674,NO,402.9177,68.8340,270,0,R478,novalue
571,C2702,NO,413.0777,68.8340,270,0,R478,novalue
572,C2356,NO,91.1479,128.9482,270,0,R478,novalue
573,C616,NO,120.8278,128.9863,270,0,R478,novalue
574,C2672,NO,413.0777,73.9140,270,0,R478,novalue
575,C606,NO,219.1664,128.9863,270,0,R478,novalue
576,C2666,NO,402.9177,78.9940,270,0,R478,novalue
577,C2671,NO,413.0777,78.9940,270,0,R478,novalue
578,C626,NO,248.8463,129.0244,270,0,R478,novalue
579,C566,NO,278.5237,129.0625,270,0,R478,novalue
580,C2667,NO,402.9177,84.0740,270,0,R478,novalue
581,C2670,NO,413.0777,84.0740,270,0,R478,novalue
582,C577,NO,137.1016,67.6554,270,0,R478,novalue
583,C687,NO,250.2738,67.6656,270,0,R478,novalue
584,C2767,NO,369.0341,17.9070,270,0,R478,novalue
585,C2451,NO,369.0341,48.5140,270,0,R478,novalue
586,C2727,NO,374.8507,14.6050,270,0,R478,novalue
587,R140,NO,22.3571,147.6832,270,0,R478,novalue
588,C2742,NO,371.4217,13.3985,270,0,R478,novalue
589,C2552,NO,371.0915,42.9260,270,0,R478,novalue
590,C2682,NO,413.0777,58.6105,270,0,R478,novalue
591,C2088,NO,137.2337,151.7015,270,0,R478,novalue
592,C2707,NO,413.0777,43.4340,270,0,R478,novalue
593,C2511,NO,143.8377,131.0005,270,0,R478,novalue
594,C647,NO,309.6336,67.7418,270,0,R478,novalue
595,C2514,NO,396.4915,123.3297,270,0,R478,novalue
596,C2087,NO,137.2337,166.3065,270,0,R478,novalue
597,C2623,NO,402.9177,48.5140,270,0,R478,novalue
598,C2651,NO,402.9177,43.4340,270,0,R478,novalue
599,C2383,NO,124.6607,37.5285,270,0,R478,novalue
600,C2387,NO,127.8357,46.5455,270,0,R478,novalue
601,C2896,NO,129.0549,46.5455,270,0,R478,novalue
602,C44,NO,43.9522,156.7536,270,0,R478,novalue
603,R139,NO,21.1150,147.6959,270,0,R478,novalue
604,C149,NO,181.9021,109.4994,270,0,R478,novalue
605,C43,NO,30.3352,159.4714,270,0,R478,novalue
606,C587,NO,279.9537,67.7037,270,0,R478,novalue
607,L16,NO,33.7287,136.5809,0,0,L16,novalue
608,C2893,NO,31.6382,122.7836,0,0,C2893,novalue
609,C2892,NO,31.6382,128.6510,0,0,C2893,novalue
610,C11,NO,188.6687,134.1704,90,0,C2893,novalue
611,C15,NO,169.8727,133.6726,270,0,C2893,novalue
612,C17,NO,164.7927,133.6726,270,0,C2893,novalue
613,C2891,NO,25.6007,135.9586,270,0,C2893,novalue
614,C2901,NO,76.2483,58.9026,0,0,C2901,novalue
615,C2115,NO,76.2991,64.2620,0,0,C2901,novalue
616,C2106,NO,323.8221,164.4396,270,0,C2901,novalue
617,EU5,NO,124.2289,45.3136,0,0,EU5,novalue
618,C2889,NO,134.1857,37.4650,0,0,C2889,novalue
619,C2472,NO,143.3805,39.7764,0,0,C2889,novalue
620,C557,NO,197.9651,59.3039,0,0,C2889,novalue
621,C496,NO,25.4483,69.6925,0,0,C2889,novalue
622,C77,NO,218.5721,58.0695,90,0,C2889,novalue
623,C350,NO,46.0553,68.4581,90,0,C2889,novalue
624,C2473,NO,145.1585,50.6222,180,0,C2889,novalue
625,C2887,NO,146.5047,36.5760,270,0,C2889,novalue
626,EU8,NO,75.1662,61.5696,0,0,EU8,novalue
627,EU91,NO,320.2153,162.6489,270,0,EU8,novalue
628,U46,NO,200.8086,76.8248,0,0,U46,novalue
629,U13,NO,28.2905,87.2134,0,0,U46,novalue
630,U99,NO,192.1586,109.4689,0,0,U99,novalue
631,R476,YES,195.0187,105.0417,0,0,R476,novalue
632,C300,YES,200.8429,73.5381,0,0,R476,novalue
633,R471,YES,55.2272,162.4051,0,0,R476,novalue
634,C914,YES,98.2091,133.2586,0,0,R476,novalue
635,C871,YES,62.1665,139.0498,0,0,R476,novalue
636,C867,YES,72.8599,131.5136,0,0,R476,novalue
637,R425,YES,320.5455,39.5859,0,0,R476,novalue
638,C1365,YES,78.6765,138.2116,0,0,R476,novalue
639,C918,YES,77.0128,139.0498,0,0,R476,novalue
640,C905,YES,91.8464,139.0879,0,0,R476,novalue
641,C836,YES,103.1926,64.3103,0,0,R476,novalue
642,C932,YES,87.7011,131.5085,0,0,R476,novalue
643,C2064,YES,106.6902,139.0879,0,0,R476,novalue
644,C814,YES,96.4870,63.3959,0,0,R476,novalue
645,C832,YES,111.3206,63.4340,0,0,R476,novalue
646,C2496,YES,360.4997,128.3335,0,0,R476,novalue
647,C1125,YES,108.3539,138.2497,0,0,R476,novalue
648,C873,YES,68.5292,133.2205,0,0,R476,novalue
649,C936,YES,83.3755,133.2205,0,0,R476,novalue
650,C1835,YES,253.6114,111.1225,0,0,R476,novalue
651,C1206,YES,110.4290,63.4390,0,0,R476,novalue
652,C2491,YES,384.3757,128.3335,0,0,R476,novalue
653,C396,YES,200.8353,75.3694,0,0,R476,novalue
654,R228,YES,355.5517,58.8061,0,0,R476,novalue
655,C909,YES,102.5093,131.5339,0,0,R476,novalue
656,C876,YES,47.3329,139.0117,0,0,R476,novalue
657,C882,YES,53.6956,133.1824,0,0,R476,novalue
658,C1319,YES,48.9966,138.1735,0,0,R476,novalue
659,C880,YES,58.0111,131.4882,0,0,R476,novalue
660,C1992,YES,310.4515,109.5756,0,0,R476,novalue
661,C1401,YES,101.1453,133.2916,0,0,R476,novalue
662,C851,YES,113.0529,133.2586,0,0,R476,novalue
663,C860,YES,132.2146,131.5847,0,0,R476,novalue
664,C1974,YES,315.3664,103.7463,0,0,R476,novalue
665,C1978,YES,295.6179,109.5375,0,0,R476,novalue
666,C993,YES,280.7716,109.5375,0,0,R476,novalue
667,C979,YES,265.9380,109.4994,0,0,R476,novalue
668,C1956,YES,251.0942,109.4994,0,0,R476,novalue
669,C855,YES,121.5238,139.1260,0,0,R476,novalue
670,C864,YES,127.8865,133.2967,0,0,R476,novalue
671,C2038,YES,130.8227,133.3297,0,0,R476,novalue
672,C702,YES,117.3810,131.5466,0,0,R476,novalue
673,C729,YES,236.2175,139.1082,0,0,R476,novalue
674,C1477,YES,238.0971,138.2954,0,0,R476,novalue
675,C1040,YES,221.3585,139.1082,0,0,R476,novalue
676,C670,YES,80.6806,82.0522,0,0,R476,novalue
677,C590,YES,110.4113,82.1055,0,0,R476,novalue
678,C570,YES,140.0886,82.0166,0,0,R476,novalue
679,C435,YES,169.7660,82.0547,0,0,R476,novalue
680,C580,YES,282.9382,82.0928,0,0,R476,novalue
681,C640,YES,312.6181,82.1309,0,0,R476,novalue
682,C1734,YES,208.4299,138.2954,0,0,R476,novalue
683,C1053,YES,206.4995,139.0574,0,0,R476,novalue
684,C680,YES,253.2609,82.0547,0,0,R476,novalue
685,C1051,YES,206.5807,109.4232,0,0,R476,novalue
686,C1071,YES,211.3915,133.2586,0,0,R476,novalue
687,C1067,YES,215.7197,131.5466,0,0,R476,novalue
688,C1044,YES,230.5533,131.5847,0,0,R476,novalue
689,C1049,YES,226.2251,133.2967,0,0,R476,novalue
690,C1769,YES,229.1613,133.3297,0,0,R476,novalue
691,C630,YES,56.6522,125.9840,0,0,R476,novalue
692,C629,YES,61.9227,125.9840,0,0,R476,novalue
693,C628,YES,62.8752,125.9840,0,0,R476,novalue
694,C651,YES,86.3321,126.0221,0,0,R476,novalue
695,C649,YES,92.5551,126.0221,0,0,R476,novalue
696,C648,YES,91.6026,126.0221,0,0,R476,novalue
697,C611,YES,116.0094,126.0602,0,0,R476,novalue
698,C609,YES,122.2324,126.0602,0,0,R476,novalue
699,C608,YES,121.2799,126.0602,0,0,R476,novalue
700,C599,YES,220.8251,126.2888,0,0,R476,novalue
701,C598,YES,219.8726,126.2888,0,0,R476,novalue
702,C601,YES,214.3481,126.0602,0,0,R476,novalue
703,C621,YES,244.0280,126.0983,0,0,R476,novalue
704,C618,YES,249.7557,126.1491,0,0,R476,novalue
705,C561,YES,273.7053,126.1364,0,0,R476,novalue
706,C619,YES,250.7082,126.1491,0,0,R476,novalue
707,C425,YES,280.3855,126.1872,0,0,R476,novalue
708,C661,YES,303.3852,126.1745,0,0,R476,novalue
709,C659,YES,310.0654,126.2253,0,0,R476,novalue
710,C388,YES,279.4330,126.1872,0,0,R476,novalue
711,C658,YES,309.1129,126.2253,0,0,R476,novalue
712,C1962,YES,241.0714,133.2967,0,0,R476,novalue
713,C1873,YES,319.7708,105.0823,0,0,R476,novalue
714,C1874,YES,312.4403,104.8029,0,0,R476,novalue
715,C1890,YES,297.6067,104.7648,0,0,R476,novalue
716,C1889,YES,304.9372,105.0442,0,0,R476,novalue
717,C1806,YES,303.1515,90.3173,0,0,R476,novalue
718,C1807,YES,298.0969,90.2030,0,0,R476,novalue
719,C1950,YES,243.7943,90.2411,0,0,R476,novalue
720,C1951,YES,238.5111,90.1268,0,0,R476,novalue
721,C1934,YES,253.5733,90.1624,0,0,R476,novalue
722,C1935,YES,258.6279,90.2792,0,0,R476,novalue
723,C1726,YES,273.4716,90.2792,0,0,R476,novalue
724,C1727,YES,268.4170,90.1624,0,0,R476,novalue
725,C1711,YES,288.3052,90.3173,0,0,R476,novalue
726,C1710,YES,283.2506,90.2030,0,0,R476,novalue
727,C1535,YES,317.9851,90.3554,0,0,R476,novalue
728,C1534,YES,312.9305,90.2386,0,0,R476,novalue
729,C1519,YES,318.3915,60.6908,0,0,R476,novalue
730,C1518,YES,312.5241,60.6273,0,0,R476,novalue
731,C1471,YES,297.6905,60.5892,0,0,R476,novalue
732,C1470,YES,303.6849,60.6527,0,0,R476,novalue
733,C1695,YES,288.8412,60.6527,0,0,R476,novalue
734,C1694,YES,282.8468,60.5892,0,0,R476,novalue
735,C1679,YES,268.0132,60.5511,0,0,R476,novalue
736,C1678,YES,274.0076,60.6146,0,0,R476,novalue
737,C1919,YES,238.3612,60.5130,0,0,R476,novalue
738,C1918,YES,244.3302,60.5765,0,0,R476,novalue
739,C2060,YES,259.1638,60.6146,0,0,R476,novalue
740,C2059,YES,253.1694,60.5511,0,0,R476,novalue
741,C1994,YES,304.7441,131.6609,0,0,R476,novalue
742,C1980,YES,295.5646,139.1768,0,0,R476,novalue
743,C1845,YES,297.5077,138.3640,0,0,R476,novalue
744,C968,YES,280.7183,139.1768,0,0,R476,novalue
745,C964,YES,88.3488,64.3357,0,0,R476,novalue
746,C1644,YES,268.4577,111.1225,0,0,R476,novalue
747,C1430,YES,80.7491,63.4263,0,0,R476,novalue
748,C958,YES,81.6432,63.4213,0,0,R476,novalue
749,C1820,YES,238.7778,111.0869,0,0,R476,novalue
750,C981,YES,265.8847,139.1387,0,0,R476,novalue
751,C1985,YES,300.5328,103.7082,0,0,R476,novalue
752,C975,YES,285.6865,103.7082,0,0,R476,novalue
753,C986,YES,270.8529,103.6701,0,0,R476,novalue
754,C723,YES,256.0091,103.6701,0,0,R476,novalue
755,C727,YES,236.2606,109.4613,0,0,R476,novalue
756,C1065,YES,221.4143,109.4613,0,0,R476,novalue
757,C1605,YES,267.8278,138.3259,0,0,R476,novalue
758,C716,YES,251.0409,139.1387,0,0,R476,novalue
759,C1958,YES,245.4097,131.5847,0,0,R476,novalue
760,C720,YES,260.2433,131.6355,0,0,R476,novalue
761,C725,YES,255.9050,133.3348,0,0,R476,novalue
762,C395,YES,200.8429,78.0923,0,0,R476,novalue
763,C838,YES,118.0262,64.3484,0,0,R476,novalue
764,C122,YES,28.3261,83.9267,0,0,R476,novalue
765,C1659,YES,283.2913,111.1631,0,0,R476,novalue
766,C188,YES,28.3185,85.7580,0,0,R476,novalue
767,C187,YES,28.3235,88.4809,0,0,R476,novalue
768,C1633,YES,290.0909,105.0442,0,0,R476,novalue
769,C1634,YES,282.7630,104.7648,0,0,R476,novalue
770,C1787,YES,223.9340,111.0869,0,0,R476,novalue
771,C1602,YES,267.9294,104.7267,0,0,R476,novalue
772,C1809,YES,260.4135,105.0061,0,0,R476,novalue
773,C1810,YES,253.0831,104.7267,0,0,R476,novalue
774,C1474,YES,238.2495,104.6886,0,0,R476,novalue
775,C1761,YES,230.7336,104.9680,0,0,R476,novalue
776,C1762,YES,223.4057,104.6886,0,0,R476,novalue
777,C1729,YES,215.9000,104.9299,0,0,R476,novalue
778,C1745,YES,215.7959,134.5946,0,0,R476,novalue
779,C1778,YES,223.3016,134.3533,0,0,R476,novalue
780,C1777,YES,230.6295,134.6327,0,0,R476,novalue
781,C1490,YES,238.1479,134.3533,0,0,R476,novalue
782,C1473,YES,245.5799,104.9680,0,0,R476,novalue
783,C1489,YES,245.4758,134.6327,0,0,R476,novalue
784,C1825,YES,260.3094,134.6708,0,0,R476,novalue
785,C1650,YES,282.6588,134.4295,0,0,R476,novalue
786,C1649,YES,289.9893,134.7089,0,0,R476,novalue
787,C1858,YES,297.5026,134.4295,0,0,R476,novalue
788,C1857,YES,304.8330,134.7089,0,0,R476,novalue
789,C1842,YES,312.3362,134.4676,0,0,R476,novalue
790,C1746,YES,208.4680,134.3152,0,0,R476,novalue
791,C1826,YES,252.9815,134.3914,0,0,R476,novalue
792,C1618,YES,267.8252,134.3914,0,0,R476,novalue
793,C1617,YES,275.1557,134.6708,0,0,R476,novalue
794,C1730,YES,208.5721,104.6505,0,0,R476,novalue
795,C1817,YES,258.8412,133.3678,0,0,R476,novalue
796,C995,YES,275.0515,131.6355,0,0,R476,novalue
797,C999,YES,270.7488,133.3348,0,0,R476,novalue
798,C972,YES,289.8851,131.6609,0,0,R476,novalue
799,C977,YES,285.5824,133.3729,0,0,R476,novalue
800,C1641,YES,288.5186,133.4059,0,0,R476,novalue
801,C1998,YES,300.4287,133.3729,0,0,R476,novalue
802,C1967,YES,310.3982,139.2149,0,0,R476,novalue
803,C1971,YES,319.5879,131.6990,0,0,R476,novalue
804,C1976,YES,315.2623,133.4110,0,0,R476,novalue
805,C1085,YES,241.1755,103.6320,0,0,R476,novalue
806,C1047,YES,226.3292,103.6320,0,0,R476,novalue
807,C1058,YES,211.4956,103.5939,0,0,R476,novalue
808,C858,YES,132.2908,101.9073,0,0,R476,novalue
809,C700,YES,121.6279,109.4613,0,0,R476,novalue
810,C2116,YES,123.2103,110.6043,0,0,R476,novalue
811,C1881,YES,318.1985,133.4440,0,0,R476,novalue
812,C862,YES,127.9906,103.6320,0,0,R476,novalue
813,R346,YES,27.9476,80.2335,0,0,R476,novalue
814,C1841,YES,319.6666,134.7470,0,0,R476,novalue
815,R348,YES,16.0223,82.4001,0,0,R476,novalue
816,R13,YES,374.4697,132.3975,0,0,R476,novalue
817,C896,YES,72.9590,101.8464,0,0,R476,novalue
818,C925,YES,87.8053,101.8464,0,0,R476,novalue
819,C907,YES,102.6135,101.8718,0,0,R476,novalue
820,C696,YES,117.4572,101.8718,0,0,R476,novalue
821,R7,YES,350.6191,132.6007,0,0,R476,novalue
822,C2062,YES,106.7943,109.4232,0,0,R476,novalue
823,C930,YES,91.9505,109.4232,0,0,R476,novalue
824,C1601,YES,275.2573,105.0061,0,0,R476,novalue
825,C1599,YES,80.6374,60.5892,0,0,R476,novalue
826,C1598,YES,86.6318,60.6527,0,0,R476,novalue
827,C1263,YES,63.1114,60.5053,0,0,R476,novalue
828,C1262,YES,69.0296,60.5688,0,0,R476,novalue
829,C1215,YES,116.3117,60.6654,0,0,R476,novalue
830,C1214,YES,110.3173,60.6019,0,0,R476,novalue
831,C1119,YES,95.4837,60.5638,0,0,R476,novalue
832,C1118,YES,101.4781,60.6273,0,0,R476,novalue
833,C1167,YES,145.9916,60.5765,0,0,R476,novalue
834,C1166,YES,139.9972,60.5130,0,0,R476,novalue
835,C1103,YES,125.1636,60.4749,0,0,R476,novalue
836,C1102,YES,131.1580,60.5384,0,0,R476,novalue
837,C1567,YES,175.6689,60.6146,0,0,R476,novalue
838,C1566,YES,169.6745,60.5511,0,0,R476,novalue
839,C1551,YES,154.8409,60.5130,0,0,R476,novalue
840,C1550,YES,160.8353,60.5765,0,0,R476,novalue
841,C1247,YES,95.8875,90.0354,0,0,R476,novalue
842,C1246,YES,100.8736,90.1649,0,0,R476,novalue
843,C1583,YES,175.1330,90.2792,0,0,R476,novalue
844,C1582,YES,170.0784,90.1395,0,0,R476,novalue
845,C1151,YES,155.2448,90.1014,0,0,R476,novalue
846,C1150,YES,160.2994,90.2411,0,0,R476,novalue
847,C1182,YES,140.4010,90.1243,0,0,R476,novalue
848,C1183,YES,145.4556,90.2411,0,0,R476,novalue
849,C1199,YES,125.5674,90.0633,0,0,R476,novalue
850,C1198,YES,130.6220,90.2030,0,0,R476,novalue
851,C1231,YES,115.7757,90.2030,0,0,R476,novalue
852,C1230,YES,110.7211,90.0633,0,0,R476,novalue
853,C940,YES,64.0410,63.3374,0,0,R476,novalue
854,C787,YES,126.1643,63.3070,0,0,R476,novalue
855,C1224,YES,95.3795,87.9805,0,0,R476,novalue
856,C962,YES,70.7466,64.2518,0,0,R476,novalue
857,C805,YES,140.9979,63.3451,0,0,R476,novalue
858,C809,YES,132.8699,64.2214,0,0,R476,novalue
859,C916,YES,77.0585,109.0041,0,0,R476,novalue
860,C900,YES,62.2706,109.3851,0,0,R476,novalue
861,C163,YES,379.6259,128.5113,0,0,R476,novalue
862,C159,YES,373.5807,129.9845,0,0,R476,novalue
863,C162,YES,375.3587,129.9845,0,0,R476,novalue
864,C25,YES,355.7245,128.5367,0,0,R476,novalue
865,C5,YES,349.6285,130.0861,0,0,R476,novalue
866,C9,YES,351.4319,130.0861,0,0,R476,novalue
867,C471,YES,241.2492,157.2362,0,0,R476,novalue
868,C480,YES,238.6584,157.2362,0,0,R476,novalue
869,C472,YES,239.5220,157.2362,0,0,R476,novalue
870,C479,YES,240.3856,157.2362,0,0,R476,novalue
871,C478,YES,242.1128,157.2362,0,0,R476,novalue
872,C468,YES,242.9764,157.2362,0,0,R476,novalue
873,R24,YES,37.4117,147.1295,0,0,R476,novalue
874,R162,YES,38.3007,147.1295,0,0,R476,novalue
875,R241,YES,44.6507,146.3675,0,0,R476,novalue
876,C2914,YES,34.8412,155.8925,0,0,R476,novalue
877,C2913,YES,39.8450,155.8798,0,0,R476,novalue
878,C476,YES,243.9035,157.2362,0,0,R476,novalue
879,C466,YES,244.7671,157.2362,0,0,R476,novalue
880,C1266,YES,125.0671,104.6886,0,0,R476,novalue
881,C2030,YES,117.5614,104.9299,0,0,R476,novalue
882,C2031,YES,110.2335,104.6505,0,0,R476,novalue
883,C1393,YES,102.7176,104.9299,0,0,R476,novalue
884,C1394,YES,95.3872,104.6505,0,0,R476,novalue
885,C1361,YES,87.8840,104.8918,0,0,R476,novalue
886,C1362,YES,80.5536,104.6124,0,0,R476,novalue
887,C1330,YES,50.8762,104.5743,0,0,R476,novalue
888,C1329,YES,58.2041,104.8537,0,0,R476,novalue
889,C1265,YES,132.3950,104.9680,0,0,R476,novalue
890,C1282,YES,124.9629,134.3533,0,0,R476,novalue
891,C1122,YES,110.1293,134.3152,0,0,R476,novalue
892,C1121,YES,117.4572,134.5946,0,0,R476,novalue
893,C1409,YES,102.6135,134.5946,0,0,R476,novalue
894,C1410,YES,95.2830,134.3152,0,0,R476,novalue
895,C1377,YES,87.7799,134.5565,0,0,R476,novalue
896,C1378,YES,80.4494,134.2771,0,0,R476,novalue
897,C1297,YES,72.9209,134.5565,0,0,R476,novalue
898,C1298,YES,65.6057,134.2771,0,0,R476,novalue
899,C1313,YES,58.0847,134.5209,0,0,R476,novalue
900,C2068,YES,113.1570,103.5939,0,0,R476,novalue
901,C912,YES,98.3132,103.5939,0,0,R476,novalue
902,C923,YES,83.4796,103.5558,0,0,R476,novalue
903,C894,YES,68.6333,103.5558,0,0,R476,novalue
904,C889,YES,58.1000,101.7956,0,0,R476,novalue
905,R148,YES,192.6209,89.2835,0,0,R476,novalue
906,R146,YES,191.1731,89.2708,0,0,R476,novalue
907,R130,YES,20.1016,99.6721,0,0,R476,novalue
908,R129,YES,18.6538,99.6594,0,0,R476,novalue
909,R482,YES,4.2139,143.7513,0,0,R476,novalue
910,C885,YES,47.4370,109.3470,0,0,R476,novalue
911,R255,YES,235.1532,157.2362,0,0,R476,novalue
912,R257,YES,243.3853,171.2747,0,0,R476,novalue
913,R100,YES,236.0422,157.2362,0,0,R476,novalue
914,C891,YES,53.7997,103.5177,0,0,R476,novalue
915,C988,YES,275.1785,101.9581,0,0,R476,novalue
916,C1969,YES,319.6920,102.0343,0,0,R476,novalue
917,C1987,YES,304.8584,101.9988,0,0,R476,novalue
918,C970,YES,290.0121,101.9988,0,0,R476,novalue
919,C718,YES,260.3348,101.9581,0,0,R476,novalue
920,C1087,YES,245.5012,101.9226,0,0,R476,novalue
921,C1042,YES,230.6549,101.9226,0,0,R476,novalue
922,C1060,YES,215.8187,101.8921,0,0,R476,novalue
923,R253,YES,245.1633,163.1467,0,0,R476,novalue
924,C1314,YES,50.7721,134.2771,0,0,R476,novalue
925,C1281,YES,132.2908,134.6327,0,0,R476,novalue
926,C1346,YES,65.7098,104.6124,0,0,R476,novalue
927,C1345,YES,73.0377,104.8918,0,0,R476,novalue
928,C1158,YES,140.1089,63.3501,0,0,R476,novalue
929,C1455,YES,86.0298,90.1725,0,0,R476,novalue
930,C1454,YES,81.0438,90.0252,0,0,R476,novalue
931,C1439,YES,71.2140,90.1268,0,0,R476,novalue
932,C1438,YES,66.2102,90.0049,0,0,R476,novalue
933,C811,YES,147.7035,64.2595,0,0,R476,novalue
934,C1772,YES,209.1004,111.0463,0,0,R476,novalue
935,C1291,YES,125.5547,111.0615,0,0,R476,novalue
936,C771,YES,177.2793,93.9622,0,0,R476,novalue
937,C1884,YES,298.1350,111.1631,0,0,R476,novalue
938,C234,YES,11.5799,144.3355,0,0,R476,novalue
939,C232,YES,7.4955,145.7554,0,0,R476,novalue
940,C782,YES,162.5498,64.2595,0,0,R476,novalue
941,C760,YES,155.8442,63.3451,0,0,R476,novalue
942,C769,YES,162.4457,93.9241,0,0,R476,novalue
943,C1899,YES,312.9686,111.1987,0,0,R476,novalue
944,C235,YES,13.3883,144.1044,0,0,R476,novalue
945,C236,YES,13.3883,145.7554,0,0,R476,novalue
946,C284,YES,28.3413,96.2711,0,0,R476,novalue
947,C58,YES,33.0733,74.3839,0,0,R476,novalue
948,C1324,YES,51.3359,140.6957,0,0,R476,novalue
949,C778,YES,170.6778,63.3832,0,0,R476,novalue
950,C59,YES,25.3721,74.3763,0,0,R476,novalue
951,C60,YES,28.4683,74.3356,0,0,R476,novalue
952,C61,YES,27.5869,74.3356,0,0,R476,novalue
953,C744,YES,320.1314,94.0384,0,0,R476,novalue
954,R266,YES,244.2743,171.2747,0,0,R476,novalue
955,C742,YES,305.2978,94.0003,0,0,R476,novalue
956,R345,YES,194.9171,89.3394,0,0,R476,novalue
957,R343,YES,22.4003,99.7280,0,0,R476,novalue
958,C798,YES,147.6019,93.9241,0,0,R476,novalue
959,C1544,YES,169.7863,63.3882,0,0,R476,novalue
960,C1308,YES,66.1441,140.7084,0,0,R476,novalue
961,C796,YES,132.7683,93.8860,0,0,R476,novalue
962,C1372,YES,80.9930,140.6830,0,0,R476,novalue
963,C1420,YES,95.8266,140.7465,0,0,R476,novalue
964,C1276,YES,110.7465,111.1783,0,0,R476,novalue
965,C825,YES,117.9220,93.8860,0,0,R476,novalue
966,R128,YES,37.7927,73.4695,0,0,R476,novalue
967,C56,YES,38.6639,73.4746,0,0,R476,novalue
968,C57,YES,39.5275,73.4746,0,0,R476,novalue
969,C129,YES,237.7948,157.2438,0,0,R476,novalue
970,C784,YES,177.3834,64.2976,0,0,R476,novalue
971,C1132,YES,110.6729,140.8227,0,0,R476,novalue
972,C46,YES,236.9058,157.2438,0,0,R476,novalue
973,C249,YES,205.6790,63.9953,0,0,R476,novalue
974,C250,YES,197.7923,63.9877,0,0,R476,novalue
975,C251,YES,200.9877,63.9470,0,0,R476,novalue
976,C252,YES,199.9056,63.9470,0,0,R476,novalue
977,R142,YES,210.2485,63.9953,0,0,R476,novalue
978,C1704,YES,267.9090,88.0694,0,0,R476,novalue
979,C253,YES,211.1121,63.0276,0,0,R476,novalue
980,C1292,YES,125.5065,140.8100,0,0,R476,novalue
981,C823,YES,103.0884,93.8479,0,0,R476,novalue
982,C254,YES,211.9757,63.0276,0,0,R476,novalue
983,C381,YES,227.5180,73.0275,0,0,R476,novalue
984,C1740,YES,209.0471,140.7617,0,0,R476,novalue
985,C382,YES,227.5180,77.7900,0,0,R476,novalue
986,C1419,YES,95.9256,111.0767,0,0,R476,novalue
987,C1788,YES,223.8807,140.7998,0,0,R476,novalue
988,C384,YES,227.5180,81.7905,0,0,R476,novalue
989,C372,YES,54.9986,83.4161,0,0,R476,novalue
990,C951,YES,88.2447,93.8555,0,0,R476,novalue
991,C374,YES,54.9986,92.1791,0,0,R476,novalue
992,C369,YES,54.9986,88.1786,0,0,R476,novalue
993,C1484,YES,238.7270,140.7998,0,0,R476,novalue
994,C1356,YES,66.2432,111.0107,0,0,R476,novalue
995,C1404,YES,81.0920,111.0107,0,0,R476,novalue
996,R196,YES,50.9219,85.9942,0,0,R476,novalue
997,C949,YES,73.4111,93.8098,0,0,R476,novalue
998,R169,YES,223.4413,75.6056,0,0,R476,novalue
999,C1836,YES,253.5606,140.8379,0,0,R476,novalue
1000,C1612,YES,268.4043,140.8379,0,0,R476,novalue
1001,C1660,YES,283.2379,140.8760,0,0,R476,novalue
1002,C1852,YES,298.0817,140.8760,0,0,R476,novalue
1003,C1900,YES,312.9153,140.9141,0,0,R476,novalue
1004,C27,YES,226.3750,66.0171,0,0,R476,novalue
1005,C243,YES,225.5114,66.0171,0,0,R476,novalue
1006,C1924,YES,244.3810,58.3159,0,0,R476,novalue
1007,C2015,YES,236.4410,57.5793,0,0,R476,novalue
1008,C2008,YES,251.2746,57.6174,0,0,R476,novalue
1009,C1340,YES,51.4350,110.9751,0,0,R476,novalue
1010,C240,YES,224.6478,66.0171,0,0,R476,novalue
1011,C1023,YES,290.4515,94.0003,0,0,R476,novalue
1012,C101,YES,223.7842,66.0171,0,0,R476,novalue
1013,C1021,YES,275.6179,93.9622,0,0,R476,novalue
1014,C360,YES,51.2648,76.4057,0,0,R476,novalue
1015,C356,YES,52.1284,76.4057,0,0,R476,novalue
1016,C1684,YES,274.0584,58.3540,0,0,R476,novalue
1017,C1003,YES,266.1209,57.6174,0,0,R476,novalue
1018,C1032,YES,280.9545,57.6555,0,0,R476,novalue
1019,C348,YES,52.9920,76.4057,0,0,R476,novalue
1020,C2,YES,23.2435,74.2721,0,0,R476,novalue
1021,C364,YES,53.8556,76.4057,0,0,R476,novalue
1022,C1508,YES,303.7357,58.3921,0,0,R476,novalue
1023,C706,YES,295.8008,57.6555,0,0,R476,novalue
1024,C1779,YES,214.4319,103.6269,0,0,R476,novalue
1025,C107,YES,22.1996,74.2721,0,0,R476,novalue
1026,C2078,YES,260.7742,93.9622,0,0,R476,novalue
1027,C942,YES,63.8607,87.1042,0,0,R476,novalue
1028,C1448,YES,65.7022,87.9424,0,0,R476,novalue
1029,C1254,YES,71.6966,87.9170,0,0,R476,novalue
1030,C2076,YES,245.9406,93.9241,0,0,R476,novalue
1031,C953,YES,78.5673,87.1677,0,0,R476,novalue
1032,C1592,YES,80.5104,87.9805,0,0,R476,novalue
1033,C1594,YES,86.5302,87.9805,0,0,R476,novalue
1034,C1524,YES,312.5241,58.5064,0,0,R476,novalue
1035,C816,YES,93.4364,87.1169,0,0,R476,novalue
1036,C1110,YES,101.3993,87.9297,0,0,R476,novalue
1037,C1530,YES,297.6905,58.4683,0,0,R476,novalue
1038,C827,YES,108.2192,87.2058,0,0,R476,novalue
1039,C1240,YES,110.2385,87.9678,0,0,R476,novalue
1040,C1242,YES,116.2583,87.9424,0,0,R476,novalue
1041,C1700,YES,282.8468,58.4683,0,0,R476,novalue
1042,C789,YES,123.1163,87.1804,0,0,R476,novalue
1043,C1176,YES,125.0594,87.9678,0,0,R476,novalue
1044,C1094,YES,131.1046,87.9678,0,0,R476,novalue
1045,C1706,YES,268.0132,58.4302,0,0,R476,novalue
1046,C800,YES,137.8229,87.3201,0,0,R476,novalue
1047,C1192,YES,139.9438,88.0567,0,0,R476,novalue
1048,C1194,YES,145.8697,88.0669,0,0,R476,novalue
1049,C2049,YES,253.1694,58.4302,0,0,R476,novalue
1050,C762,YES,152.8039,87.2795,0,0,R476,novalue
1051,C1562,YES,154.7597,88.0415,0,0,R476,novalue
1052,C1144,YES,160.7287,88.0669,0,0,R476,novalue
1053,C2055,YES,238.3358,58.3921,0,0,R476,novalue
1054,C773,YES,167.6629,87.3049,0,0,R476,novalue
1055,C1578,YES,169.5679,88.0669,0,0,R476,novalue
1056,C1140,YES,175.5623,88.1050,0,0,R476,novalue
1057,C1081,YES,320.2356,64.3738,0,0,R476,novalue
1058,C841,YES,61.1353,57.5996,0,0,R476,novalue
1059,C1450,YES,63.0403,58.3870,0,0,R476,novalue
1060,C1428,YES,69.0601,58.3616,0,0,R476,novalue
1061,C1510,YES,312.6359,63.4644,0,0,R476,novalue
1062,C960,YES,78.7375,57.6758,0,0,R476,novalue
1063,C1444,YES,80.6425,58.4632,0,0,R476,novalue
1064,C1075,YES,313.5300,63.4594,0,0,R476,novalue
1065,C1079,YES,305.4020,64.3357,0,0,R476,novalue
1066,C688,YES,93.5711,57.6504,0,0,R476,novalue
1067,C1226,YES,95.4761,58.4124,0,0,R476,novalue
1068,C1204,YES,101.4959,58.4759,0,0,R476,novalue
1069,C733,YES,298.6964,63.4213,0,0,R476,novalue
1070,C834,YES,108.3793,57.6758,0,0,R476,novalue
1071,C1220,YES,110.3097,58.4632,0,0,R476,novalue
1072,C1036,YES,290.5557,64.3357,0,0,R476,novalue
1073,C1686,YES,282.9585,63.4263,0,0,R476,novalue
1074,C530,YES,123.2637,57.5996,0,0,R476,novalue
1075,C1178,YES,125.1433,58.3362,0,0,R476,novalue
1076,C1156,YES,131.1631,58.3616,0,0,R476,novalue
1077,C807,YES,138.0973,57.5996,0,0,R476,novalue
1078,C1172,YES,139.9769,58.3870,0,0,R476,novalue
1079,C1030,YES,283.8501,63.4213,0,0,R476,novalue
1080,C1034,YES,275.7221,64.2976,0,0,R476,novalue
1081,C751,YES,152.9055,57.6250,0,0,R476,novalue
1082,C1572,YES,154.8105,58.3870,0,0,R476,novalue
1083,C1542,YES,160.8811,58.4124,0,0,R476,novalue
1084,R535,YES,142.9639,104.0917,0,0,R476,novalue
1085,C780,YES,167.7645,57.6250,0,0,R476,novalue
1086,C1558,YES,169.6695,58.4378,0,0,R476,novalue
1087,C1012,YES,269.0165,63.3832,0,0,R476,novalue
1088,C2013,YES,260.8758,64.2976,0,0,R476,novalue
1089,C2026,YES,235.9076,87.2439,0,0,R476,novalue
1090,C2053,YES,238.2317,88.0313,0,0,R476,novalue
1091,C1910,YES,244.2515,88.0313,0,0,R476,novalue
1092,C1926,YES,253.2812,63.3882,0,0,R476,novalue
1093,C2002,YES,249.5728,87.2820,0,0,R476,novalue
1094,C1944,YES,251.3381,88.0694,0,0,R476,novalue
1095,C1946,YES,260.7869,88.0694,0,0,R476,novalue
1096,C2006,YES,254.1702,63.3832,0,0,R476,novalue
1097,C1014,YES,265.9405,87.2820,0,0,R476,novalue
1098,C1670,YES,273.9288,88.0694,0,0,R476,novalue
1099,C2011,YES,246.0422,64.2595,0,0,R476,novalue
1100,C1025,YES,280.7741,87.3201,0,0,R476,novalue
1101,C1720,YES,282.7426,88.1075,0,0,R476,novalue
1102,C1722,YES,288.7624,88.1075,0,0,R476,novalue
1103,R539,YES,154.3202,104.7013,0,0,R476,novalue
1104,C1528,YES,297.5889,88.1075,0,0,R476,novalue
1105,C735,YES,295.6204,87.3201,0,0,R476,novalue
1106,C1462,YES,303.6087,88.1075,0,0,R476,novalue
1107,R547,YES,167.0787,106.4285,0,0,R476,novalue
1108,C1800,YES,312.4225,88.1456,0,0,R476,novalue
1109,C746,YES,310.4540,87.3582,0,0,R476,novalue
1110,C2024,YES,239.3366,63.3451,0,0,R476,novalue
1111,C1802,YES,318.4423,88.1456,0,0,R476,novalue
1112,C1077,YES,310.6344,57.6936,0,0,R476,novalue
1113,R543,YES,163.8325,106.9975,0,0,R476,novalue
1114,C1331,YES,56.7842,101.3714,90,0,R476,novalue
1115,C1347,YES,71.6178,101.4095,90,0,R476,novalue
1116,C265,YES,23.7693,87.2261,90,0,R476,novalue
1117,C1415,YES,86.4641,101.4095,90,0,R476,novalue
1118,R158,YES,218.1962,71.7575,90,0,R476,novalue
1119,C1385,YES,101.2977,101.4476,90,0,R476,novalue
1120,R160,YES,218.1962,72.6211,90,0,R476,novalue
1121,C1287,YES,116.1415,101.4476,90,0,R476,novalue
1122,R170,YES,218.1962,73.4847,90,0,R476,novalue
1123,R173,YES,218.1962,74.3483,90,0,R476,novalue
1124,R172,YES,218.1962,76.6597,90,0,R476,novalue
1125,C954,YES,69.8424,96.7689,90,0,R476,novalue
1126,C1273,YES,130.9751,101.4857,90,0,R476,novalue
1127,C1429,YES,67.4776,95.3008,90,0,R476,novalue
1128,C1446,YES,65.7454,95.2932,90,0,R476,novalue
1129,C1289,YES,109.6035,101.2266,90,0,R476,novalue
1130,C297,YES,17.8003,87.2261,90,0,R476,novalue
1131,C399,YES,196.2861,76.8375,90,0,R476,novalue
1132,C1123,YES,124.4371,101.2647,90,0,R476,novalue
1133,C1124,YES,126.0348,103.2129,90,0,R476,novalue
1134,C405,YES,190.3171,76.8375,90,0,R476,novalue
1135,C1868,YES,317.0657,140.6779,90,0,R476,novalue
1136,C1252,YES,71.1048,94.9122,90,0,R476,novalue
1137,C1851,YES,302.2321,140.6398,90,0,R476,novalue
1138,C247,YES,230.1342,73.0529,90,0,R476,novalue
1139,C1628,YES,287.3883,140.6398,90,0,R476,novalue
1140,C1363,YES,94.7598,101.2266,90,0,R476,novalue
1141,C1364,YES,96.3574,103.1748,90,0,R476,novalue
1142,C110,YES,215.7832,71.7575,90,0,R476,novalue
1143,C1611,YES,272.5547,140.6017,90,0,R476,novalue
1144,C1417,YES,79.9262,101.1885,90,0,R476,novalue
1145,C1412,YES,81.5238,103.1367,90,0,R476,novalue
1146,C239,YES,215.7832,72.6211,90,0,R476,novalue
1147,C1500,YES,257.7084,140.6017,90,0,R476,novalue
1148,C1353,YES,65.0799,101.1885,90,0,R476,novalue
1149,C1348,YES,66.6775,103.1367,90,0,R476,novalue
1150,C1522,YES,303.1693,91.9099,90,0,R476,novalue
1151,C845,YES,67.5818,96.7943,90,0,R476,novalue
1152,C1336,YES,51.8439,103.0986,90,0,R476,novalue
1153,C1483,YES,242.8748,140.5636,90,0,R476,novalue
1154,C2047,YES,258.6457,91.8718,90,0,R476,novalue
1155,R183,YES,48.0898,85.2957,90,0,R476,novalue
1156,R179,YES,46.5658,86.1847,90,0,R476,novalue
1157,C944,YES,82.4154,96.8400,90,0,R476,novalue
1158,C1590,YES,80.5790,95.3389,90,0,R476,novalue
1159,C1587,YES,82.3112,95.3465,90,0,R476,novalue
1160,C948,YES,84.6760,96.8146,90,0,R476,novalue
1161,C1443,YES,64.8106,65.7428,90,0,R476,novalue
1162,C1756,YES,228.0310,140.5636,90,0,R476,novalue
1163,R150,YES,219.0852,75.7961,90,0,R476,novalue
1164,C1911,YES,254.9449,65.7885,90,0,R476,novalue
1165,C2048,YES,240.1113,65.7504,90,0,R476,novalue
1166,C1205,YES,97.1550,95.3389,90,0,R476,novalue
1167,C1739,YES,213.1974,140.5255,90,0,R476,novalue
1168,C692,YES,97.2591,96.8324,90,0,R476,novalue
1169,C828,YES,99.5197,96.8070,90,0,R476,novalue
1170,C1222,YES,95.4227,95.3313,90,0,R476,novalue
1171,C1922,YES,243.8121,91.8337,90,0,R476,novalue
1172,C1523,YES,299.4660,65.8266,90,0,R476,novalue
1173,C2041,YES,129.6924,140.5636,90,0,R476,novalue
1174,C1671,YES,284.6222,65.8266,90,0,R476,novalue
1175,C1718,YES,282.7884,95.4837,90,0,R476,novalue
1176,C1131,YES,114.8588,140.5255,90,0,R476,novalue
1177,C1463,YES,314.2996,65.8647,90,0,R476,novalue
1178,C1235,YES,111.9886,95.3770,90,0,R476,novalue
1179,C1715,YES,284.5181,95.4913,90,0,R476,novalue
1180,C1939,YES,254.8407,95.4532,90,0,R476,novalue
1181,C1388,YES,100.0125,140.5255,90,0,R476,novalue
1182,C822,YES,114.3533,96.8451,90,0,R476,novalue
1183,C818,YES,112.0927,96.8705,90,0,R476,novalue
1184,C1238,YES,110.2563,95.3694,90,0,R476,novalue
1185,C1942,YES,253.1085,95.4456,90,0,R476,novalue
1186,C1685,YES,269.6845,95.4532,90,0,R476,novalue
1187,C1371,YES,85.1789,140.4874,90,0,R476,novalue
1188,C1157,YES,126.8349,95.3770,90,0,R476,novalue
1189,C1702,YES,267.9548,95.4456,90,0,R476,novalue
1190,C1509,YES,299.3644,95.4913,90,0,R476,novalue
1191,C804,YES,129.1996,96.8451,90,0,R476,novalue
1192,C534,YES,126.9390,96.8705,90,0,R476,novalue
1193,C1174,YES,125.1026,95.3694,90,0,R476,novalue
1194,C1307,YES,70.3351,140.4874,90,0,R476,novalue
1195,C1526,YES,297.6321,95.4837,90,0,R476,novalue
1196,C1187,YES,141.6685,95.4151,90,0,R476,novalue
1197,C1798,YES,312.4657,95.5218,90,0,R476,novalue
1198,C2488,YES,59.4208,121.0945,90,0,R476,novalue
1199,C1323,YES,55.5015,140.4493,90,0,R476,novalue
1200,C797,YES,144.0332,96.8832,90,0,R476,novalue
1201,C791,YES,141.7726,96.9086,90,0,R476,novalue
1202,C1190,YES,139.9362,95.4075,90,0,R476,novalue
1203,C1795,YES,314.1980,95.5294,90,0,R476,novalue
1204,C2486,YES,118.7958,121.0564,90,0,R476,novalue
1205,C1867,YES,317.1698,111.0158,90,0,R476,novalue
1206,C1543,YES,156.5123,95.4151,90,0,R476,novalue
1207,C2487,YES,89.4588,121.1072,90,0,R476,novalue
1208,C2480,YES,247.3935,121.1580,90,0,R476,novalue
1209,C777,YES,158.8770,96.8832,90,0,R476,novalue
1210,C755,YES,156.6164,96.9086,90,0,R476,novalue
1211,C1560,YES,154.7825,95.4075,90,0,R476,novalue
1212,C2481,YES,217.0024,121.1072,90,0,R476,novalue
1213,C2478,YES,307.0708,121.2723,90,0,R476,novalue
1214,C1883,YES,302.3362,110.9777,90,0,R476,novalue
1215,C1573,YES,171.3459,95.4532,90,0,R476,novalue
1216,C2479,YES,277.4290,121.1580,90,0,R476,novalue
1217,C1576,YES,169.6161,95.4456,90,0,R476,novalue
1218,C770,YES,173.7106,96.9213,90,0,R476,novalue
1219,C764,YES,171.4500,96.9467,90,0,R476,novalue
1220,C237,YES,10.3276,150.0353,90,0,R476,novalue
1221,C465,YES,12.8397,147.8128,90,0,R476,novalue
1222,C1426,YES,86.1162,91.7677,90,0,R476,novalue
1223,C1627,YES,287.4924,110.9777,90,0,R476,novalue
1224,C1335,YES,53.1165,101.6076,90,0,R476,novalue
1225,C1442,YES,71.2826,91.7194,90,0,R476,novalue
1226,C39,YES,34.5288,143.9494,90,0,R476,novalue
1227,C1351,YES,67.9501,101.6457,90,0,R476,novalue
1228,C1413,YES,82.7964,101.6457,90,0,R476,novalue
1229,C1271,YES,127.3073,101.7219,90,0,R476,novalue
1230,R86,YES,407.4973,98.7476,90,0,R476,novalue
1231,C1138,YES,175.1533,91.8718,90,0,R476,novalue
1232,C1383,YES,97.6300,101.6838,90,0,R476,novalue
1233,C1285,YES,112.4737,101.6838,90,0,R476,novalue
1234,C1218,YES,100.9599,91.7575,90,0,R476,novalue
1235,C1170,YES,130.6398,91.7956,90,0,R476,novalue
1236,C1554,YES,160.3197,91.8337,90,0,R476,novalue
1237,C1090,YES,145.4734,91.8337,90,0,R476,novalue
1238,C1106,YES,115.7935,91.7956,90,0,R476,novalue
1239,C847,YES,64.9427,67.2109,90,0,R476,novalue
1240,C1643,YES,272.6588,110.9396,90,0,R476,novalue
1241,C1258,YES,69.6366,65.7428,90,0,R476,novalue
1242,C840,YES,67.1779,67.1855,90,0,R476,novalue
1243,C189,YES,26.8630,87.2439,90,0,R476,novalue
1244,C1434,YES,84.3686,65.3694,90,0,R476,novalue
1245,C955,YES,82.5449,67.2948,90,0,R476,novalue
1246,C961,YES,84.7801,67.2694,90,0,R476,novalue
1247,C1432,YES,87.2388,65.8266,90,0,R476,novalue
1248,C1427,YES,85.6437,63.8785,90,0,R476,novalue
1249,C397,YES,198.8922,76.8375,90,0,R476,novalue
1250,C1698,YES,273.4920,91.8718,90,0,R476,novalue
1251,R209,YES,33.7388,87.1626,90,0,R476,novalue
1252,C1255,YES,82.4128,65.8266,90,0,R476,novalue
1253,C1666,YES,288.3256,91.9099,90,0,R476,novalue
1254,R154,YES,220.6092,74.9071,90,0,R476,novalue
1255,C1499,YES,257.8125,110.9396,90,0,R476,novalue
1256,C694,YES,97.3887,67.2694,90,0,R476,novalue
1257,C542,YES,99.6239,67.2440,90,0,R476,novalue
1258,C1114,YES,102.0851,65.8012,90,0,R476,novalue
1259,C1458,YES,318.0029,91.9480,90,0,R476,novalue
1260,C1699,YES,269.7886,65.7885,90,0,R476,novalue
1261,R378,YES,385.7092,129.6670,90,0,R476,novalue
1262,R377,YES,385.7092,128.7780,90,0,R476,novalue
1263,C1819,YES,242.9789,110.9015,90,0,R476,novalue
1264,C1219,YES,97.2591,65.8012,90,0,R476,novalue
1265,R379,YES,361.8332,128.7780,90,0,R476,novalue
1266,C1210,YES,114.0485,65.3821,90,0,R476,novalue
1267,C829,YES,112.2223,67.3075,90,0,R476,novalue
1268,C835,YES,114.4575,67.2821,90,0,R476,novalue
1269,C1208,YES,116.9187,65.8393,90,0,R476,novalue
1270,C1203,YES,115.3211,63.8912,90,0,R476,novalue
1271,R380,YES,361.8332,129.6670,90,0,R476,novalue
1272,R426,YES,320.9900,38.2016,90,0,R476,novalue
1273,R318,YES,307.3705,112.3391,90,0,R476,novalue
1274,C1877,YES,314.5790,131.5009,90,0,R476,novalue
1275,C1879,YES,318.2468,131.2647,90,0,R476,novalue
1276,C1111,YES,112.0927,65.8393,90,0,R476,novalue
1277,C1848,YES,313.3065,132.9919,90,0,R476,novalue
1278,C536,YES,127.0660,67.1805,90,0,R476,novalue
1279,C531,YES,129.3012,67.1551,90,0,R476,novalue
1280,C1098,YES,131.7650,65.7123,90,0,R476,novalue
1281,C1755,YES,228.1352,110.9015,90,0,R476,novalue
1282,R302,YES,248.0132,112.2629,90,0,R476,novalue
1283,R278,YES,277.6931,112.3010,90,0,R476,novalue
1284,C1815,YES,258.8895,131.1885,90,0,R476,novalue
1285,C1813,YES,255.2217,131.4247,90,0,R476,novalue
1286,C1171,YES,126.9390,65.7123,90,0,R476,novalue
1287,C1480,YES,253.9492,132.9157,90,0,R476,novalue
1288,C1771,YES,213.3016,110.8634,90,0,R476,novalue
1289,C802,YES,141.8996,67.2186,90,0,R476,novalue
1290,C810,YES,144.1348,67.1932,90,0,R476,novalue
1291,C1160,YES,146.5986,65.7504,90,0,R476,novalue
1292,C1155,YES,144.9984,63.8023,90,0,R476,novalue
1293,C1162,YES,143.7284,65.2932,90,0,R476,novalue
1294,C1609,YES,273.7333,131.1885,90,0,R476,novalue
1295,C1639,YES,288.5669,131.2266,90,0,R476,novalue
1296,C1637,YES,284.8991,131.4628,90,0,R476,novalue
1297,C1095,YES,141.7726,65.7504,90,0,R476,novalue
1298,C1608,YES,283.6266,132.9538,90,0,R476,novalue
1299,C1849,YES,303.4132,131.2266,90,0,R476,novalue
1300,C757,YES,156.7459,67.2186,90,0,R476,novalue
1301,C752,YES,158.9811,67.1932,90,0,R476,novalue
1302,C1540,YES,161.4424,65.7504,90,0,R476,novalue
1303,C2040,YES,129.7965,110.9015,90,0,R476,novalue
1304,R294,YES,218.3359,112.2248,90,0,R476,novalue
1305,C1737,YES,214.3760,131.1123,90,0,R476,novalue
1306,C1767,YES,229.2096,131.1504,90,0,R476,novalue
1307,C1765,YES,225.5418,131.3866,90,0,R476,novalue
1308,C1557,YES,156.6164,65.7504,90,0,R476,novalue
1309,C1736,YES,224.2693,132.8776,90,0,R476,novalue
1310,C1275,YES,114.9629,110.8634,90,0,R476,novalue
1311,C775,YES,171.5795,67.2567,90,0,R476,novalue
1312,C783,YES,173.8147,67.2313,90,0,R476,novalue
1313,C1546,YES,176.2760,65.7885,90,0,R476,novalue
1314,C1541,YES,174.6783,63.8404,90,0,R476,novalue
1315,C1556,YES,173.4058,65.3313,90,0,R476,novalue
1316,C1481,YES,244.0559,131.1504,90,0,R476,novalue
1317,C2036,YES,130.8710,131.1504,90,0,R476,novalue
1318,C1145,YES,171.4500,65.7885,90,0,R476,novalue
1319,C2034,YES,127.2032,131.3866,90,0,R476,novalue
1320,C1128,YES,125.9307,132.8776,90,0,R476,novalue
1321,C1302,YES,64.9757,130.8532,90,0,R476,novalue
1322,C1369,YES,86.3600,131.0742,90,0,R476,novalue
1323,C1299,YES,71.5137,131.0742,90,0,R476,novalue
1324,C1305,YES,67.8459,131.3104,90,0,R476,novalue
1325,C1129,YES,116.0374,131.1123,90,0,R476,novalue
1326,C1399,YES,101.1936,131.1123,90,0,R476,novalue
1327,R92,YES,227.3325,168.6077,90,0,R476,novalue
1328,C1387,YES,100.1166,110.8634,90,0,R476,novalue
1329,C1865,YES,318.3509,101.6000,90,0,R476,novalue
1330,C1397,YES,97.5258,131.3485,90,0,R476,novalue
1331,C1368,YES,96.2533,132.8395,90,0,R476,novalue
1332,C1844,YES,313.4106,103.3272,90,0,R476,novalue
1333,C1843,YES,311.8129,101.3790,90,0,R476,novalue
1334,C1863,YES,314.6831,101.8362,90,0,R476,novalue
1335,C1403,YES,85.2830,110.8253,90,0,R476,novalue
1336,R97,YES,226.8753,162.6387,90,0,R476,novalue
1337,C1895,YES,303.5173,101.5619,90,0,R476,novalue
1338,R93,YES,227.3325,171.5795,90,0,R476,novalue
1339,C1893,YES,299.8495,101.7981,90,0,R476,novalue
1340,C1892,YES,298.5770,103.2891,90,0,R476,novalue
1341,C1897,YES,296.9793,101.3409,90,0,R476,novalue
1342,C1355,YES,70.4393,110.8253,90,0,R476,novalue
1343,R144,YES,206.2582,76.7740,90,0,R476,novalue
1344,R91,YES,226.8753,161.6227,90,0,R476,novalue
1345,C1625,YES,288.6710,101.5619,90,0,R476,novalue
1346,C1339,YES,55.6057,110.7872,90,0,R476,novalue
1347,C1623,YES,285.0032,101.7981,90,0,R476,novalue
1348,R260,YES,247.4493,172.9257,90,0,R476,novalue
1349,C1604,YES,283.7307,103.2891,90,0,R476,novalue
1350,C1603,YES,282.1330,101.3409,90,0,R476,novalue
1351,C353,YES,57.6148,83.4415,90,0,R476,novalue
1352,R198,YES,45.6768,87.0483,90,0,R476,novalue
1353,C1655,YES,273.8374,101.5238,90,0,R476,novalue
1354,C1337,YES,50.2463,101.1504,90,0,R476,novalue
1355,C1315,YES,56.6801,131.0361,90,0,R476,novalue
1356,C1653,YES,270.1696,101.7600,90,0,R476,novalue
1357,C1657,YES,267.2994,101.3028,90,0,R476,novalue
1358,R187,YES,45.6768,82.1461,90,0,R476,novalue
1359,C1652,YES,268.8971,103.2510,90,0,R476,novalue
1360,R189,YES,45.6768,83.0097,90,0,R476,novalue
1361,R199,YES,45.6768,84.7369,90,0,R476,novalue
1362,C1497,YES,258.9936,101.5238,90,0,R476,novalue
1363,C1495,YES,255.3259,101.7600,90,0,R476,novalue
1364,C1476,YES,254.0533,103.2510,90,0,R476,novalue
1365,C1475,YES,252.4557,101.3028,90,0,R476,novalue
1366,R197,YES,45.6768,83.8733,90,0,R476,novalue
1367,C741,YES,316.5627,96.9975,90,0,R476,novalue
1368,C737,YES,314.3021,97.0229,90,0,R476,novalue
1369,C1831,YES,244.1600,101.4857,90,0,R476,novalue
1370,R105,YES,227.3325,172.4431,90,0,R476,novalue
1371,C1829,YES,240.4923,101.7219,90,0,R476,novalue
1372,C1828,YES,239.2197,103.2129,90,0,R476,novalue
1373,C1833,YES,237.6221,101.2647,90,0,R476,novalue
1374,R106,YES,227.3325,170.7159,90,0,R476,novalue
1375,C747,YES,301.7291,96.9594,90,0,R476,novalue
1376,C710,YES,299.4685,96.9848,90,0,R476,novalue
1377,R267,YES,245.7983,172.2907,90,0,R476,novalue
1378,C361,YES,43.2638,83.0097,90,0,R476,novalue
1379,C1753,YES,229.3137,101.4857,90,0,R476,novalue
1380,C1016,YES,284.6222,96.9848,90,0,R476,novalue
1381,C1751,YES,225.6460,101.7219,90,0,R476,novalue
1382,C1784,YES,224.3734,103.2129,90,0,R476,novalue
1383,C1020,YES,286.8828,96.9594,90,0,R476,novalue
1384,C1733,YES,222.7758,101.2647,90,0,R476,novalue
1385,R315,YES,305.4020,114.5743,90,0,R476,novalue
1386,R317,YES,305.7982,117.3480,90,0,R476,novalue
1387,C352,YES,43.2638,82.1461,90,0,R476,novalue
1388,R313,YES,88.7451,117.1956,90,0,R476,novalue
1389,C1731,YES,214.4801,101.4476,90,0,R476,novalue
1390,C1785,YES,210.8124,101.6838,90,0,R476,novalue
1391,C2516,YES,359.4202,58.0390,90,0,R476,novalue
1392,C1007,YES,269.7886,96.9467,90,0,R476,novalue
1393,C1026,YES,272.0492,96.9213,90,0,R476,novalue
1394,R305,YES,59.0652,117.1575,90,0,R476,novalue
1395,R311,YES,88.3488,114.4219,90,0,R476,novalue
1396,R549,YES,38.6283,81.1174,90,0,R476,novalue
1397,R303,YES,58.6715,114.3838,90,0,R476,novalue
1398,C2072,YES,254.9449,96.9467,90,0,R476,novalue
1399,C2075,YES,257.2055,96.9213,90,0,R476,novalue
1400,R299,YES,246.0447,114.4981,90,0,R476,novalue
1401,R301,YES,246.4410,117.2718,90,0,R476,novalue
1402,C1914,YES,244.9373,65.7504,90,0,R476,novalue
1403,C2022,YES,240.2383,67.2186,90,0,R476,novalue
1404,C2014,YES,242.4735,67.1932,90,0,R476,novalue
1405,R297,YES,118.4224,117.2337,90,0,R476,novalue
1406,C1923,YES,258.1707,63.8404,90,0,R476,novalue
1407,C1930,YES,256.9007,65.3313,90,0,R476,novalue
1408,C2051,YES,238.2749,95.4075,90,0,R476,novalue
1409,C2020,YES,240.1113,96.9086,90,0,R476,novalue
1410,C1928,YES,259.7709,65.7885,90,0,R476,novalue
1411,C2003,YES,242.3719,96.8832,90,0,R476,novalue
1412,C2004,YES,255.0719,67.2567,90,0,R476,novalue
1413,C2010,YES,257.3071,67.2313,90,0,R476,novalue
1414,R295,YES,118.0287,114.4600,90,0,R476,novalue
1415,R533,YES,145.9230,107.5614,90,0,R476,novalue
1416,R291,YES,216.3674,114.4600,90,0,R476,novalue
1417,R293,YES,216.7611,117.2337,90,0,R476,novalue
1418,R277,YES,276.1183,117.3099,90,0,R476,novalue
1419,C1925,YES,240.0071,95.4151,90,0,R476,novalue
1420,C1674,YES,274.6146,65.7885,90,0,R476,novalue
1421,C1009,YES,269.9182,67.2567,90,0,R476,novalue
1422,C1002,YES,272.1534,67.2313,90,0,R476,novalue
1423,C1078,YES,316.6669,67.3075,90,0,R476,novalue
1424,C1683,YES,287.8506,63.8785,90,0,R476,novalue
1425,C1690,YES,286.5780,65.3694,90,0,R476,novalue
1426,C748,YES,314.4317,67.3329,90,0,R476,novalue
1427,C1512,YES,319.1256,65.8647,90,0,R476,novalue
1428,C1688,YES,289.4482,65.8266,90,0,R476,novalue
1429,C1514,YES,316.2554,65.4075,90,0,R476,novalue
1430,C1027,YES,284.7518,67.2948,90,0,R476,novalue
1431,C1033,YES,286.9870,67.2694,90,0,R476,novalue
1432,C1507,YES,317.5305,63.9166,90,0,R476,novalue
1433,R89,YES,244.8331,160.2257,90,0,R476,novalue
1434,R275,YES,275.7246,114.5362,90,0,R476,novalue
1435,C1466,YES,304.2920,65.8266,90,0,R476,novalue
1436,C712,YES,299.5981,67.2948,90,0,R476,novalue
1437,C705,YES,301.8333,67.2694,90,0,R476,novalue
1438,C2071,YES,262.5014,87.2566,180,0,R476,novalue
1439,C2005,YES,246.1184,87.2439,180,0,R476,novalue
1440,C754,YES,162.7607,57.6250,180,0,R476,novalue
1441,C945,YES,88.5165,57.6758,180,0,R476,novalue
1442,C1909,YES,259.2146,58.3540,180,0,R476,novalue
1443,C1253,YES,86.6623,58.4378,180,0,R476,novalue
1444,C1080,YES,315.5721,63.4975,180,0,R476,novalue
1445,C819,YES,118.1583,57.7012,180,0,R476,novalue
1446,C1035,YES,285.8948,63.4594,180,0,R476,novalue
1447,C842,YES,70.9143,57.5996,180,0,R476,novalue
1448,C1093,YES,146.0221,58.3870,180,0,R476,novalue
1449,C831,YES,103.3678,87.1423,180,0,R476,novalue
1450,C765,YES,177.4419,87.2795,180,0,R476,novalue
1451,C779,YES,162.6591,87.1525,180,0,R476,novalue
1452,C792,YES,147.7747,87.2541,180,0,R476,novalue
1453,C806,YES,132.9461,87.1804,180,0,R476,novalue
1454,C817,YES,118.1506,87.2566,180,0,R476,novalue
1455,C795,YES,147.8509,57.5742,180,0,R476,novalue
1456,C985,YES,281.0256,102.8319,180,0,R476,novalue
1457,C1013,YES,271.0612,63.4213,180,0,R476,novalue
1458,C1705,YES,268.1249,63.3882,180,0,R476,novalue
1459,C768,YES,177.5435,57.6504,180,0,R476,novalue
1460,C1143,YES,175.6639,58.4378,180,0,R476,novalue
1461,C950,YES,83.5838,92.9792,180,0,R476,novalue
1462,C738,YES,320.4642,57.6936,180,0,R476,novalue
1463,C2023,YES,241.2797,93.0478,180,0,R476,novalue
1464,C943,YES,88.4733,87.1169,180,0,R476,novalue
1465,C2012,YES,256.2174,63.4213,180,0,R476,novalue
1466,C1015,YES,290.6293,87.3201,180,0,R476,novalue
1467,C1029,YES,275.7957,87.2820,180,0,R476,novalue
1468,C2025,YES,241.3838,63.3832,180,0,R476,novalue
1469,C2054,YES,238.4476,63.3501,180,0,R476,novalue
1470,C1571,YES,154.9527,63.3501,180,0,R476,novalue
1471,C1074,YES,305.4756,87.3201,180,0,R476,novalue
1472,C2077,YES,256.1133,93.0859,180,0,R476,novalue
1473,C736,YES,320.3092,87.3582,180,0,R476,novalue
1474,C734,YES,300.7385,63.4594,180,0,R476,novalue
1475,C707,YES,305.6306,57.6555,180,0,R476,novalue
1476,C1461,YES,318.5693,58.4302,180,0,R476,novalue
1477,C533,YES,133.0173,57.5488,180,0,R476,novalue
1478,C1054,YES,213.5403,103.6320,180,0,R476,novalue
1479,C1669,YES,288.8920,58.3921,180,0,R476,novalue
1480,C1011,YES,270.9570,93.0859,180,0,R476,novalue
1481,C1017,YES,290.7843,57.6555,180,0,R476,novalue
1482,C1041,YES,228.3739,103.6701,180,0,R476,novalue
1483,C1766,YES,229.2655,103.6650,180,0,R476,novalue
1484,C1177,YES,125.2753,63.3120,180,0,R476,novalue
1485,C939,YES,68.7502,92.9335,180,0,R476,novalue
1486,C844,YES,64.4093,94.6277,180,0,R476,novalue
1487,C813,YES,98.4275,92.9716,180,0,R476,novalue
1488,C1057,YES,221.6683,102.7557,180,0,R476,novalue
1489,C2073,YES,261.1044,57.6174,180,0,R476,novalue
1490,C1004,YES,275.9507,57.6174,180,0,R476,novalue
1491,C732,YES,300.6369,93.1240,180,0,R476,novalue
1492,R290,YES,106.9137,84.7522,180,0,R476,novalue
1493,R282,YES,136.5936,84.6658,180,0,R476,novalue
1494,C1830,YES,244.1118,103.6650,180,0,R476,novalue
1495,C1086,YES,236.5146,102.7557,180,0,R476,novalue
1496,C730,YES,243.2202,103.6701,180,0,R476,novalue
1497,C1109,YES,116.3295,58.4632,180,0,R476,novalue
1498,C1084,YES,251.3482,102.7938,180,0,R476,novalue
1499,R220,YES,166.2735,84.8055,180,0,R476,novalue
1500,C2021,YES,237.0557,65.0951,180,0,R476,novalue
1501,C743,YES,315.4705,93.1621,180,0,R476,novalue
1502,C1358,YES,65.6869,106.3625,180,0,R476,novalue
1503,C1406,YES,86.5276,106.4260,180,0,R476,novalue
1504,C1407,YES,80.5332,106.3625,180,0,R476,novalue
1505,C2001,YES,251.7724,94.7801,180,0,R476,novalue
1506,C1422,YES,95.3668,106.4006,180,0,R476,novalue
1507,C2007,YES,251.8893,65.1332,180,0,R476,novalue
1508,C1008,YES,266.7356,65.1332,180,0,R476,novalue
1509,C1031,YES,281.5692,65.1713,180,0,R476,novalue
1510,C711,YES,296.4129,65.1713,180,0,R476,novalue
1511,C1076,YES,311.2465,65.2094,180,0,R476,novalue
1512,C1024,YES,281.4523,94.8182,180,0,R476,novalue
1513,C709,YES,296.2961,94.8182,180,0,R476,novalue
1514,C745,YES,311.1297,94.8563,180,0,R476,novalue
1515,C1006,YES,266.6187,94.7801,180,0,R476,novalue
1516,C2019,YES,236.9388,94.7420,180,0,R476,novalue
1517,C1423,YES,101.3612,106.4641,180,0,R476,novalue
1518,C1278,YES,116.2050,106.4641,180,0,R476,novalue
1519,C1279,YES,110.2106,106.4006,180,0,R476,novalue
1520,C1294,YES,125.0442,106.4387,180,0,R476,novalue
1521,C750,YES,172.7225,63.4213,180,0,R476,novalue
1522,C1338,YES,56.7360,103.5507,180,0,R476,novalue
1523,C890,YES,55.8444,103.5558,180,0,R476,novalue
1524,C1295,YES,130.9116,106.5022,180,0,R476,novalue
1525,C2016,YES,246.2708,57.5793,180,0,R476,novalue
1526,C952,YES,79.2429,94.6760,180,0,R476,novalue
1527,C1359,YES,71.6813,106.4260,180,0,R476,novalue
1528,C1343,YES,50.9016,106.3244,180,0,R476,novalue
1529,C1342,YES,56.8477,106.3879,180,0,R476,novalue
1530,C987,YES,266.1920,102.7938,180,0,R476,novalue
1531,C689,YES,103.3247,57.6758,180,0,R476,novalue
1532,C1986,YES,295.8719,102.8319,180,0,R476,novalue
1533,C1135,YES,130.9345,136.1821,180,0,R476,novalue
1534,C1334,YES,49.1007,108.5088,180,0,R476,novalue
1535,C886,YES,49.1795,102.6592,180,0,R476,novalue
1536,C691,YES,94.0892,94.6658,180,0,R476,novalue
1537,C824,YES,113.2611,93.0097,180,0,R476,novalue
1538,C1529,YES,297.8023,63.4263,180,0,R476,novalue
1539,C781,YES,168.3969,65.1332,180,0,R476,novalue
1540,C1984,YES,310.7055,102.8700,180,0,R476,novalue
1541,C2043,YES,116.1009,136.1288,180,0,R476,novalue
1542,C1374,YES,95.2627,136.0653,180,0,R476,novalue
1543,C1375,YES,101.2571,136.1288,180,0,R476,novalue
1544,C1390,YES,86.4235,136.0907,180,0,R476,novalue
1545,C1391,YES,80.4291,136.0272,180,0,R476,novalue
1546,C759,YES,153.5633,65.0951,180,0,R476,novalue
1547,C1538,YES,175.6461,62.3646,180,0,R476,novalue
1548,C2044,YES,110.1065,136.0653,180,0,R476,novalue
1549,C1350,YES,71.5696,103.5888,180,0,R476,novalue
1550,C895,YES,70.6780,103.5939,180,0,R476,novalue
1551,C1134,YES,124.9401,136.1034,180,0,R476,novalue
1552,C1414,YES,86.4159,103.5888,180,0,R476,novalue
1553,C919,YES,85.5243,103.5939,180,0,R476,novalue
1554,C1311,YES,71.5772,136.0907,180,0,R476,novalue
1555,C1398,YES,101.2495,103.6269,180,0,R476,novalue
1556,C906,YES,100.3579,103.6320,180,0,R476,novalue
1557,C1310,YES,65.5828,136.0272,180,0,R476,novalue
1558,C1286,YES,116.0932,103.6269,180,0,R476,novalue
1559,C2065,YES,115.2017,103.6320,180,0,R476,novalue
1560,C1327,YES,50.7492,135.9891,180,0,R476,novalue
1561,C1326,YES,56.7436,136.0526,180,0,R476,novalue
1562,C1250,YES,86.6115,62.4027,180,0,R476,novalue
1563,C1249,YES,79.2810,62.0014,180,0,R476,novalue
1564,C808,YES,138.7170,65.0951,180,0,R476,novalue
1565,C833,YES,109.0397,65.1840,180,0,R476,novalue
1566,C1537,YES,168.3182,62.0852,180,0,R476,novalue
1567,C1570,YES,160.8125,62.3265,180,0,R476,novalue
1568,C1154,YES,145.9687,62.3265,180,0,R476,novalue
1569,C786,YES,123.8834,65.0570,180,0,R476,novalue
1570,C1775,YES,208.5492,106.4006,180,0,R476,novalue
1571,C1569,YES,153.4846,62.0471,180,0,R476,novalue
1572,C1153,YES,138.6383,62.0471,180,0,R476,novalue
1573,C1186,YES,131.1351,62.2884,180,0,R476,novalue
1574,C1185,YES,123.8047,62.0090,180,0,R476,novalue
1575,C1202,YES,116.2888,62.4154,180,0,R476,novalue
1576,C1201,YES,108.9609,62.1360,180,0,R476,novalue
1577,C1234,YES,101.4552,62.3773,180,0,R476,novalue
1578,C1332,YES,58.6257,108.5088,180,0,R476,novalue
1579,C888,YES,60.2386,109.3724,180,0,R476,novalue
1580,C1233,YES,94.1273,62.0979,180,0,R476,novalue
1581,C1352,YES,63.9343,108.5469,180,0,R476,novalue
1582,C1354,YES,73.4593,108.5469,180,0,R476,novalue
1583,C897,YES,75.2043,109.0041,180,0,R476,novalue
1584,C1586,YES,69.0093,62.3189,180,0,R476,novalue
1585,C1418,YES,78.7806,108.5469,180,0,R476,novalue
1586,C1416,YES,88.3056,108.5469,180,0,R476,novalue
1587,C926,YES,89.9185,109.4105,180,0,R476,novalue
1588,C915,YES,104.7521,109.4486,180,0,R476,novalue
1589,C1400,YES,103.1392,108.5850,180,0,R476,novalue
1590,C1366,YES,93.6142,108.5850,180,0,R476,novalue
1591,C1585,YES,61.6788,62.0395,180,0,R476,novalue
1592,C697,YES,119.5959,109.4486,180,0,R476,novalue
1593,C1288,YES,117.9830,108.5850,180,0,R476,novalue
1594,C1290,YES,108.4580,108.5850,180,0,R476,novalue
1595,C693,YES,94.2061,65.1459,180,0,R476,novalue
1596,C788,YES,128.1074,93.0097,180,0,R476,novalue
1597,C1774,YES,214.5436,106.4641,180,0,R476,novalue
1598,C2069,YES,108.4961,102.7176,180,0,R476,novalue
1599,C1790,YES,223.3828,106.4387,180,0,R476,novalue
1600,C922,YES,93.6523,102.7176,180,0,R476,novalue
1601,C1791,YES,229.3772,106.5022,180,0,R476,novalue
1602,C924,YES,78.8187,102.6795,180,0,R476,novalue
1603,C1743,YES,223.2787,136.1034,180,0,R476,novalue
1604,C901,YES,63.9724,102.6795,180,0,R476,novalue
1605,C1742,YES,229.2731,136.1669,180,0,R476,novalue
1606,C959,YES,79.3598,65.1713,180,0,R476,novalue
1607,C1502,YES,238.1250,136.1034,180,0,R476,novalue
1608,C1503,YES,244.1194,136.1669,180,0,R476,novalue
1609,C799,YES,142.9410,93.0478,180,0,R476,novalue
1610,C1663,YES,288.6075,106.5784,180,0,R476,novalue
1611,C1758,YES,214.4395,136.1288,180,0,R476,novalue
1612,C2035,YES,130.9268,103.6650,180,0,R476,novalue
1613,C856,YES,130.0353,103.6701,180,0,R476,novalue
1614,C1759,YES,208.4451,136.0653,180,0,R476,novalue
1615,C1486,YES,258.9530,136.2050,180,0,R476,novalue
1616,C2037,YES,132.8166,108.6231,180,0,R476,novalue
1617,C1126,YES,123.2916,108.6231,180,0,R476,novalue
1618,C1487,YES,252.9586,136.1415,180,0,R476,novalue
1619,C1870,YES,297.4823,136.1796,180,0,R476,novalue
1620,C2067,YES,123.3297,102.7557,180,0,R476,novalue
1621,C1871,YES,303.4767,136.2431,180,0,R476,novalue
1622,C1854,YES,312.3159,136.2177,180,0,R476,novalue
1623,C1059,YES,206.8347,102.7176,180,0,R476,novalue
1624,C1855,YES,318.2341,136.2812,180,0,R476,novalue
1625,C1839,YES,259.0571,106.5403,180,0,R476,novalue
1626,C1838,YES,253.0627,106.4768,180,0,R476,novalue
1627,C1823,YES,238.2291,106.4387,180,0,R476,novalue
1628,C1822,YES,244.2235,106.5022,180,0,R476,novalue
1629,C761,YES,157.7848,93.0478,180,0,R476,novalue
1630,C772,YES,172.6184,93.0859,180,0,R476,novalue
1631,C1662,YES,282.7401,106.5149,180,0,R476,novalue
1632,C1647,YES,267.9065,106.4768,180,0,R476,novalue
1633,C1646,YES,273.9009,106.5403,180,0,R476,novalue
1634,C1614,YES,288.6304,136.2431,180,0,R476,novalue
1635,C1139,YES,176.5198,95.6589,180,0,R476,novalue
1636,C957,YES,73.5635,87.1296,180,0,R476,novalue
1637,C1793,YES,296.3342,62.1233,180,0,R476,novalue
1638,C1615,YES,282.6360,136.1796,180,0,R476,novalue
1639,C1630,YES,267.8024,136.1415,180,0,R476,novalue
1640,C1631,YES,273.7968,136.2050,180,0,R476,novalue
1641,C1506,YES,318.4982,62.4408,180,0,R476,novalue
1642,C1505,YES,311.1678,62.1614,180,0,R476,novalue
1643,C1794,YES,303.6646,62.4027,180,0,R476,novalue
1644,C801,YES,138.6002,94.7420,180,0,R476,novalue
1645,C1681,YES,281.4904,62.1233,180,0,R476,novalue
1646,C1061,YES,216.4867,109.3724,180,0,R476,novalue
1647,C1780,YES,214.5182,108.5596,180,0,R476,novalue
1648,C1782,YES,208.5492,108.5596,180,0,R476,novalue
1649,C1050,YES,231.3203,109.4105,180,0,R476,novalue
1650,C1768,YES,229.3518,108.5977,180,0,R476,novalue
1651,C1786,YES,223.3828,108.5977,180,0,R476,novalue
1652,C1682,YES,288.8183,62.4027,180,0,R476,novalue
1653,C1834,YES,238.2291,108.5977,180,0,R476,novalue
1654,C763,YES,157.8889,63.3832,180,0,R476,novalue
1655,C1887,YES,297.5864,106.5149,180,0,R476,novalue
1656,C1814,YES,258.9454,103.7031,180,0,R476,novalue
1657,C717,YES,258.0538,103.7082,180,0,R476,novalue
1658,C1714,YES,273.9847,62.3646,180,0,R476,novalue
1659,C1654,YES,273.7891,103.7031,180,0,R476,novalue
1660,C982,YES,272.8976,103.7082,180,0,R476,novalue
1661,C1713,YES,266.6568,62.0852,180,0,R476,novalue
1662,C1638,YES,288.6227,103.7412,180,0,R476,novalue
1663,C969,YES,287.7312,103.7463,180,0,R476,novalue
1664,C1906,YES,259.1410,62.3646,180,0,R476,novalue
1665,C1894,YES,303.4690,103.7412,180,0,R476,novalue
1666,C1981,YES,302.5775,103.7463,180,0,R476,novalue
1667,C1905,YES,251.8105,62.0852,180,0,R476,novalue
1668,C1938,YES,244.3074,62.3265,180,0,R476,novalue
1669,C1937,YES,236.9769,62.0471,180,0,R476,novalue
1670,C1886,YES,303.5808,106.5784,180,0,R476,novalue
1671,C756,YES,153.4465,94.7420,180,0,R476,novalue
1672,C660,YES,303.3827,114.7394,180,0,R476,novalue
1673,C1902,YES,312.4200,106.5530,180,0,R476,novalue
1674,C1903,YES,318.3382,106.6165,180,0,R476,novalue
1675,R229,YES,356.8421,55.1840,180,0,R476,novalue
1676,C774,YES,168.2801,94.7801,180,0,R476,novalue
1677,C535,YES,123.7666,94.7039,180,0,R476,novalue
1678,C1022,YES,285.7906,93.1240,180,0,R476,novalue
1679,C631,YES,56.6522,114.5489,180,0,R476,novalue
1680,C560,YES,273.7053,114.7013,180,0,R476,novalue
1681,C620,YES,244.0254,114.6632,180,0,R476,novalue
1682,C600,YES,214.3481,114.6251,180,0,R476,novalue
1683,C610,YES,116.0094,114.6251,180,0,R476,novalue
1684,C650,YES,86.3295,114.5870,180,0,R476,novalue
1685,C826,YES,108.9228,94.7039,180,0,R476,novalue
1686,C1449,YES,63.1469,63.3425,180,0,R476,novalue
1687,C641,YES,312.6156,70.6958,180,0,R476,novalue
1688,C638,YES,306.8650,70.5942,180,0,R476,novalue
1689,C639,YES,305.9100,70.5942,180,0,R476,novalue
1690,C581,YES,282.9382,70.6577,180,0,R476,novalue
1691,C529,YES,143.0452,63.3832,180,0,R476,novalue
1692,R322,YES,77.1576,84.6887,180,0,R476,novalue
1693,C790,YES,128.2116,63.3451,180,0,R476,novalue
1694,C579,YES,276.2326,70.5561,180,0,R476,novalue
1695,C578,YES,277.1851,70.5561,180,0,R476,novalue
1696,C1952,YES,246.1666,109.4105,180,0,R476,novalue
1697,C1832,YES,244.1981,108.5977,180,0,R476,novalue
1698,C726,YES,261.0002,109.4486,180,0,R476,novalue
1699,C1816,YES,259.0317,108.6358,180,0,R476,novalue
1700,C1478,YES,253.0627,108.6358,180,0,R476,novalue
1701,C681,YES,253.2609,70.6196,180,0,R476,novalue
1702,C989,YES,275.8440,109.4486,180,0,R476,novalue
1703,C1656,YES,273.8755,108.6358,180,0,R476,novalue
1704,C1658,YES,267.9065,108.6358,180,0,R476,novalue
1705,C678,YES,247.5306,70.5942,180,0,R476,novalue
1706,C978,YES,290.6776,109.4867,180,0,R476,novalue
1707,C1640,YES,288.7091,108.6739,180,0,R476,novalue
1708,C1606,YES,282.7401,108.6739,180,0,R476,novalue
1709,C679,YES,246.5807,70.5942,180,0,R476,novalue
1710,C1898,YES,297.5864,108.6739,180,0,R476,novalue
1711,C436,YES,169.7660,70.6196,180,0,R476,novalue
1712,C941,YES,66.0832,63.3755,180,0,R476,novalue
1713,C571,YES,140.0886,70.5815,180,0,R476,novalue
1714,C1878,YES,318.3026,103.7793,180,0,R476,novalue
1715,C1968,YES,317.4111,103.7844,180,0,R476,novalue
1716,C433,YES,164.2923,70.4164,180,0,R476,novalue
1717,C434,YES,163.3398,70.4164,180,0,R476,novalue
1718,C846,YES,61.7576,65.0875,180,0,R476,novalue
1719,C815,YES,98.5317,63.4340,180,0,R476,novalue
1720,C963,YES,83.6854,63.4594,180,0,R476,novalue
1721,C568,YES,134.6124,70.3783,180,0,R476,novalue
1722,C569,YES,133.6624,70.3783,180,0,R476,novalue
1723,C1988,YES,305.5239,109.4867,180,0,R476,novalue
1724,C1896,YES,303.5554,108.6739,180,0,R476,novalue
1725,C1977,YES,320.3575,109.5248,180,0,R476,novalue
1726,C1880,YES,318.3890,108.7120,180,0,R476,novalue
1727,C1846,YES,312.4200,108.7120,180,0,R476,novalue
1728,C1225,YES,95.5954,63.4009,180,0,R476,novalue
1729,C1306,YES,63.8302,138.2116,180,0,R476,novalue
1730,C591,YES,110.4087,70.6704,180,0,R476,novalue
1731,C1318,YES,58.5216,138.1735,180,0,R476,novalue
1732,C589,YES,103.9825,70.4672,180,0,R476,novalue
1733,C877,YES,55.7403,133.2205,180,0,R476,novalue
1734,C1316,YES,56.6318,133.2154,180,0,R476,novalue
1735,C588,YES,104.9350,70.4672,180,0,R476,novalue
1736,C883,YES,49.0880,132.3213,180,0,R476,novalue
1737,C671,YES,80.6780,70.6196,180,0,R476,novalue
1738,C852,YES,108.3920,132.3823,180,0,R476,novalue
1739,C668,YES,75.2069,70.4164,180,0,R476,novalue
1740,C669,YES,74.2518,70.4164,180,0,R476,novalue
1741,C935,YES,93.5482,132.3823,180,0,R476,novalue
1742,C931,YES,85.4202,133.2586,180,0,R476,novalue
1743,C1382,YES,86.3117,133.2535,180,0,R476,novalue
1744,C248,YES,356.8217,58.8061,180,0,R476,novalue
1745,C2492,YES,383.3597,129.2225,180,0,R476,novalue
1746,C870,YES,70.5739,133.2586,180,0,R476,novalue
1747,C1301,YES,71.4654,133.2535,180,0,R476,novalue
1748,C703,YES,119.4918,139.1133,180,0,R476,novalue
1749,C2033,YES,117.8789,138.2497,180,0,R476,novalue
1750,C2493,YES,384.3757,130.1115,180,0,R476,novalue
1751,R374,YES,380.4641,129.8321,180,0,R476,novalue
1752,C2497,YES,359.4837,129.2225,180,0,R476,novalue
1753,C1380,YES,93.5101,138.2497,180,0,R476,novalue
1754,C2498,YES,360.4997,130.1115,180,0,R476,novalue
1755,C1402,YES,103.0351,138.2497,180,0,R476,novalue
1756,C904,YES,104.6480,139.1133,180,0,R476,novalue
1757,C1396,YES,88.2015,138.2116,180,0,R476,novalue
1758,C933,YES,89.8144,139.0752,180,0,R476,novalue
1759,C937,YES,78.7527,132.3619,180,0,R476,novalue
1760,R375,YES,352.2955,129.8321,180,0,R476,novalue
1761,R376,YES,356.8421,129.8321,180,0,R476,novalue
1762,C872,YES,74.9681,139.0752,180,0,R476,novalue
1763,C1304,YES,73.3552,138.2116,180,0,R476,novalue
1764,R373,YES,376.2223,129.9845,180,0,R476,novalue
1765,C874,YES,63.9343,132.3213,180,0,R476,novalue
1766,C837,YES,113.3653,63.4721,180,0,R476,novalue
1767,C881,YES,60.1345,139.0371,180,0,R476,novalue
1768,R443,YES,203.8325,84.2137,180,0,R476,novalue
1769,C913,YES,100.2538,133.2967,180,0,R476,novalue
1770,R470,YES,54.3077,162.4076,180,0,R476,novalue
1771,C2906,YES,319.0469,162.8521,180,0,R476,novalue
1772,C701,YES,115.0976,133.2967,180,0,R476,novalue
1773,C1270,YES,115.9891,133.2916,180,0,R476,novalue
1774,R477,YES,195.0187,109.8169,180,0,R476,novalue
1775,C303,YES,200.8607,81.7550,180,0,R476,novalue
1776,C850,YES,123.2256,132.4204,180,0,R476,novalue
1777,C2039,YES,132.7125,138.2878,180,0,R476,novalue
1778,C140,YES,28.3413,92.1436,180,0,R476,novalue
1779,C1268,YES,123.1875,138.2878,180,0,R476,novalue
1780,C854,YES,134.3254,139.1514,180,0,R476,novalue
1781,C865,YES,134.4295,109.4867,180,0,R476,novalue
1782,C125,YES,247.0912,184.0078,180,0,R476,novalue
1783,C863,YES,129.9312,133.3348,180,0,R476,novalue
1784,C134,YES,248.0183,184.0078,180,0,R476,novalue
1785,C126,YES,245.2878,184.0078,180,0,R476,novalue
1786,C135,YES,246.1641,184.0078,180,0,R476,novalue
1787,C127,YES,243.4844,184.0078,180,0,R476,novalue
1788,C1748,YES,223.2635,138.2700,180,0,R476,novalue
1789,C1770,YES,229.2833,138.3208,180,0,R476,novalue
1790,C1039,YES,231.2391,139.1082,180,0,R476,novalue
1791,C136,YES,244.4115,184.0078,180,0,R476,novalue
1792,C1764,YES,214.4243,138.2954,180,0,R476,novalue
1793,C1068,YES,216.3293,139.0320,180,0,R476,novalue
1794,C128,YES,242.6208,184.0840,180,0,R476,novalue
1795,C137,YES,241.6937,184.0840,180,0,R476,novalue
1796,C1066,YES,213.4362,133.2967,180,0,R476,novalue
1797,C1750,YES,214.3277,133.2916,180,0,R476,novalue
1798,R166,YES,38.3007,144.7165,180,0,R476,novalue
1799,R23,YES,37.4117,144.7165,180,0,R476,novalue
1800,C1072,YES,206.7306,132.3823,180,0,R476,novalue
1801,C183,YES,43.7617,146.3675,180,0,R476,novalue
1802,C2912,YES,39.8501,163.7665,180,0,R476,novalue
1803,C1070,YES,221.5642,132.4204,180,0,R476,novalue
1804,C2911,YES,34.6100,163.8376,180,0,R476,novalue
1805,C1048,YES,228.2698,133.3348,180,0,R476,novalue
1806,C540,YES,7.5641,142.9080,180,0,R476,novalue
1807,C1963,YES,236.4105,132.4204,180,0,R476,novalue
1808,C551,YES,231.2289,181.5440,180,0,R476,novalue
1809,C1957,YES,243.1161,133.3348,180,0,R476,novalue
1810,C1494,YES,244.0076,133.3297,180,0,R476,novalue
1811,C552,YES,230.3018,181.5440,180,0,R476,novalue
1812,C1876,YES,303.4767,138.4148,180,0,R476,novalue
1813,C380,YES,218.7550,70.4875,180,0,R476,novalue
1814,C383,YES,218.7550,82.5525,180,0,R476,novalue
1815,C385,YES,218.6661,80.2157,180,0,R476,novalue
1816,C378,YES,227.5180,70.4875,180,0,R476,novalue
1817,C1620,YES,282.6614,138.3640,180,0,R476,novalue
1818,C1642,YES,288.6304,138.4148,180,0,R476,novalue
1819,C967,YES,290.5481,139.1768,180,0,R476,novalue
1820,C367,YES,46.2356,80.8761,180,0,R476,novalue
1821,C373,YES,54.9986,80.8761,180,0,R476,novalue
1822,C1636,YES,273.7968,138.3767,180,0,R476,novalue
1823,C996,YES,275.7145,139.1387,180,0,R476,novalue
1824,C376,YES,46.2356,92.9411,180,0,R476,novalue
1825,C1492,YES,252.9840,138.3259,180,0,R476,novalue
1826,C1818,YES,258.9530,138.3767,180,0,R476,novalue
1827,C715,YES,260.8707,139.1387,180,0,R476,novalue
1828,C1812,YES,244.1194,138.3386,180,0,R476,novalue
1829,C1959,YES,246.0371,139.1006,180,0,R476,novalue
1830,C371,YES,46.1467,90.6043,180,0,R476,novalue
1831,C4,YES,227.2640,66.0679,180,0,R476,novalue
1832,C1961,YES,251.2441,132.4585,180,0,R476,novalue
1833,R155,YES,227.2386,68.5571,180,0,R476,novalue
1834,R157,YES,226.3750,68.5571,180,0,R476,novalue
1835,C724,YES,257.9497,133.3729,180,0,R476,novalue
1836,C244,YES,220.3044,66.0171,180,0,R476,novalue
1837,C1000,YES,266.0879,132.4585,180,0,R476,novalue
1838,C241,YES,219.4408,66.0171,180,0,R476,novalue
1839,C242,YES,221.1680,66.0171,180,0,R476,novalue
1840,C1622,YES,273.6850,133.3678,180,0,R476,novalue
1841,C994,YES,272.7935,133.3729,180,0,R476,novalue
1842,C998,YES,280.9215,132.4966,180,0,R476,novalue
1843,C75,YES,222.8952,66.0171,180,0,R476,novalue
1844,C976,YES,287.6271,133.4110,180,0,R476,novalue
1845,C78,YES,222.0316,66.0171,180,0,R476,novalue
1846,C1999,YES,295.7678,132.4966,180,0,R476,novalue
1847,R163,YES,225.5114,68.5571,180,0,R476,novalue
1848,C1993,YES,302.4734,133.4110,180,0,R476,novalue
1849,C1862,YES,303.3649,133.4059,180,0,R476,novalue
1850,R153,YES,221.2696,68.5571,180,0,R476,novalue
1851,R156,YES,220.4060,68.5571,180,0,R476,novalue
1852,C1860,YES,312.3413,138.4021,180,0,R476,novalue
1853,C1966,YES,320.2280,139.2149,180,0,R476,novalue
1854,C1995,YES,305.3944,139.1768,180,0,R476,novalue
1855,C1882,YES,318.3103,138.4529,180,0,R476,novalue
1856,C1997,YES,310.6014,132.5347,180,0,R476,novalue
1857,R207,YES,224.6478,68.5571,180,0,R476,novalue
1858,R206,YES,222.1332,68.5571,180,0,R476,novalue
1859,C1975,YES,317.3070,133.4491,180,0,R476,novalue
1860,R149,YES,223.7842,68.5571,180,0,R476,novalue
1861,C1532,YES,317.8150,85.7072,180,0,R476,novalue
1862,C1803,YES,302.9814,85.6691,180,0,R476,novalue
1863,C1708,YES,288.1376,85.6691,180,0,R476,novalue
1864,C1723,YES,273.3040,85.6310,180,0,R476,novalue
1865,C1932,YES,258.4577,85.6310,180,0,R476,novalue
1866,R232,YES,377.3399,127.3937,180,0,R476,novalue
1867,C1947,YES,243.6241,85.5929,180,0,R476,novalue
1868,C2056,YES,239.1639,86.0552,180,0,R476,novalue
1869,C1580,YES,174.9781,85.6107,180,0,R476,novalue
1870,R2,YES,354.8609,127.7239,180,0,R476,novalue
1871,R246,YES,353.9719,128.5367,180,0,R476,novalue
1872,C1147,YES,160.1699,85.5853,180,0,R476,novalue
1873,C1195,YES,145.2855,85.5599,180,0,R476,novalue
1874,C1196,YES,130.5027,85.5345,180,0,R476,novalue
1875,C1228,YES,115.6437,85.5853,180,0,R476,novalue
1876,C1211,YES,96.1873,85.9663,180,0,R476,novalue
1877,C1243,YES,100.8101,85.5345,180,0,R476,novalue
1878,C1452,YES,85.9511,85.5345,180,0,R476,novalue
1879,C1595,YES,71.1149,85.5142,180,0,R476,novalue
1880,C1435,YES,66.5099,86.1136,180,0,R476,novalue
1881,C1468,YES,317.9699,55.9943,180,0,R476,novalue
1882,C1804,YES,303.1363,55.9562,180,0,R476,novalue
1883,C55,YES,233.0196,181.5694,180,0,R476,novalue
1884,C50,YES,232.0925,181.5694,180,0,R476,novalue
1885,C49,YES,233.8832,181.5694,180,0,R476,novalue
1886,C1676,YES,288.3891,56.1340,180,0,R476,novalue
1887,C1724,YES,273.4564,55.9181,180,0,R476,novalue
1888,C1916,YES,258.6126,55.9181,180,0,R476,novalue
1889,C1948,YES,243.7790,55.8800,180,0,R476,novalue
1890,R481,YES,4.2139,149.0345,180,0,R476,novalue
1891,C1548,YES,175.1051,55.8673,180,0,R476,novalue
1892,R134,YES,15.1257,147.8153,180,0,R476,novalue
1893,C1148,YES,160.2715,55.9181,180,0,R476,novalue
1894,C1163,YES,145.4379,55.9435,180,0,R476,novalue
1895,C1116,YES,115.7453,55.9689,180,0,R476,novalue
1896,C1244,YES,100.8863,55.9435,180,0,R476,novalue
1897,R96,YES,247.8303,167.5917,180,0,R476,novalue
1898,C1260,YES,86.0273,55.9943,180,0,R476,novalue
1899,C1596,YES,68.4759,55.8673,180,0,R476,novalue
1900,C1099,YES,130.5789,55.8419,180,0,R476,novalue
1901,C2506,YES,391.1067,149.2885,180,0,R476,novalue
1902,C354,YES,46.9214,76.4057,180,0,R476,novalue
1903,C349,YES,47.7850,76.4057,180,0,R476,novalue
1904,C347,YES,48.6486,76.4057,180,0,R476,novalue
1905,C359,YES,49.5122,76.4057,180,0,R476,novalue
1906,C365,YES,50.3758,76.4057,180,0,R476,novalue
1907,C138,YES,240.0554,181.4551,180,0,R476,novalue
1908,C51,YES,240.9825,181.4551,180,0,R476,novalue
1909,C363,YES,54.7192,76.4057,180,0,R476,novalue
1910,R178,YES,51.2648,78.9457,180,0,R476,novalue
1911,R182,YES,48.7502,78.9457,180,0,R476,novalue
1912,R202,YES,49.6138,78.9457,180,0,R476,novalue
1913,R254,YES,243.2583,168.0997,180,0,R476,novalue
1914,R203,YES,52.1284,78.9457,180,0,R476,novalue
1915,R185,YES,47.8866,78.9457,180,0,R476,novalue
1916,R184,YES,54.7192,78.9457,180,0,R476,novalue
1917,R256,YES,247.0683,174.5767,180,0,R476,novalue
1918,R186,YES,53.8556,78.9457,180,0,R476,novalue
1919,R191,YES,52.9920,78.9457,180,0,R476,novalue
1920,R545,YES,163.6370,112.0546,180,0,R476,novalue
1921,R541,YES,165.8620,112.2756,180,0,R476,novalue
1922,R99,YES,244.0203,176.1007,180,0,R476,novalue
1923,R101,YES,247.0683,176.4817,180,0,R476,novalue
1924,R344,YES,40.7238,79.3445,180,0,R476,novalue
1925,R531,YES,157.3784,105.4633,180,0,R476,novalue
1926,R88,YES,234.2896,157.1777,180,0,R476,novalue
1927,R87,YES,228.6533,158.8287,180,0,R476,novalue
1928,C54,YES,234.7468,181.5694,180,0,R476,novalue
1929,C53,YES,236.5375,181.5694,180,0,R476,novalue
1930,C48,YES,235.6104,181.5694,180,0,R476,novalue
1931,C52,YES,238.3917,181.5694,180,0,R476,novalue
1932,C47,YES,237.4646,181.5694,180,0,R476,novalue
1933,R95,YES,246.3063,160.3527,180,0,R476,novalue
1934,C708,YES,297.6575,93.7819,270,0,R476,novalue
1935,C1459,YES,305.0235,96.1695,270,0,R476,novalue
1936,C1513,YES,297.7032,96.9721,270,0,R476,novalue
1937,R325,YES,250.8453,79.4461,270,0,R476,novalue
1938,R323,YES,251.2416,82.2198,270,0,R476,novalue
1939,R321,YES,78.2676,79.4461,270,0,R476,novalue
1940,R319,YES,78.6613,82.6999,270,0,R476,novalue
1941,C1018,YES,282.8138,93.7819,270,0,R476,novalue
1942,C1721,YES,290.1798,96.1695,270,0,R476,novalue
1943,C1719,YES,282.8569,96.9721,270,0,R476,novalue
1944,C1005,YES,267.9802,93.7438,270,0,R476,novalue
1945,R309,YES,310.2051,79.5223,270,0,R476,novalue
1946,R307,YES,310.5988,82.2960,270,0,R476,novalue
1947,C1667,YES,275.3462,96.1314,270,0,R476,novalue
1948,C1799,YES,312.5368,97.0102,270,0,R476,novalue
1949,R240,YES,227.3325,175.0339,270,0,R476,novalue
1950,C1945,YES,260.4999,96.1314,270,0,R476,novalue
1951,C1943,YES,253.1796,96.9340,270,0,R476,novalue
1952,C2017,YES,238.3003,93.7057,270,0,R476,novalue
1953,C1317,YES,51.7398,132.7633,270,0,R476,novalue
1954,C1321,YES,54.9681,130.8151,270,0,R476,novalue
1955,R289,YES,107.9957,79.4969,270,0,R476,novalue
1956,R287,YES,108.3920,82.2706,270,0,R476,novalue
1957,R285,YES,280.5252,79.4842,270,0,R476,novalue
1958,R283,YES,280.9189,82.2579,270,0,R476,novalue
1959,R281,YES,137.6731,79.4080,270,0,R476,novalue
1960,R279,YES,138.0693,82.1817,270,0,R476,novalue
1961,C1927,YES,241.9375,95.0341,270,0,R476,novalue
1962,C1907,YES,245.6663,96.0933,270,0,R476,novalue
1963,C1689,YES,268.0233,96.9340,270,0,R476,novalue
1964,C1525,YES,301.4218,65.3694,270,0,R476,novalue
1965,R234,YES,246.5603,168.8617,270,0,R476,novalue
1966,R306,YES,59.6748,112.2934,270,0,R476,novalue
1967,R90,YES,226.4131,166.5757,270,0,R476,novalue
1968,C1801,YES,319.8571,96.2076,270,0,R476,novalue
1969,R537,YES,142.4076,105.4252,270,0,R476,novalue
1970,C1701,YES,271.7444,65.3313,270,0,R476,novalue
1971,C1672,YES,273.0170,63.8404,270,0,R476,novalue
1972,R102,YES,246.5324,164.6149,270,0,R476,novalue
1973,C1052,YES,212.6386,99.7585,270,0,R476,novalue
1974,C2050,YES,242.0671,65.2932,270,0,R476,novalue
1975,C1912,YES,243.3371,63.8023,270,0,R476,novalue
1976,C739,YES,312.4911,93.8200,270,0,R476,novalue
1977,C2074,YES,253.1339,93.7438,270,0,R476,novalue
1978,C1062,YES,225.2370,99.8220,270,0,R476,novalue
1979,C1056,YES,210.4034,99.7839,270,0,R476,novalue
1980,R435,YES,359.4202,59.3090,270,0,R476,novalue
1981,R434,YES,361.8332,59.3090,270,0,R476,novalue
1982,C1781,YES,209.5398,103.1748,270,0,R476,novalue
1983,C1783,YES,212.7682,101.2266,270,0,R476,novalue
1984,R219,YES,167.3530,79.4461,270,0,R476,novalue
1985,R218,YES,167.7467,82.2198,270,0,R476,novalue
1986,C387,YES,40.7873,77.3328,270,0,R476,novalue
1987,C1043,YES,227.4722,99.7966,270,0,R476,novalue
1988,R252,YES,227.3325,175.8975,270,0,R476,novalue
1989,C879,YES,54.8132,129.3393,270,0,R476,novalue
1990,R272,YES,407.4770,100.7110,270,0,R476,novalue
1991,R258,YES,227.3325,173.3067,270,0,R476,novalue
1992,R259,YES,227.3325,174.1703,270,0,R476,novalue
1993,C1322,YES,53.0123,131.2723,270,0,R476,novalue
1994,C878,YES,52.6034,129.3647,270,0,R476,novalue
1995,R143,YES,209.0268,76.1136,270,0,R476,novalue
1996,R270,YES,407.4719,112.4890,270,0,R476,novalue
1997,C728,YES,242.3643,99.8728,270,0,R476,novalue
1998,C1749,YES,227.6018,101.2647,270,0,R476,novalue
1999,C1320,YES,50.1421,130.8151,270,0,R476,novalue
2000,C1929,YES,238.3460,96.8959,270,0,R476,novalue
2001,C1960,YES,239.9792,129.4867,270,0,R476,novalue
2002,C1496,YES,237.5179,130.9294,270,0,R476,novalue
2003,R273,YES,407.4770,103.0986,270,0,R476,novalue
2004,R268,YES,407.4719,110.1522,270,0,R476,novalue
2005,C1908,YES,243.6343,95.0265,270,0,R476,novalue
2006,C1752,YES,207.8380,130.8913,270,0,R476,novalue
2007,C719,YES,257.1521,99.8347,270,0,R476,novalue
2008,C1866,YES,299.7454,131.4628,270,0,R476,novalue
2009,C1735,YES,212.6640,130.8913,270,0,R476,novalue
2010,C980,YES,271.9959,99.8347,270,0,R476,novalue
2011,C1063,YES,212.5345,129.4232,270,0,R476,novalue
2012,C1732,YES,207.9422,101.2266,270,0,R476,novalue
2013,R194,YES,56.2610,82.5525,270,0,R476,novalue
2014,R180,YES,53.0428,85.1687,270,0,R476,novalue
2015,R177,YES,53.0428,83.6447,270,0,R476,novalue
2016,R200,YES,50.6578,84.7115,270,0,R476,novalue
2017,R193,YES,50.6628,83.7768,270,0,R476,novalue
2018,R192,YES,50.6298,82.9081,270,0,R476,novalue
2019,C1624,YES,267.1953,130.9675,270,0,R476,novalue
2020,C355,YES,57.6148,84.3051,270,0,R476,novalue
2021,C1607,YES,272.0213,130.9675,270,0,R476,novalue
2022,R269,YES,407.4770,105.4608,270,0,R476,novalue
2023,C1179,YES,126.4056,56.0781,270,0,R476,novalue
2024,R271,YES,407.4973,107.7900,270,0,R476,novalue
2025,C1436,YES,64.2798,56.1086,270,0,R476,novalue
2026,R94,YES,245.8339,170.7109,270,0,R476,novalue
2027,C1259,YES,81.8820,56.1924,270,0,R476,novalue
2028,C903,YES,97.1169,129.4486,270,0,R476,novalue
2029,C1212,YES,96.7283,56.1670,270,0,R476,novalue
2030,C910,YES,99.3521,129.4232,270,0,R476,novalue
2031,C1115,YES,111.5619,56.2051,270,0,R476,novalue
2032,C1395,YES,99.4816,130.8913,270,0,R476,novalue
2033,C1100,YES,141.2392,56.1162,270,0,R476,novalue
2034,R98,YES,246.5603,166.3217,270,0,R476,novalue
2035,C1564,YES,156.0830,56.1162,270,0,R476,novalue
2036,C699,YES,114.1959,129.4232,270,0,R476,novalue
2037,C1547,YES,170.9166,56.1543,270,0,R476,novalue
2038,R235,YES,12.9667,150.7338,270,0,R476,novalue
2039,C2057,YES,239.5779,56.1162,270,0,R476,novalue
2040,C849,YES,111.9607,129.4486,270,0,R476,novalue
2041,C1915,YES,254.4115,56.1543,270,0,R476,novalue
2042,C1267,YES,111.0971,132.8395,270,0,R476,novalue
2043,C1692,YES,269.2552,56.1543,270,0,R476,novalue
2044,C1274,YES,112.3696,131.3485,270,0,R476,novalue
2045,C1675,YES,284.0888,56.1924,270,0,R476,novalue
2046,C1127,YES,114.3254,130.8913,270,0,R476,novalue
2047,C1516,YES,298.9351,56.1924,270,0,R476,novalue
2048,C1272,YES,109.4994,130.8913,270,0,R476,novalue
2049,C1467,YES,313.7687,56.2305,270,0,R476,novalue
2050,C1370,YES,94.6556,130.8913,270,0,R476,novalue
2051,C1300,YES,66.5734,132.8014,270,0,R476,novalue
2052,R298,YES,119.1082,112.2248,270,0,R476,novalue
2053,C1451,YES,81.7778,85.7021,270,0,R476,novalue
2054,C868,YES,69.6722,129.3851,270,0,R476,novalue
2055,C1303,YES,69.8017,130.8532,270,0,R476,novalue
2056,C869,YES,67.4370,129.4105,270,0,R476,novalue
2057,C1227,YES,111.4577,85.7402,270,0,R476,novalue
2058,C1367,YES,84.6480,130.8532,270,0,R476,novalue
2059,C1164,YES,126.3015,85.7402,270,0,R476,novalue
2060,C928,YES,84.5185,129.3851,270,0,R476,novalue
2061,C1180,YES,141.1351,85.7783,270,0,R476,novalue
2062,C1379,YES,81.4197,132.8014,270,0,R476,novalue
2063,C1563,YES,155.9814,85.7783,270,0,R476,novalue
2064,C1386,YES,82.6922,131.3104,270,0,R476,novalue
2065,C1579,YES,170.8150,85.8164,270,0,R476,novalue
2066,C934,YES,82.2833,129.4105,270,0,R476,novalue
2067,R314,YES,89.4283,112.1867,270,0,R476,novalue
2068,C1464,YES,302.6969,63.8785,270,0,R476,novalue
2069,C1931,YES,254.3073,85.8164,270,0,R476,novalue
2070,C1384,YES,79.8220,130.8532,270,0,R476,novalue
2071,C1691,YES,269.1536,85.8164,270,0,R476,novalue
2072,C853,YES,126.7943,129.4867,270,0,R476,novalue
2073,C1707,YES,283.9872,85.8545,270,0,R476,novalue
2074,C861,YES,129.0295,129.4613,270,0,R476,novalue
2075,C1515,YES,298.8310,85.8545,270,0,R476,novalue
2076,C2032,YES,129.1590,130.9294,270,0,R476,novalue
2077,C1531,YES,313.6646,85.8926,270,0,R476,novalue
2078,R211,YES,19.9492,93.1850,270,0,R476,novalue
2079,R217,YES,24.3942,144.3990,270,0,R476,novalue
2080,C971,YES,286.8295,99.8728,270,0,R476,novalue
2081,C990,YES,284.5943,99.8982,270,0,R476,novalue
2082,C1621,YES,286.9590,101.3409,270,0,R476,novalue
2083,C1979,YES,301.6758,99.8728,270,0,R476,novalue
2084,C1983,YES,299.4406,99.8982,270,0,R476,novalue
2085,C1891,YES,301.8053,101.3409,270,0,R476,novalue
2086,C1970,YES,316.5094,99.9109,270,0,R476,novalue
2087,C1989,YES,314.2742,99.9363,270,0,R476,novalue
2088,C1861,YES,316.6389,101.3790,270,0,R476,novalue
2089,C1539,YES,169.7380,65.5676,270,0,R476,novalue
2090,C1561,YES,154.9044,65.5295,270,0,R476,novalue
2091,C1559,YES,158.5722,65.2932,270,0,R476,novalue
2092,C1146,YES,159.8447,63.8023,270,0,R476,novalue
2093,C1097,YES,140.0607,65.5295,270,0,R476,novalue
2094,C1175,YES,125.2271,65.4914,270,0,R476,novalue
2095,C1173,YES,128.8948,65.2551,270,0,R476,novalue
2096,C1096,YES,130.1648,63.7642,270,0,R476,novalue
2097,C1113,YES,110.3808,65.6184,270,0,R476,novalue
2098,C1223,YES,95.5472,65.5803,270,0,R476,novalue
2099,C1221,YES,99.2149,65.3440,270,0,R476,novalue
2100,C1112,YES,100.4875,63.8531,270,0,R476,novalue
2101,C1257,YES,80.7009,65.6057,270,0,R476,novalue
2102,C1256,YES,68.0415,63.7946,270,0,R476,novalue
2103,C1445,YES,66.7664,65.2856,270,0,R476,novalue
2104,C690,YES,95.4481,93.6295,270,0,R476,novalue
2105,C1577,YES,169.6847,96.9340,270,0,R476,novalue
2106,C766,YES,169.6415,93.7438,270,0,R476,novalue
2107,C1555,YES,154.8511,96.8959,270,0,R476,novalue
2108,C753,YES,154.8079,93.7057,270,0,R476,novalue
2109,C1141,YES,162.1739,96.0933,270,0,R476,novalue
2110,C1191,YES,140.0073,96.8959,270,0,R476,novalue
2111,C793,YES,139.9616,93.7057,270,0,R476,novalue
2112,C1193,YES,147.3276,96.0933,270,0,R476,novalue
2113,C1161,YES,125.1737,96.8578,270,0,R476,novalue
2114,C532,YES,125.1280,93.6676,270,0,R476,novalue
2115,C1091,YES,132.4940,96.0552,270,0,R476,novalue
2116,C1239,YES,110.3274,96.8578,270,0,R476,novalue
2117,C820,YES,110.2817,93.6676,270,0,R476,novalue
2118,C1241,YES,117.6477,96.0552,270,0,R476,novalue
2119,C1107,YES,102.8141,96.0171,270,0,R476,novalue
2120,C1108,YES,100.7821,94.9503,270,0,R476,novalue
2121,C1207,YES,99.0854,94.9579,270,0,R476,novalue
2122,C1209,YES,95.4938,96.8197,270,0,R476,novalue
2123,C946,YES,80.6044,93.6371,270,0,R476,novalue
2124,C1593,YES,87.9704,96.0247,270,0,R476,novalue
2125,C1591,YES,80.6501,96.8273,270,0,R476,novalue
2126,C1251,YES,73.1368,95.9790,270,0,R476,novalue
2127,C887,YES,52.7075,99.7102,270,0,R476,novalue
2128,C892,YES,54.9427,99.6848,270,0,R476,novalue
2129,C898,YES,67.5411,99.7483,270,0,R476,novalue
2130,C899,YES,69.7763,99.7229,270,0,R476,novalue
2131,C921,YES,82.3874,99.7483,270,0,R476,novalue
2132,C917,YES,84.6226,99.7229,270,0,R476,novalue
2133,C927,YES,97.2210,99.7864,270,0,R476,novalue
2134,C908,YES,99.4562,99.7610,270,0,R476,novalue
2135,C1284,YES,111.2012,103.1748,270,0,R476,novalue
2136,C2066,YES,112.0648,99.7864,270,0,R476,novalue
2137,C2063,YES,114.3000,99.7610,270,0,R476,novalue
2138,C698,YES,126.8984,99.8245,270,0,R476,novalue
2139,C859,YES,129.1336,99.7991,270,0,R476,novalue
2140,R119,YES,24.3942,146.4310,270,0,R476,novalue
2141,R123,YES,24.3942,145.4150,270,0,R476,novalue
2142,C1130,YES,124.3330,130.9294,270,0,R476,novalue
2143,R204,YES,223.1746,74.3229,270,0,R476,novalue
2144,R151,YES,225.5622,74.7801,270,0,R476,novalue
2145,R164,YES,223.1492,72.5195,270,0,R476,novalue
2146,R165,YES,223.2000,73.3831,270,0,R476,novalue
2147,C1954,YES,242.2144,129.4613,270,0,R476,novalue
2148,C1491,YES,239.1156,132.8776,270,0,R476,novalue
2149,R141,YES,225.5622,73.2561,270,0,R476,novalue
2150,C1850,YES,311.7088,131.0437,270,0,R476,novalue
2151,C1827,YES,242.4481,101.2647,270,0,R476,novalue
2152,R161,YES,223.1492,71.6559,270,0,R476,novalue
2153,C1333,YES,55.0723,101.1504,270,0,R476,novalue
2154,C1349,YES,69.9059,101.1885,270,0,R476,novalue
2155,C1498,YES,240.3881,131.3866,270,0,R476,novalue
2156,C1283,YES,114.4295,101.2266,270,0,R476,novalue
2157,C1411,YES,84.7522,101.1885,270,0,R476,novalue
2158,C1381,YES,99.5858,101.2266,270,0,R476,novalue
2159,C1479,YES,242.3439,130.9294,270,0,R476,novalue
2160,C1038,YES,225.1329,129.4867,270,0,R476,novalue
2161,C843,YES,65.7708,93.5914,270,0,R476,novalue
2162,C1269,YES,129.2631,101.2647,270,0,R476,novalue
2163,C1045,YES,227.3681,129.4613,270,0,R476,novalue
2164,C1083,YES,240.0783,99.8728,270,0,R476,novalue
2165,C1433,YES,65.8165,96.7816,270,0,R476,novalue
2166,C1763,YES,227.4976,130.9294,270,0,R476,novalue
2167,C1754,YES,210.7082,131.3485,270,0,R476,novalue
2168,C1738,YES,222.6716,130.9294,270,0,R476,novalue
2169,R167,YES,228.7880,72.1639,270,0,R476,novalue
2170,R159,YES,228.7880,71.3003,270,0,R476,novalue
2171,C1747,YES,209.4357,132.8395,270,0,R476,novalue
2172,C1589,YES,84.2416,94.9655,270,0,R476,novalue
2173,C1431,YES,69.4080,94.9198,270,0,R476,novalue
2174,C246,YES,230.1342,73.9165,270,0,R476,novalue
2175,C1236,YES,115.6157,94.9884,270,0,R476,novalue
2176,C342,YES,230.1342,74.7801,270,0,R476,novalue
2177,C1237,YES,113.9190,94.9960,270,0,R476,novalue
2178,C1092,YES,130.4620,94.9884,270,0,R476,novalue
2179,C1159,YES,128.7653,94.9960,270,0,R476,novalue
2180,C1188,YES,145.2956,95.0265,270,0,R476,novalue
2181,R208,YES,36.5074,86.5022,270,0,R476,novalue
2182,C1189,YES,143.5989,95.0341,270,0,R476,novalue
2183,R195,YES,46.6293,79.5807,270,0,R476,novalue
2184,C1142,YES,160.1419,95.0265,270,0,R476,novalue
2185,C1545,YES,158.4427,95.0341,270,0,R476,novalue
2186,R181,YES,53.8048,86.1847,270,0,R476,novalue
2187,C1574,YES,174.9755,95.0646,270,0,R476,novalue
2188,R168,YES,219.1487,69.1921,270,0,R476,novalue
2189,C1575,YES,173.2763,95.0722,270,0,R476,novalue
2190,R152,YES,226.3242,75.7961,270,0,R476,novalue
2191,C1447,YES,63.0987,65.5218,270,0,R476,novalue
2192,C1069,YES,210.2993,129.4486,270,0,R476,novalue
2193,C984,YES,269.7607,99.8601,270,0,R476,novalue
2194,C1493,YES,257.2817,101.3028,270,0,R476,novalue
2195,C1588,YES,85.9384,94.9579,270,0,R476,novalue
2196,C1990,YES,301.5717,129.5375,270,0,R476,novalue
2197,C2052,YES,238.3993,65.5295,270,0,R476,novalue
2198,C1996,YES,299.3365,129.5629,270,0,R476,novalue
2199,C1703,YES,268.0767,65.5676,270,0,R476,novalue
2200,C1913,YES,253.2329,65.5676,270,0,R476,novalue
2201,C1859,YES,298.4729,132.9538,270,0,R476,novalue
2202,C1847,YES,301.7012,131.0056,270,0,R476,novalue
2203,C1953,YES,254.9169,99.8601,270,0,R476,novalue
2204,C1717,YES,286.4485,95.1103,270,0,R476,novalue
2205,C1673,YES,282.9103,65.6057,270,0,R476,novalue
2206,C1527,YES,297.7540,65.6057,270,0,R476,novalue
2207,C1465,YES,312.5876,65.6438,270,0,R476,novalue
2208,C1940,YES,258.4679,95.0646,270,0,R476,novalue
2209,C1941,YES,256.7711,95.0722,270,0,R476,novalue
2210,C1668,YES,273.3142,95.0646,270,0,R476,novalue
2211,C1687,YES,271.6149,95.0722,270,0,R476,novalue
2212,C1716,YES,288.1478,95.1027,270,0,R476,novalue
2213,C1864,YES,296.8752,131.0056,270,0,R476,novalue
2214,R188,YES,56.2610,81.6889,270,0,R476,novalue
2215,C2482,YES,166.2024,75.5650,270,0,R476,novalue
2216,C1460,YES,302.9915,95.1027,270,0,R476,novalue
2217,C1511,YES,301.2948,95.1103,270,0,R476,novalue
2218,C1796,YES,317.8251,95.1408,270,0,R476,novalue
2219,C1797,YES,316.1284,95.1484,270,0,R476,novalue
2220,R310,YES,308.6303,84.5312,270,0,R476,novalue
2221,R286,YES,278.9530,84.4931,270,0,R476,novalue
2222,R326,YES,249.2731,84.4550,270,0,R476,novalue
2223,C2485,YES,77.7469,75.5904,270,0,R476,novalue
2224,C402,YES,200.3831,86.3371,270,0,R476,novalue
2225,C2484,YES,107.4776,75.6412,270,0,R476,novalue
2226,C2483,YES,137.1829,75.5142,270,0,R476,novalue
2227,C230,YES,7.9400,144.1679,270,0,R476,novalue
2228,C973,YES,286.7254,129.5375,270,0,R476,novalue
2229,C1425,YES,80.9752,91.2901,270,0,R476,novalue
2230,C2477,YES,308.7091,75.6666,270,0,R476,novalue
2231,C2476,YES,279.3975,75.6285,270,0,R476,novalue
2232,C2475,YES,250.3653,75.5650,270,0,R476,novalue
2233,C966,YES,284.4902,129.5629,270,0,R476,novalue
2234,C2909,YES,33.4848,157.5918,270,0,R476,novalue
2235,C2908,YES,33.4848,161.8005,270,0,R476,novalue
2236,C2910,YES,33.4874,159.9692,270,0,R476,novalue
2237,C1635,YES,286.8549,131.0056,270,0,R476,novalue
2238,C1137,YES,170.0733,91.4197,270,0,R476,novalue
2239,C1441,YES,66.2026,91.2673,270,0,R476,novalue
2240,C1610,YES,282.0289,131.0056,270,0,R476,novalue
2241,C1169,YES,125.5598,91.3435,270,0,R476,novalue
2242,C1553,YES,155.2397,91.3841,270,0,R476,novalue
2243,C1089,YES,140.3934,91.3841,270,0,R476,novalue
2244,C991,YES,271.8918,129.4994,270,0,R476,novalue
2245,C1619,YES,268.7930,132.9157,270,0,R476,novalue
2246,R5,YES,28.0264,182.6006,270,0,R476,novalue
2247,C1105,YES,110.7135,91.3435,270,0,R476,novalue
2248,C997,YES,269.6566,129.5248,270,0,R476,novalue
2249,C1626,YES,270.0655,131.4247,270,0,R476,novalue
2250,C1651,YES,272.1254,101.3028,270,0,R476,novalue
2251,C1875,YES,316.5348,131.0437,270,0,R476,novalue
2252,C721,YES,257.0480,129.4994,270,0,R476,novalue
2253,C714,YES,254.8128,129.5248,270,0,R476,novalue
2254,C1811,YES,257.1775,130.9675,270,0,R476,novalue
2255,R190,YES,50.6298,82.0445,270,0,R476,novalue
2256,C1217,YES,95.8037,91.3003,270,0,R476,novalue
2257,R6,YES,26.1214,182.6006,270,0,R476,novalue
2258,C1482,YES,252.3515,130.9675,270,0,R476,novalue
2259,C1697,YES,268.2723,91.4197,270,0,R476,novalue
2260,C1457,YES,312.7858,91.4959,270,0,R476,novalue
2261,C1521,YES,297.9522,91.4603,270,0,R476,novalue
2262,C1665,YES,283.1059,91.4603,270,0,R476,novalue
2263,C1972,YES,316.4053,129.5756,270,0,R476,novalue
2264,R359,YES,359.8012,40.1320,270,0,R476,novalue
2265,C2046,YES,253.4260,91.4197,270,0,R476,novalue
2266,C1921,YES,238.5924,91.3841,270,0,R476,novalue
2267,C1965,YES,314.1701,129.6010,270,0,R476,novalue
2268,C357,YES,57.6148,85.1687,270,0,R476,novalue
2269,R464,YES,394.5357,91.7702,0,0,R464,novalue
2270,R396,YES,368.1197,25.5270,0,0,R464,novalue
2271,R397,YES,365.3257,25.5270,180,0,R464,novalue
2272,R242,YES,353.9007,51.7576,180,0,R464,novalue
2273,R231,YES,350.9797,23.5636,180,0,R464,novalue
2274,R398,YES,355.6737,20.1930,270,0,R464,novalue
2275,R342,YES,42.3647,107.5436,270,0,R464,novalue
2276,R372,NO,145.8824,41.2115,0,1,R27,
2277,R223,NO,129.1057,42.6085,90,1,R27,
2278,J201,NO,391.5004,181.8411,0,0,J201,novalue
2279,J200,NO,213.1974,177.4063,0,0,J201,novalue
2280,U23,NO,315.5683,177.6895,0,0,U23,novalue
2281,R462,NO,307.4772,179.5780,0,1,R27,
2282,R125,NO,307.9979,178.5188,0,1,R27,
2283,R124,NO,308.5821,176.7408,0,1,R27,
2284,R171,NO,322.1711,177.9854,180,1,R27,
2285,R37,NO,322.2092,175.4454,180,1,R27,
2286,R76,NO,309.9537,173.4261,270,1,R27,
2287,U66,NO,169.5272,123.5075,0,0,U66,novalue
2288,DS19,YES,412.4173,154.5336,0,0,DS19,novalue
2289,DS18,YES,412.5697,151.4856,0,0,DS19,novalue
2290,DS13,YES,409.5217,116.3828,0,0,DS19,novalue
2291,DS12,YES,412.5697,145.6690,0,0,DS19,novalue
2292,DS11,YES,408.2517,140.0810,0,0,DS19,novalue
2293,DS1,YES,412.4884,107.7900,0,0,DS19,novalue
2294,DS2,YES,412.4681,105.4608,0,0,DS19,novalue
2295,DS14,YES,412.4630,110.1522,0,0,DS19,novalue
2296,DS3,YES,412.5189,100.7110,0,0,DS19,novalue
2297,DS5,YES,412.4681,103.0986,0,0,DS19,novalue
2298,DS4,YES,412.4376,112.4890,0,0,DS19,novalue
2299,DS8,YES,412.5189,93.5228,0,0,DS19,novalue
2300,DS17,YES,412.5138,98.3666,0,0,DS19,novalue
2301,DS9,YES,412.5544,91.4044,0,0,DS19,novalue
2302,C2918,NO,388.1857,82.6770,0,0,C2918,novalue
2303,C2916,NO,393.6467,147.9550,0,0,C2918,novalue
2304,C2915,NO,393.7737,154.5590,0,0,C2918,novalue
2305,C2716,NO,193.6217,171.7294,0,0,C2918,novalue
2306,C2715,NO,161.1097,171.7294,0,0,C2918,novalue
2307,C2520,NO,124.7877,171.3230,0,0,C2918,novalue
2308,C24,NO,346.2757,158.0820,0,0,C2918,novalue
2309,C483,NO,381.9906,113.5786,0,0,C2918,novalue
2310,C489,NO,381.9906,115.8900,0,0,C2918,novalue
2311,C485,NO,381.9906,118.2014,0,0,C2918,novalue
2312,C444,NO,358.0867,120.5763,0,0,C2918,novalue
2313,C487,NO,381.9906,120.5128,0,0,C2918,novalue
2314,C474,NO,371.9576,143.9367,0,0,C2918,novalue
2315,C475,NO,371.9576,141.6253,0,0,C2918,novalue
2316,C450,NO,370.1796,158.0185,0,0,C2918,novalue
2317,C449,NO,370.1796,155.7071,0,0,C2918,novalue
2318,C407,NO,358.0867,115.9535,0,0,C2918,novalue
2319,C2093,NO,197.5079,142.6210,0,0,C2918,novalue
2320,C2092,NO,197.5079,144.9324,0,0,C2918,novalue
2321,C166,NO,358.0867,118.2649,0,0,C2918,novalue
2322,C403,NO,358.0867,113.6421,0,0,C2918,novalue
2323,C158,NO,348.1807,144.0053,0,0,C2918,novalue
2324,C3,NO,346.2757,155.7706,0,0,C2918,novalue
2325,C160,NO,348.1807,141.6939,0,0,C2918,novalue
2326,C2095,NO,146.7079,142.6210,0,0,C2918,novalue
2327,C2091,NO,181.6329,142.6210,0,0,C2918,novalue
2328,C2090,NO,181.6329,144.9324,0,0,C2918,novalue
2329,C2097,NO,162.6845,142.6210,0,0,C2918,novalue
2330,C2096,NO,162.6845,144.9324,0,0,C2918,novalue
2331,C2094,NO,146.7079,144.9324,0,0,C2918,novalue
2332,C2548,NO,373.1235,48.5140,90,0,C2918,novalue
2333,C521,NO,342.6689,28.1940,90,0,C2918,novalue
2334,C522,NO,340.3575,28.1940,90,0,C2918,novalue
2335,C519,NO,347.2917,28.1940,90,0,C2918,novalue
2336,C520,NO,344.9803,28.1940,90,0,C2918,novalue
2337,C2714,NO,24.9911,181.3560,90,0,C2918,novalue
2338,C2768,NO,370.8121,17.9070,90,0,C2918,novalue
2339,C2763,NO,369.3135,36.1950,90,0,C2918,novalue
2340,C513,NO,342.6689,58.8010,90,0,C2918,novalue
2341,C514,NO,340.3575,58.8010,90,0,C2918,novalue
2342,C511,NO,347.2917,58.8010,90,0,C2918,novalue
2343,C512,NO,344.9803,58.8010,90,0,C2918,novalue
2344,C2588,NO,376.6287,64.7700,90,0,C2918,novalue
2345,C2765,NO,379.0417,34.1630,90,0,C2918,novalue
2346,C2540,NO,358.0105,66.6750,90,0,C2918,novalue
2347,C2725,NO,360.3219,66.6750,90,0,C2918,novalue
2348,C2535,NO,362.6333,66.6750,90,0,C2918,novalue
2349,C2539,NO,364.9447,66.6750,90,0,C2918,novalue
2350,C2533,NO,367.2561,66.6750,90,0,C2918,novalue
2351,C2843,NO,369.5675,66.6750,90,0,C2918,novalue
2352,C2448,NO,370.8121,48.5140,90,0,C2918,novalue
2353,C2760,NO,367.0021,36.1950,90,0,C2918,novalue
2354,C2756,NO,364.6907,36.1950,90,0,C2918,novalue
2355,C2748,NO,362.3793,36.1950,90,0,C2918,novalue
2356,C2752,NO,360.0679,36.1950,90,0,C2918,novalue
2357,C280,NO,381.4547,64.7700,90,0,C2918,novalue
2358,C2762,NO,376.6287,34.1630,90,0,C2918,novalue
2359,C2771,NO,373.1235,17.9070,90,0,C2918,novalue
2360,C2589,NO,379.0417,64.7700,90,0,C2918,novalue
2361,C2751,NO,379.0417,14.6050,90,0,C2918,novalue
2362,C2517,NO,119.8347,177.4190,90,0,C2918,novalue
2363,C409,NO,350.7207,113.6421,180,0,C2918,novalue
2364,C386,NO,350.7207,118.2649,180,0,C2918,novalue
2365,C165,NO,350.7207,120.5763,180,0,C2918,novalue
2366,C155,NO,360.7537,144.0053,180,0,C2918,novalue
2367,C157,NO,360.7537,141.6939,180,0,C2918,novalue
2368,C406,NO,350.7207,115.9535,180,0,C2918,novalue
2369,C2519,NO,124.7877,183.5150,180,0,C2918,novalue
2370,C488,NO,374.6246,113.5786,180,0,C2918,novalue
2371,C486,NO,374.6246,115.8900,180,0,C2918,novalue
2372,C484,NO,374.6246,118.2014,180,0,C2918,novalue
2373,C482,NO,374.6246,120.5128,180,0,C2918,novalue
2374,C469,NO,384.6576,143.9367,180,0,C2918,novalue
2375,C470,NO,384.6576,141.6253,180,0,C2918,novalue
2376,C2724,NO,189.6593,142.6210,180,0,C2918,novalue
2377,C2842,NO,189.6593,144.9324,180,0,C2918,novalue
2378,C2721,NO,154.5819,144.9324,180,0,C2918,novalue
2379,C2841,NO,154.5819,142.6210,180,0,C2918,novalue
2380,C2545,NO,373.1235,61.3156,270,0,C2918,novalue
2381,C2546,NO,370.8121,61.2140,270,0,C2918,novalue
2382,C518,NO,347.2917,50.9270,270,0,C2918,novalue
2383,C517,NO,344.9803,50.9270,270,0,C2918,novalue
2384,C516,NO,342.6689,50.9270,270,0,C2918,novalue
2385,C515,NO,340.3575,50.9270,270,0,C2918,novalue
2386,C2585,NO,376.6287,45.2120,270,0,C2918,novalue
2387,C2601,NO,396.6947,45.7200,270,0,C2918,novalue
2388,C2764,NO,369.6437,13.3350,270,0,C2918,novalue
2389,C525,NO,344.9803,20.3200,270,0,C2918,novalue
2390,C524,NO,342.6689,20.3200,270,0,C2918,novalue
2391,C523,NO,340.3575,20.3200,270,0,C2918,novalue
2392,C2770,NO,373.1235,30.7086,270,0,C2918,novalue
2393,C2769,NO,370.8121,30.6070,270,0,C2918,novalue
2394,C2599,NO,394.2817,45.7200,270,0,C2918,novalue
2395,C2761,NO,367.3323,13.3350,270,0,C2918,novalue
2396,C2584,NO,379.0417,45.2120,270,0,C2918,novalue
2397,C2757,NO,365.0209,13.3350,270,0,C2918,novalue
2398,C279,NO,381.4547,45.2120,270,0,C2918,novalue
2399,C2917,NO,405.3307,84.5820,270,0,C2918,novalue
2400,C2745,NO,381.4547,34.1630,270,0,C2918,novalue
2401,C526,NO,347.2917,20.3200,270,0,C2918,novalue
2402,C2816,NO,122.2477,177.4190,270,0,C2918,novalue
2403,C2749,NO,362.7095,13.3350,270,0,C2918,novalue
2404,C2753,NO,360.3981,13.3350,270,0,C2918,novalue
2405,C2747,NO,358.0867,13.3350,270,0,C2918,novalue
2406,C2560,NO,369.3135,42.9260,270,0,C2918,novalue
2407,C2558,NO,367.0021,42.9260,270,0,C2918,novalue
2408,C2744,NO,376.6287,14.6050,270,0,C2918,novalue
2409,C2555,NO,360.0679,42.9260,270,0,C2918,novalue
2410,C2556,NO,364.6907,42.9260,270,0,C2918,novalue
2411,C2521,NO,137.6147,176.9110,270,0,C2918,novalue
2412,C2522,NO,140.0277,176.9110,270,0,C2918,novalue
2413,C2554,NO,362.3793,42.9260,270,0,C2918,novalue
2414,C2750,NO,381.4547,14.6050,270,0,C2918,novalue
2415,R403,NO,391.3607,83.5025,270,1,R478,
2416,U65,NO,387.1189,94.1807,0,0,U65,novalue
2417,C2880,NO,384.1559,91.2177,0,0,C2880,novalue
2418,C2878,NO,389.7693,91.4425,90,0,C2880,novalue
2419,C2881,NO,382.1811,89.6010,0,0,C2881,novalue
2420,C2879,NO,391.1600,90.5002,90,0,C2881,novalue
2421,R406,NO,393.3546,135.4328,0,1,R27,
2422,R442,NO,394.5230,82.4992,180,1,R27,
2423,R436,NO,394.5230,81.6356,180,1,R27,
2424,R424,NO,395.8311,133.6675,270,1,R27,
2425,R463,NO,396.7963,133.6675,270,1,R27,
2426,U61,NO,395.8565,128.9431,0,0,U61,novalue
2427,U62,NO,394.4442,77.4903,0,0,U61,novalue
2428,U63,NO,83.5381,180.0225,0,0,U61,novalue
2429,U57,NO,394.3071,64.5033,0,0,U61,novalue
2430,U55,NO,395.7041,140.9319,180,0,U61,novalue
2431,R441,NO,396.3391,70.4215,90,1,R478,
2432,R400,NO,393.8372,152.7810,180,1,R478,
2433,R16,NO,393.5832,149.8600,180,1,R478,
2434,R437,NO,392.8567,81.6432,0,1,R27,
2435,R427,NO,403.4003,86.2965,90,1,R27,
2436,R381,NO,323.0601,164.0713,270,1,R27,
2437,U3,NO,189.6466,158.8745,0,0,U3,novalue
2438,U86,NO,154.6885,158.8821,0,0,U3,novalue
2439,EU2,NO,10.5143,147.0520,0,0,EU2,novalue
2440,Q23,YES,407.1087,149.7076,0,0,Q23,novalue
2441,Q9,YES,404.8735,114.2238,0,0,Q23,novalue
2442,Q7,YES,407.1087,143.8910,0,0,Q23,novalue
2443,Q6,YES,403.7305,138.3030,0,0,Q23,novalue
2444,Q8,YES,409.4404,96.3346,0,0,Q23,novalue
2445,EU23,NO,19.9060,153.3906,0,0,EU23,novalue
2446,J103,NO,94.9604,157.7238,0,0,J103,novalue
2447,J101,NO,279.1104,157.7238,0,0,J103,novalue
2448,R429,NO,394.7338,72.9386,0,1,R478,
2449,R428,NO,391.2387,72.7583,270,1,R478,
2450,R430,NO,189.5196,101.4222,0,1,R27,
2451,R431,NO,189.5196,100.5332,0,1,R27,
2452,R39,NO,190.0555,117.1270,90,1,R27,
2453,R43,NO,189.1665,117.1270,90,1,R27,
2454,R68,NO,194.2465,117.1270,90,1,R27,
2455,R69,NO,195.1355,117.1270,90,1,R27,
2456,R51,NO,192.5955,118.0160,90,1,R27,
2457,R107,NO,191.7065,118.0160,90,1,R27,
2458,R64,NO,195.0364,101.8946,180,1,R27,
2459,R65,NO,195.0364,101.0056,180,1,R27,
2460,R66,NO,192.9511,101.8616,270,1,R27,
2461,R67,NO,192.0621,101.8616,270,1,R27,
2462,R74,NO,193.8655,118.3970,0,1,R27,
2463,R121,NO,191.3255,119.2860,0,1,R27,
2464,R73,NO,191.6811,100.5916,0,1,R27,
2465,R117,NO,188.7855,118.3970,0,1,R27,
2466,R70,NO,196.3064,102.2756,90,1,R27,
2467,R432,NO,188.2496,101.8032,90,1,R27,
2468,R72,NO,193.3321,100.5916,180,1,R27,
2469,R111,NO,190.4365,118.3970,180,1,R27,
2470,R120,NO,192.9765,119.2860,180,1,R27,
2471,R75,NO,195.5165,118.3970,180,1,R27,
2472,R71,NO,196.3064,100.6246,270,1,R27,
2473,R433,NO,188.2496,100.1522,270,1,R27,
2474,U44,NO,359.3567,24.2570,0,0,U44,novalue
2475,U45,NO,359.3567,54.8640,0,0,U44,novalue
2476,U24,NO,378.3076,131.0691,270,0,U44,novalue
2477,U2,NO,354.4037,131.1326,270,0,U44,novalue
2478,R422,NO,150.2512,133.6040,0,1,R478,
2479,R421,NO,325.5112,47.6250,180,1,R478,
2480,R419,NO,321.9044,38.4048,180,1,R27,
2481,R215,NO,320.5480,145.7808,180,1,R27,
2482,R420,NO,144.9807,131.0005,270,1,R27,
2483,R213,NO,322.3539,155.7782,270,1,R27,
2484,J1,NO,16.2662,33.3502,0,0,J1,novalue
2485,Q16,NO,157.1257,136.2710,0,0,Q16,novalue
2486,Q11,NO,332.1317,42.5450,0,0,Q16,novalue
2487,Q14,NO,332.1317,36.1696,0,0,Q16,novalue
2488,Q17,NO,150.8696,137.5410,180,0,Q16,novalue
2489,CR1,NO,357.7565,42.9260,0,0,CR1,novalue
2490,CR2,NO,357.7565,36.1950,180,0,CR1,novalue
2491,S479,NO,354.2767,24.2570,0,0,S479,novalue
2492,S480,NO,354.2767,54.8640,0,0,S479,novalue
2493,L9,NO,179.2707,133.2865,0,0,L9,novalue
2494,L14,NO,354.4037,151.1351,180,0,L9,novalue
2495,L3,NO,378.3076,151.0716,180,0,L9,novalue
2496,L4,NO,388.9477,54.8640,270,0,L9,novalue
2497,R401,NO,396.2984,87.3760,180,1,R478,
2498,S490,NO,358.2137,132.4026,0,0,S490,novalue
2499,S489,NO,382.1176,132.3391,0,0,S490,novalue
2500,S469,NO,190.3400,141.0157,0,0,S490,novalue
2501,S470,NO,155.4683,140.9649,0,0,S490,novalue
2502,S471,NO,139.4663,140.9649,0,0,S490,novalue
2503,S472,NO,174.3380,141.0157,0,0,S490,novalue
2504,U38,NO,249.5118,76.3346,0,0,U38,novalue
2505,U32,NO,279.1917,76.3727,0,0,U38,novalue
2506,U33,NO,106.6622,76.3854,0,0,U38,novalue
2507,U36,NO,136.3396,76.2965,0,0,U38,novalue
2508,U35,NO,166.0195,76.3346,0,0,U38,novalue
2509,R54,NO,198.5264,110.0938,0,1,R27,
2510,R472,NO,199.4916,113.8149,0,1,R27,
2511,R53,NO,199.4916,114.6785,0,1,R27,
2512,R52,NO,198.5264,115.5421,0,1,R27,
2513,R58,NO,198.5264,106.0679,0,1,R27,
2514,R81,NO,198.6534,103.5914,0,1,R27,
2515,R392,NO,310.8757,128.6688,0,1,R27,
2516,R61,NO,185.0644,109.4461,0,1,R27,
2517,R391,NO,281.1983,128.6307,0,1,R27,
2518,R384,NO,123.5024,128.5545,0,1,R27,
2519,R390,NO,251.5184,128.5926,0,1,R27,
2520,R383,NO,93.8225,128.5164,0,1,R27,
2521,R389,NO,221.8411,128.5545,0,1,R27,
2522,R382,NO,64.1452,128.4783,0,1,R27,
2523,R55,NO,198.5264,106.9315,0,1,R27,
2524,R250,NO,301.3812,182.0672,0,1,R27,
2525,R261,NO,320.5480,146.6444,0,1,R27,
2526,R59,NO,198.5264,110.9574,0,1,R27,
2527,R214,NO,323.3699,155.7782,90,1,R27,
2528,R174,NO,53.0174,64.8487,90,1,R27,
2529,R19,YES,40.8508,82.0953,90,1,R476,
2530,R251,NO,290.6497,180.9623,90,1,R27,
2531,R484,NO,290.5227,183.1594,90,1,R27,
2532,R78,NO,225.5368,54.4601,90,1,R27,
2533,R386,NO,132.5956,68.0872,180,1,R27,
2534,R85,NO,185.0644,113.4339,180,1,R27,
2535,R57,NO,185.2549,105.4583,180,1,R27,
2536,R83,NO,184.2135,107.2109,180,1,R27,
2537,R385,NO,162.2755,68.1228,180,1,R27,
2538,R393,NO,305.1251,68.1990,180,1,R27,
2539,R387,NO,102.9157,68.1736,180,1,R27,
2540,R394,NO,275.4478,68.1634,180,1,R27,
2541,R388,NO,73.1876,68.1228,180,1,R27,
2542,R483,NO,301.3177,179.9336,180,1,R27,
2543,R395,NO,245.7679,68.1228,180,1,R27,
2544,R56,NO,185.1152,110.3097,180,1,R27,
2545,R60,NO,185.2549,106.3219,180,1,R27,
2546,R175,NO,50.5028,64.8487,270,1,R27,
2547,R103,NO,223.0222,54.4601,270,1,R27,
2548,R25,YES,213.3702,71.7067,270,1,R476,
2549,U21,NO,76.9341,76.3346,0,0,U21,novalue
2550,U25,NO,308.8716,76.4108,0,0,U21,novalue
2551,U26,NO,307.1317,120.4595,0,0,U26,novalue
2552,U34,NO,277.4518,120.4214,0,0,U26,novalue
2553,U28,NO,119.7559,120.3452,0,0,U26,novalue
2554,U12,NO,247.7745,120.3833,0,0,U26,novalue
2555,U10,NO,90.0786,120.3071,0,0,U26,novalue
2556,U29,NO,218.0946,120.3452,0,0,U26,novalue
2557,U31,NO,60.3987,120.2690,0,0,U26,novalue
2558,S487,NO,51.5087,41.0210,0,0,S487,novalue
2559,S488,NO,51.5087,39.3446,0,0,S487,novalue
2560,S485,NO,252.8037,176.5300,0,0,S487,novalue
2561,S486,NO,250.7717,174.6250,0,0,S487,novalue
2562,S448,NO,337.6651,38.9636,0,0,S487,novalue
2563,S452,NO,336.9031,38.1508,0,0,S487,novalue
2564,S449,NO,337.6651,37.3888,0,0,S487,novalue
2565,S453,NO,336.9031,36.6268,0,0,S487,novalue
2566,S454,NO,337.6651,35.8648,0,0,S487,novalue
2567,S455,NO,336.9285,35.1028,0,0,S487,novalue
2568,S450,NO,337.6651,34.3408,0,0,S487,novalue
2569,S451,NO,336.9285,33.6042,0,0,S487,novalue
2570,S483,NO,9.1821,29.6012,0,0,S487,novalue
2571,S482,NO,6.6827,37.0992,0,0,S487,novalue
2572,S481,NO,6.6827,29.6012,0,0,S487,novalue
2573,S478,NO,6.2662,23.3502,0,0,S487,novalue
2574,S477,NO,10.4318,25.8496,0,0,S487,novalue
2575,S473,NO,9.1821,24.5999,0,0,S487,novalue
2576,S476,NO,9.1821,27.0993,0,0,S487,novalue
2577,S517,NO,335.6077,52.3240,0,0,S487,novalue
2578,S523,NO,333.7027,51.0540,0,0,S487,novalue
2579,S524,NO,333.7027,53.5940,0,0,S487,novalue
2580,S525,NO,333.7027,56.1340,0,0,S487,novalue
2581,S518,NO,335.6077,57.4040,0,0,S487,novalue
2582,S526,NO,333.7027,58.6740,0,0,S487,novalue
2583,S515,NO,335.6077,21.8440,0,0,S487,novalue
2584,S519,NO,333.7027,20.5740,0,0,S487,novalue
2585,S520,NO,333.7027,23.1140,0,0,S487,novalue
2586,S521,NO,333.7027,25.6540,0,0,S487,novalue
2587,S516,NO,335.6077,26.9240,0,0,S487,novalue
2588,S522,NO,333.7027,28.1940,0,0,S487,novalue
2589,S514,NO,335.6077,54.8640,0,0,S487,novalue
2590,S513,NO,335.6077,24.3840,0,0,S487,novalue
2591,S474,NO,7.9324,25.8496,0,0,S487,novalue
2592,S475,NO,7.9324,23.3502,0,0,S487,novalue
2593,S484,NO,7.9324,35.8496,0,0,S487,novalue
2594,S527,NO,25.8547,130.4290,0,0,S487,novalue
2595,S529,NO,23.8227,130.4290,0,0,S487,novalue
2596,S530,NO,25.8547,131.9530,0,0,S487,novalue
2597,S528,NO,23.8227,131.9530,0,0,S487,novalue
2598,S5,NO,342.9737,158.5900,0,0,S487,novalue
2599,S8,NO,342.9737,157.1676,0,0,S487,novalue
2600,S7,NO,342.9737,155.8976,0,0,S487,novalue
2601,S6,NO,342.9737,154.6276,0,0,S487,novalue
2602,S3,NO,343.7103,153.9926,0,0,S487,novalue
2603,S4,NO,343.7357,155.2880,0,0,S487,novalue
2604,S2,NO,343.7103,157.8788,0,0,S487,novalue
2605,S1,NO,343.7103,156.6088,0,0,S487,novalue
2606,S16,NO,352.4987,105.2373,0,0,S487,novalue
2607,S14,NO,352.4987,103.9673,0,0,S487,novalue
2608,S13,NO,355.0387,105.2373,0,0,S487,novalue
2609,S15,NO,356.3087,105.2373,0,0,S487,novalue
2610,S11,NO,355.0387,103.9673,0,0,S487,novalue
2611,S17,NO,356.3087,103.9673,0,0,S487,novalue
2612,S12,NO,353.7687,105.2373,0,0,S487,novalue
2613,S10,NO,353.7687,103.9673,0,0,S487,novalue
2614,S35,NO,398.4727,44.0690,0,0,S487,novalue
2615,S36,NO,399.7427,44.0690,0,0,S487,novalue
2616,S42,NO,398.4727,42.7990,0,0,S487,novalue
2617,S43,NO,399.7427,42.7990,0,0,S487,novalue
2618,S37,NO,399.1077,42.1640,0,0,S487,novalue
2619,S38,NO,399.1077,43.4340,0,0,S487,novalue
2620,S49,NO,399.1077,44.7040,0,0,S487,novalue
2621,S47,NO,399.7427,40.2590,0,0,S487,novalue
2622,S46,NO,398.4727,40.2590,0,0,S487,novalue
2623,S40,NO,399.7427,41.5290,0,0,S487,novalue
2624,S39,NO,398.4727,41.5290,0,0,S487,novalue
2625,S44,NO,399.1077,40.8940,0,0,S487,novalue
2626,S48,NO,400.3777,44.7040,0,0,S487,novalue
2627,S41,NO,400.3777,43.4340,0,0,S487,novalue
2628,S50,NO,400.3777,42.1640,0,0,S487,novalue
2629,S45,NO,400.3777,40.8940,0,0,S487,novalue
2630,S22,NO,366.8776,154.5641,0,0,S487,novalue
2631,S21,NO,366.8776,155.8341,0,0,S487,novalue
2632,S20,NO,366.8776,157.1041,0,0,S487,novalue
2633,S19,NO,366.8776,158.3741,0,0,S487,novalue
2634,S23,NO,367.5101,153.9672,0,0,S487,novalue
2635,S25,NO,367.5355,155.2118,0,0,S487,novalue
2636,S24,NO,367.5355,157.7772,0,0,S487,novalue
2637,S31,NO,376.4026,103.9038,0,0,S487,novalue
2638,S33,NO,376.4026,105.1738,0,0,S487,novalue
2639,S32,NO,377.6726,103.9038,0,0,S487,novalue
2640,S30,NO,378.9426,103.9038,0,0,S487,novalue
2641,S29,NO,380.2126,103.9038,0,0,S487,novalue
2642,S28,NO,380.2126,105.1738,0,0,S487,novalue
2643,S27,NO,378.9426,105.1738,0,0,S487,novalue
2644,S34,NO,377.6726,105.1738,0,0,S487,novalue
2645,S18,NO,367.5355,156.4818,0,0,S487,novalue
2646,S532,NO,65.0977,31.4960,0,0,S487,novalue
2647,S531,NO,64.5897,30.7340,0,0,S487,novalue
2648,S533,NO,65.0977,29.9720,0,0,S487,novalue
2649,S535,NO,168.1709,39.6748,0,0,S487,novalue
2650,S534,NO,168.1709,40.4114,0,0,S487,novalue
2651,U54,NO,143.9520,45.7073,0,0,U54,novalue
2652,EU21,NO,300.6877,60.8660,0,0,EU21,novalue
2653,EU64,NO,271.0104,60.8279,0,0,EU21,novalue
2654,EU73,NO,256.1641,60.8279,0,0,EU21,novalue
2655,EU69,NO,315.4172,90.5662,0,0,EU21,novalue
2656,EU67,NO,270.9062,90.4900,0,0,EU21,novalue
2657,EU66,NO,285.7398,90.5281,0,0,EU21,novalue
2658,EU65,NO,285.8440,60.8660,0,0,EU21,novalue
2659,EU70,NO,300.5836,90.5281,0,0,EU21,novalue
2660,EU74,NO,241.2263,90.4519,0,0,EU21,novalue
2661,EU29,NO,256.0599,90.4900,0,0,EU21,novalue
2662,EU61,NO,315.5213,60.9041,0,0,EU21,novalue
2663,EU89,NO,241.3305,60.7898,0,0,EU21,novalue
2664,EU76,NO,98.3767,90.3757,0,0,EU21,novalue
2665,EU88,NO,66.0324,60.7822,0,0,EU21,novalue
2666,EU54,NO,68.6968,90.3376,0,0,EU21,novalue
2667,EU53,NO,83.5304,90.3757,0,0,EU21,novalue
2668,EU83,NO,113.2103,90.4138,0,0,EU21,novalue
2669,EU75,NO,128.0541,90.4138,0,0,EU21,novalue
2670,EU55,NO,172.5676,90.4900,0,0,EU21,novalue
2671,EU87,NO,172.6717,60.8279,0,0,EU21,novalue
2672,EU81,NO,98.4783,60.8406,0,0,EU21,novalue
2673,EU82,NO,113.3119,60.8787,0,0,EU21,novalue
2674,EU56,NO,83.6346,60.8660,0,0,EU21,novalue
2675,EU79,NO,142.9918,60.7898,0,0,EU21,novalue
2676,EU80,NO,142.8877,90.4519,0,0,EU21,novalue
2677,EU78,NO,128.1582,60.7517,0,0,EU21,novalue
2678,EU77,NO,157.7340,90.4519,0,0,EU21,novalue
2679,EU86,NO,157.8381,60.7898,0,0,EU21,novalue
2680,EU16,NO,226.3826,106.2279,0,0,EU16,novalue
2681,EU20,NO,256.0599,106.2660,0,0,EU16,novalue
2682,EU60,NO,241.2263,106.2279,0,0,EU16,novalue
2683,EU68,NO,211.5490,106.1898,0,0,EU16,novalue
2684,EU13,NO,226.2784,135.8900,0,0,EU16,novalue
2685,EU6,NO,270.8021,135.9281,0,0,EU16,novalue
2686,EU59,NO,241.1222,135.8900,0,0,EU16,novalue
2687,EU17,NO,255.9558,135.9281,0,0,EU16,novalue
2688,EU26,NO,300.4795,135.9662,0,0,EU16,novalue
2689,EU85,NO,285.6357,135.9662,0,0,EU16,novalue
2690,EU14,NO,211.4448,135.8519,0,0,EU16,novalue
2691,EU71,NO,315.3131,136.0043,0,0,EU16,novalue
2692,EU72,NO,315.4172,106.3422,0,0,EU16,novalue
2693,EU27,NO,300.5836,106.3041,0,0,EU16,novalue
2694,EU63,NO,285.7398,106.3041,0,0,EU16,novalue
2695,EU62,NO,270.9062,106.2660,0,0,EU16,novalue
2696,EU50,NO,83.4263,135.8138,0,0,EU16,novalue
2697,EU45,NO,68.5825,135.8138,0,0,EU16,novalue
2698,EU49,NO,98.2599,135.8519,0,0,EU16,novalue
2699,EU44,NO,128.0439,106.2279,0,0,EU16,novalue
2700,EU84,NO,127.9398,135.8900,0,0,EU16,novalue
2701,EU42,NO,113.1062,135.8519,0,0,EU16,novalue
2702,EU43,NO,113.2103,106.1898,0,0,EU16,novalue
2703,EU46,NO,53.7489,135.7757,0,0,EU16,novalue
2704,EU47,NO,53.8531,106.1136,0,0,EU16,novalue
2705,EU51,NO,83.5304,106.1517,0,0,EU16,novalue
2706,EU48,NO,68.6867,106.1517,0,0,EU16,novalue
2707,EU52,NO,98.3640,106.1898,0,0,EU16,novalue
2708,U53,NO,58.4937,39.5605,0,0,U53,novalue
2709,U43,NO,331.1627,115.6335,0,0,U53,novalue
2710,U41,NO,331.1627,145.4785,0,0,U53,novalue
2711,U47,NO,44.4602,57.1500,90,0,U53,novalue
2712,U39,NO,156.9822,120.9040,90,0,U53,novalue
2713,C2393,YES,348.7141,23.7236,0,0,C2393,novalue
2714,C2394,YES,350.9696,50.3504,90,0,C2393,novalue
2715,C672,YES,77.3659,73.6676,90,0,C2393,novalue
2716,C592,YES,106.9924,73.6676,90,0,C2393,novalue
2717,C572,YES,136.6698,73.6549,90,0,C2393,novalue
2718,C437,YES,166.4259,73.6168,90,0,C2393,novalue
2719,C682,YES,250.0198,73.9216,90,0,C2393,novalue
2720,C582,YES,279.6997,73.9597,90,0,C2393,novalue
2721,C642,YES,309.3796,73.9978,90,0,C2393,novalue
2722,C443,YES,379.5497,136.0170,90,0,C2393,novalue
2723,C28,YES,356.1817,135.8900,90,0,C2393,novalue
2724,C632,YES,60.0177,123.1392,270,0,C2393,novalue
2725,C652,YES,89.7230,123.3297,270,0,C2393,novalue
2726,C612,YES,119.3749,123.3678,270,0,C2393,novalue
2727,C602,YES,217.7136,123.2154,270,0,C2393,novalue
2728,C622,YES,247.3935,123.2281,270,0,C2393,novalue
2729,C562,YES,277.0454,123.2916,270,0,C2393,novalue
2730,C662,YES,306.7253,123.2281,270,0,C2393,novalue
2731,R230,YES,349.9841,26.9240,0,0,R230,novalue
2732,R243,YES,350.2685,53.1546,0,0,R230,novalue
2733,C2446,NO,60.6400,30.2514,0,0,C2446,novalue
2734,C1789,NO,227.6221,114.1984,0,0,C2446,novalue
2735,C1853,NO,315.2623,143.4465,0,0,C2446,novalue
2736,C1773,NO,209.0928,114.1984,0,0,C2446,novalue
2737,C1581,NO,175.0238,82.4814,0,0,C2446,novalue
2738,C1293,NO,129.2835,114.1984,0,0,C2446,novalue
2739,C1357,NO,69.9262,114.1222,0,0,C2446,novalue
2740,C1341,NO,51.3969,114.1222,0,0,C2446,novalue
2741,C1277,NO,110.7542,114.1984,0,0,C2446,novalue
2742,C1421,NO,99.6036,114.1603,0,0,C2446,novalue
2743,C1405,NO,81.0743,114.1603,0,0,C2446,novalue
2744,C1501,NO,257.2995,114.2365,0,0,C2446,novalue
2745,C1485,NO,238.7702,114.2365,0,0,C2446,novalue
2746,C1661,NO,286.9794,114.2746,0,0,C2446,novalue
2747,C1645,NO,268.4501,114.2746,0,0,C2446,novalue
2748,C1901,NO,316.6567,114.3127,0,0,C2446,novalue
2749,C1885,NO,298.1274,114.3127,0,0,C2446,novalue
2750,C1309,NO,68.5317,143.2560,0,0,C2446,novalue
2751,C1325,NO,54.0410,143.2560,0,0,C2446,novalue
2752,C1373,NO,98.2091,143.2941,0,0,C2446,novalue
2753,C1389,NO,83.7184,143.2941,0,0,C2446,novalue
2754,C2042,NO,127.8890,143.3322,0,0,C2446,novalue
2755,C1133,NO,113.3983,143.3322,0,0,C2446,novalue
2756,C1757,NO,211.7852,143.3322,0,0,C2446,novalue
2757,C1869,NO,300.7716,143.4287,0,0,C2446,novalue
2758,C1613,NO,285.5849,143.4084,0,0,C2446,novalue
2759,C1629,NO,271.0942,143.4084,0,0,C2446,novalue
2760,C1837,NO,255.9050,143.3703,0,0,C2446,novalue
2761,C1821,NO,241.4143,143.3703,0,0,C2446,novalue
2762,C1741,NO,226.2276,143.3322,0,0,C2446,novalue
2763,C1664,NO,263.6063,58.6080,90,0,C2446,novalue
2764,C2045,NO,233.9264,58.3159,90,0,C2446,novalue
2765,C1520,NO,322.9635,58.4556,90,0,C2446,novalue
2766,C1680,NO,293.2862,58.6461,90,0,C2446,novalue
2767,C1696,NO,278.3357,88.3107,90,0,C2446,novalue
2768,C1792,NO,308.0156,88.3488,90,0,C2446,novalue
2769,C1552,NO,180.1241,57.9349,90,0,C2446,novalue
2770,C1904,NO,248.6584,88.2726,90,0,C2446,novalue
2771,C1216,NO,120.7668,57.8587,90,0,C2446,novalue
2772,C1168,NO,150.4467,57.8968,90,0,C2446,novalue
2773,C1248,NO,58.6410,57.8891,90,0,C2446,novalue
2774,C1584,NO,91.0869,57.9476,90,0,C2446,novalue
2775,C1088,NO,135.5090,87.5233,90,0,C2446,novalue
2776,C1136,NO,165.1864,87.5614,90,0,C2446,novalue
2777,C1440,NO,76.1390,87.4852,90,0,C2446,novalue
2778,C2442,NO,64.8437,32.3850,90,0,C2446,novalue
2779,C1104,NO,105.8189,87.5233,90,0,C2446,novalue
2780,C2404,NO,329.7657,102.1080,90,0,C2446,novalue
2781,C2414,NO,329.7657,131.9530,90,0,C2446,novalue
2782,C2367,NO,337.3857,103.8860,90,0,C2446,novalue
2783,C2364,NO,337.3857,133.7310,90,0,C2446,novalue
2784,C2366,NO,32.5476,50.9270,180,0,C2446,novalue
2785,C1549,NO,157.8889,53.3476,180,0,C2446,novalue
2786,C1565,NO,172.3771,53.3476,180,0,C2446,novalue
2787,C2058,NO,241.3813,53.3476,180,0,C2446,novalue
2788,C1933,NO,255.8720,53.3984,180,0,C2446,novalue
2789,C1677,NO,271.0612,53.3984,180,0,C2446,novalue
2790,C1693,NO,285.5493,53.4213,180,0,C2446,novalue
2791,C1517,NO,300.7385,53.4238,180,0,C2446,novalue
2792,C1533,NO,315.2292,53.4238,180,0,C2446,novalue
2793,C1453,NO,67.3049,82.3925,180,0,C2446,novalue
2794,C1437,NO,86.0882,82.4179,180,0,C2446,novalue
2795,C1117,NO,97.0102,82.4560,180,0,C2446,novalue
2796,C1245,NO,115.7910,82.4814,180,0,C2446,novalue
2797,C1101,NO,126.8146,82.4433,180,0,C2446,novalue
2798,C1165,NO,128.2090,53.3095,180,0,C2446,novalue
2799,C1149,NO,156.4919,82.4814,180,0,C2446,novalue
2800,C1229,NO,113.0224,53.3984,180,0,C2446,novalue
2801,C1949,NO,239.9868,82.4814,180,0,C2446,novalue
2802,C1917,NO,258.5161,82.4814,180,0,C2446,novalue
2803,C1725,NO,269.6642,82.5195,180,0,C2446,novalue
2804,C1709,NO,288.1960,82.5195,180,0,C2446,novalue
2805,C1805,NO,299.3441,82.5576,180,0,C2446,novalue
2806,C1469,NO,317.8734,82.5576,180,0,C2446,novalue
2807,C1213,NO,98.5291,53.3984,180,0,C2446,novalue
2808,C1597,NO,83.3425,53.3984,180,0,C2446,novalue
2809,C1261,NO,66.0832,53.3400,180,0,C2446,novalue
2810,C2424,NO,206.7027,116.5098,180,0,C2446,novalue
2811,C2401,NO,143.4567,122.3010,180,0,C2446,novalue
2812,C2403,NO,30.9347,58.5470,180,0,C2446,novalue
2813,C2365,NO,145.4887,115.9510,180,0,C2446,novalue
2814,C1197,NO,145.3439,82.4433,180,0,C2446,novalue
2815,C1181,NO,142.6997,53.3095,180,0,C2446,novalue
2816,C2431,NO,166.8501,38.0492,270,0,C2446,novalue
2817,C2029,NO,135.3414,138.1100,270,0,C2446,novalue
2818,C2421,NO,229.8167,41.9100,270,0,C2446,novalue
2819,C1840,NO,322.7045,138.2624,270,0,C2446,novalue
2820,C1600,NO,293.0373,138.1862,270,0,C2446,novalue
2821,C1824,NO,263.3599,138.1481,270,0,C2446,novalue
2822,C1760,NO,204.1068,108.4072,270,0,C2446,novalue
2823,C1744,NO,204.0153,137.1829,270,0,C2446,novalue
2824,C1728,NO,233.6800,138.1100,270,0,C2446,novalue
2825,C1360,NO,105.6640,138.0719,270,0,C2446,novalue
2826,C1296,NO,75.9841,138.0338,270,0,C2446,novalue
2827,C1344,NO,46.3067,137.9957,270,0,C2446,novalue
2828,C1888,NO,322.8213,108.5596,270,0,C2446,novalue
2829,C1648,NO,293.1414,108.5215,270,0,C2446,novalue
2830,C1488,NO,263.4640,108.4834,270,0,C2446,novalue
2831,C1472,NO,233.7841,108.4453,270,0,C2446,novalue
2832,C1264,NO,120.6271,108.4453,270,0,C2446,novalue
2833,C1392,NO,90.9472,108.4072,270,0,C2446,novalue
2834,C1328,NO,61.2699,108.3691,270,0,C2446,novalue
2835,U27,NO,172.5651,113.9393,0,0,U27,novalue
2836,U19,NO,172.5524,103.6777,0,0,U27,novalue
2837,U17,NO,150.9624,103.8047,0,0,U27,novalue
2838,U11,NO,139.9769,103.8682,0,0,U27,novalue
2839,C2433,NO,171.0411,44.7802,0,0,C2433,novalue
2840,C2428,NO,234.0077,48.6410,0,0,C2433,novalue
2841,C2415,NO,143.4567,119.1260,0,0,C2433,novalue
2842,C2416,NO,30.9347,55.3720,0,0,C2433,novalue
2843,C2113,NO,215.4377,166.7510,270,0,C2433,novalue
2844,C2112,NO,222.6767,166.7510,270,0,C2433,novalue
2845,C2109,NO,394.8176,171.3967,270,0,C2433,novalue
2846,C2079,NO,390.4488,171.4221,270,0,C2433,novalue
2847,C2080,NO,399.2118,171.3967,270,0,C2433,novalue
2848,C2110,NO,403.5298,171.4221,270,0,C2433,novalue
2849,C2413,NO,332.9407,102.1080,270,0,C2433,novalue
2850,C2402,NO,332.9407,131.9530,270,0,C2433,novalue
2851,C2108,NO,386.1054,171.4221,270,0,C2433,novalue
2852,C2028,NO,381.7620,171.4475,270,0,C2433,novalue
2853,C2426,NO,199.9717,123.1900,270,0,C2433,novalue
2854,U52,NO,173.4541,38.0492,0,0,U52,novalue
2855,U49,NO,236.4207,41.9100,0,0,U52,novalue
2856,U48,NO,206.7027,123.0630,270,0,U52,novalue
2857,EU28,NO,162.3416,101.2660,0,0,EU28,novalue
2858,EU30,NO,162.3416,106.5060,0,0,EU28,novalue
2859,EU31,NO,162.3416,111.7435,0,0,EU28,novalue
2860,R365,NO,136.5352,160.9090,180,1,R478,
2861,R248,YES,223.9747,95.6234,0,0,R248,novalue
2862,R247,YES,311.7317,42.5450,0,0,R248,novalue
2863,R469,YES,189.0751,54.0004,0,0,R248,novalue
2864,R244,YES,234.1601,52.2986,270,0,R248,novalue
2865,EU4,NO,65.1967,177.3022,0,0,EU4,novalue
2866,EU3,NO,56.4337,177.2387,0,0,EU4,novalue
2867,R108,NO,39.1897,49.5300,0,0,R108,novalue
2868,R80,NO,36.7767,49.5300,0,0,R108,novalue
2869,R109,NO,339.9257,112.5220,180,0,R108,novalue
2870,R49,NO,339.9257,142.3670,180,0,R108,novalue
2871,R48,NO,153.8707,112.1410,270,0,R108,novalue
2872,R84,NO,339.9257,107.4420,0,1,R108,
2873,R47,NO,339.9257,137.2870,0,1,R108,
2874,R46,NO,148.7907,112.1410,90,1,R108,
2875,R42,NO,327.7337,107.2515,90,1,R478,
2876,R40,NO,327.7337,137.0965,90,1,R478,
2877,R38,NO,148.6002,124.3330,180,1,R478,
2878,R41,NO,36.0782,60.5790,180,1,R478,
2879,L13,NO,177.8330,108.5520,0,0,L13,novalue
2880,L15,NO,178.5874,117.9119,0,0,L13,novalue
2881,L10,NO,145.3871,109.0117,270,0,L13,novalue
2882,L12,NO,156.4767,109.0117,270,0,L13,novalue
2883,U22,NO,23.7185,13.3401,0,0,U22,novalue
2884,C947,YES,76.1060,93.9013,0,0,C947,novalue
2885,C541,YES,105.7478,93.9267,0,0,C947,novalue
2886,C956,YES,91.0158,64.3865,0,0,C947,novalue
2887,C839,YES,58.5572,64.2925,0,0,C947,novalue
2888,C528,YES,135.4150,93.9521,0,0,C947,novalue
2889,C821,YES,120.6830,64.4373,0,0,C947,novalue
2890,C794,YES,150.3502,64.4754,0,0,C947,novalue
2891,C776,YES,165.0949,93.9902,0,0,C947,novalue
2892,C758,YES,180.0301,64.5135,0,0,C947,novalue
2893,C2070,YES,233.9086,65.4761,0,0,C947,novalue
2894,C1001,YES,263.5885,65.5142,0,0,C947,novalue
2895,C2000,YES,248.6381,95.1763,0,0,C947,novalue
2896,C1019,YES,278.3180,95.2144,0,0,C947,novalue
2897,C1010,YES,293.2659,65.5523,0,0,C947,novalue
2898,C740,YES,322.9458,65.5904,0,0,C947,novalue
2899,C1073,YES,307.9953,95.2525,0,0,C947,novalue
2900,C884,YES,61.2623,101.4654,180,0,C947,novalue
2901,C920,YES,90.9142,101.4654,180,0,C947,novalue
2902,C848,YES,120.5814,101.5162,180,0,C947,novalue
2903,C713,YES,233.8045,101.5416,180,0,C947,novalue
2904,C722,YES,263.4818,101.5797,180,0,C947,novalue
2905,C992,YES,293.1592,101.6178,180,0,C947,novalue
2906,C1991,YES,322.7121,101.5797,180,0,C947,novalue
2907,C893,YES,46.3245,131.0894,180,0,C947,novalue
2908,C866,YES,76.0044,131.1275,180,0,C947,novalue
2909,C902,YES,105.6818,131.1656,180,0,C947,novalue
2910,C1037,YES,233.7003,131.2037,180,0,C947,novalue
2911,C1046,YES,204.0204,131.1656,180,0,C947,novalue
2912,C1055,YES,204.1246,101.5035,180,0,C947,novalue
2913,C965,YES,293.0576,131.2799,180,0,C947,novalue
2914,C1955,YES,263.3777,131.2418,180,0,C947,novalue
2915,C1964,YES,322.7248,131.3307,180,0,C947,novalue
2916,C2061,YES,135.3490,131.2418,180,0,C947,novalue
2917,J104,NO,94.7598,39.1033,0,0,J104,novalue
2918,J102,NO,278.9098,39.1033,0,0,J104,novalue
2919,EU10,NO,37.0942,159.3444,0,0,EU10,novalue
2920,U16,NO,237.3897,170.5851,0,0,U16,novalue
2921,J5,NO,10.8229,173.7970,0,0,J5,novalue
2922,F1,NO,32.8778,184.3532,0,0,F1,novalue
2923,S26,NO,378.3076,125.9891,0,0,S26,novalue
2924,S9,NO,354.4037,126.0526,0,0,S26,novalue
2925,C1,NO,358.1451,110.6830,0,0,C1,novalue
2926,C7,NO,358.1451,107.0762,0,0,C1,novalue
2927,C446,NO,382.0516,110.6195,0,0,C1,novalue
2928,C448,NO,382.0516,107.0127,0,0,C1,novalue
2929,C6,NO,350.6622,110.6830,180,0,C1,novalue
2930,C8,NO,350.6622,107.0762,180,0,C1,novalue
2931,C445,NO,374.5662,110.6195,180,0,C1,novalue
2932,C447,NO,374.5662,107.0127,180,0,C1,novalue
2933,Y2,NO,10.3378,133.6650,0,0,Y2,novalue
2934,Y1,NO,26.8834,161.0081,270,0,Y2,novalue
2935,J3,NO,279.3238,177.5587,0,0,J3,novalue
2936,U15,NO,295.9456,181.7472,0,0,U15,novalue
2937,Y5,NO,204.8256,57.5297,0,0,Y5,novalue
2938,Y4,NO,32.3063,67.9183,0,0,Y5,novalue
2939,R405,NO,395.6406,135.8646,180,1,R478,
2940,C2907,YES,323.8119,164.6072,0,0,C81,novalue
2941,C81,YES,240.3577,176.0220,0,0,C81,novalue
2942,C105,YES,240.8479,168.1251,0,0,C81,novalue
2943,C83,YES,243.8502,166.1312,0,0,C81,novalue
2944,C256,YES,188.5036,69.5528,0,0,C81,novalue
2945,C290,YES,188.5036,74.3153,0,0,C81,novalue
2946,C267,YES,203.2660,73.3679,0,0,C81,novalue
2947,C109,YES,241.8461,174.0433,0,0,C81,novalue
2948,C111,YES,242.8469,174.0433,0,0,C81,novalue
2949,C301,YES,199.3494,75.3669,0,0,C81,novalue
2950,C274,YES,196.3522,74.3534,0,0,C81,novalue
2951,C82,YES,238.3561,176.0245,0,0,C81,novalue
2952,C277,YES,197.3504,75.3669,0,0,C81,novalue
2953,C64,YES,201.2671,70.3682,0,0,C81,novalue
2954,C37,YES,235.9304,174.0433,0,0,C81,novalue
2955,C170,YES,239.3467,176.0245,0,0,C81,novalue
2956,C276,YES,203.2660,80.2843,0,0,C81,novalue
2957,C67,YES,230.9317,162.1257,0,0,C81,novalue
2958,C89,YES,240.8479,174.0433,0,0,C81,novalue
2959,C275,YES,202.3339,83.0072,0,0,C81,novalue
2960,C288,YES,206.2658,84.2848,0,0,C81,novalue
2961,C266,YES,205.2676,78.2828,0,0,C81,novalue
2962,C71,YES,234.9297,173.0426,0,0,C81,novalue
2963,C63,YES,15.9842,78.9407,0,0,C81,novalue
2964,C116,YES,29.7485,80.7568,0,0,C81,novalue
2965,C144,YES,30.7492,83.7565,0,0,C81,novalue
2966,C205,YES,38.2473,87.1957,0,0,C81,novalue
2967,C207,YES,17.8333,90.6729,0,0,C81,novalue
2968,C132,YES,23.8354,84.7420,0,0,C81,novalue
2969,C34,YES,236.9312,172.0444,0,0,C81,novalue
2970,C120,YES,15.9842,85.7047,0,0,C81,novalue
2971,C182,YES,26.8326,85.7555,0,0,C81,novalue
2972,C2902,YES,237.8481,168.1277,0,0,C81,novalue
2973,C219,YES,35.7480,89.6722,0,0,C81,novalue
2974,C2903,YES,238.3587,170.6042,0,0,C81,novalue
2975,C96,YES,24.8310,85.7555,0,0,C81,novalue
2976,C145,YES,32.7482,88.6714,0,0,C81,novalue
2977,C95,YES,30.7492,90.6729,0,0,C81,novalue
2978,C131,YES,33.7490,94.6734,0,0,C81,novalue
2979,C333,YES,193.3473,86.2838,0,0,C81,novalue
2980,C196,YES,20.8305,96.6724,0,0,C81,novalue
2981,C124,YES,31.7525,78.7222,0,0,C81,novalue
2982,C171,YES,24.8361,78.7095,0,0,C81,novalue
2983,C142,YES,30.8305,79.4766,0,0,C81,novalue
2984,C324,YES,190.3501,67.3659,0,0,C81,novalue
2985,C273,YES,204.2693,68.3336,0,0,C81,novalue
2986,C286,YES,202.2729,69.3496,0,0,C81,novalue
2987,C317,YES,190.3552,71.3994,0,0,C81,novalue
2988,C293,YES,197.3555,68.3209,0,0,C81,novalue
2989,C197,YES,34.7497,83.7565,0,0,C81,novalue
2990,C195,YES,18.8316,85.7555,0,0,C81,novalue
2991,C318,YES,207.2665,71.3664,0,0,C81,novalue
2992,C198,YES,37.7495,82.7557,0,0,C81,novalue
2993,C331,YES,191.3509,75.3669,0,0,C81,novalue
2994,C328,YES,207.2665,73.3679,0,0,C81,novalue
2995,C322,YES,210.2663,72.3671,0,0,C81,novalue
2996,C220,YES,17.5793,77.3227,0,0,C81,novalue
2997,C310,YES,207.2665,79.2836,0,0,C81,novalue
2998,C213,YES,17.8359,81.7880,0,0,C81,novalue
2999,C336,YES,211.2670,81.2851,0,0,C81,novalue
3000,C212,YES,38.7477,91.6737,0,0,C81,novalue
3001,C413,YES,30.7467,81.7575,0,0,C81,novalue
3002,C222,YES,34.7497,81.7550,0,0,C81,novalue
3003,C311,YES,190.3501,80.2843,0,0,C81,novalue
3004,C329,YES,210.7641,76.8071,0,0,C81,novalue
3005,C312,YES,202.2678,71.3664,90,0,C81,novalue
3006,C458,YES,24.8310,81.7550,90,0,C81,novalue
3007,C338,YES,194.3506,78.2853,90,0,C81,novalue
3008,C84,YES,241.8461,168.1251,90,0,C81,novalue
3009,C68,YES,231.9299,171.0436,90,0,C81,novalue
3010,C325,YES,197.3504,71.3664,90,0,C81,novalue
3011,C169,YES,232.9307,169.1259,90,0,C81,novalue
3012,C206,YES,21.8313,88.6739,90,0,C81,novalue
3013,C85,YES,238.8489,167.1269,90,0,C81,novalue
3014,C114,YES,238.8489,168.1277,90,0,C81,novalue
3015,C168,YES,233.9315,168.1277,90,0,C81,novalue
3016,C35,YES,241.8461,170.1267,90,0,C81,novalue
3017,C91,YES,235.9304,168.1251,90,0,C81,novalue
3018,C80,YES,239.8471,170.1267,90,0,C81,novalue
3019,C100,YES,231.9299,175.0441,90,0,C81,novalue
3020,C203,YES,32.7482,96.6724,90,0,C81,novalue
3021,C264,YES,202.2678,74.3661,90,0,C81,novalue
3022,C412,YES,33.7490,85.7555,90,0,C81,novalue
3023,C202,YES,32.7482,93.6727,90,0,C81,novalue
3024,C457,YES,35.7480,94.6734,90,0,C81,novalue
3025,C263,YES,205.2803,73.3628,90,0,C81,novalue
3026,C204,YES,36.7589,80.7568,90,0,C81,novalue
3027,C258,YES,202.2678,75.3669,90,0,C81,novalue
3028,C269,YES,202.2678,77.2846,90,0,C81,novalue
3029,C313,YES,205.2676,83.2841,90,0,C81,novalue
3030,C211,YES,38.7477,95.6716,90,0,C81,novalue
3031,C327,YES,205.2676,86.2838,90,0,C81,novalue
3032,C462,YES,211.2645,85.3084,90,0,C81,novalue
3033,C268,YES,197.3453,78.2828,90,0,C81,novalue
3034,C305,YES,199.3316,79.2785,90,0,C81,novalue
3035,C321,YES,206.2658,75.3669,90,0,C81,novalue
3036,C299,YES,200.8962,79.8474,90,0,C81,novalue
3037,C287,YES,207.2665,81.2851,90,0,C81,novalue
3038,C97,YES,29.7485,84.7547,90,0,C81,novalue
3039,C314,YES,209.2782,70.3682,90,0,C81,novalue
3040,C178,YES,32.7635,83.7514,90,0,C81,novalue
3041,C326,YES,208.2673,84.2848,90,0,C81,novalue
3042,C154,YES,26.8148,89.6671,90,0,C81,novalue
3043,C130,YES,34.7497,91.6737,90,0,C81,novalue
3044,C285,YES,205.2676,70.3682,90,0,C81,novalue
3045,C175,YES,29.7485,85.7555,90,0,C81,novalue
3046,C179,YES,29.7485,87.6732,90,0,C81,novalue
3047,C93,YES,24.8285,88.6714,90,0,C81,novalue
3048,C185,YES,28.3769,90.2360,90,0,C81,novalue
3049,C141,YES,32.7482,80.7568,90,0,C81,novalue
3050,C172,YES,23.8379,76.7766,180,0,C81,novalue
3051,C88,YES,233.9315,173.0426,180,0,C81,novalue
3052,C337,YES,193.3499,74.3661,180,0,C81,novalue
3053,C294,YES,196.3547,66.3880,180,0,C81,novalue
3054,C200,YES,20.8331,84.7547,180,0,C81,novalue
3055,C223,YES,30.7492,92.6719,180,0,C81,novalue
3056,C460,YES,194.3506,83.2764,180,0,C81,novalue
3057,C208,YES,18.2905,94.1908,180,0,C81,novalue
3058,C463,YES,190.3501,84.2848,180,0,C81,novalue
3059,C199,YES,21.8313,93.6650,180,0,C81,novalue
3060,C283,YES,204.2668,74.3661,180,0,C81,novalue
3061,C209,YES,22.8346,94.6556,180,0,C81,novalue
3062,C87,YES,237.8075,172.0342,180,0,C81,novalue
3063,C291,YES,198.3511,74.3661,180,0,C81,novalue
3064,C319,YES,203.2660,82.2833,180,0,C81,novalue
3065,C70,YES,239.8471,173.0426,180,0,C81,novalue
3066,C90,YES,238.8438,173.0451,180,0,C81,novalue
3067,C112,YES,231.9299,168.1277,180,0,C81,novalue
3068,C340,YES,195.3539,84.2670,180,0,C81,novalue
3069,C255,YES,204.2668,78.2828,180,0,C81,novalue
3070,C262,YES,204.2414,76.4591,180,0,C81,novalue
3071,C270,YES,203.2660,78.2828,180,0,C81,novalue
3072,C36,YES,232.9307,172.0444,180,0,C81,novalue
3073,C261,YES,196.3496,72.3671,180,0,C81,novalue
3074,C118,YES,23.8328,82.7557,180,0,C81,novalue
3075,C31,YES,229.9310,167.1269,180,0,C81,novalue
3076,C113,YES,232.9307,174.0433,180,0,C81,novalue
3077,C79,YES,231.9299,173.0426,180,0,C81,novalue
3078,C177,YES,31.7475,84.7547,180,0,C81,novalue
3079,C180,YES,25.8318,84.7547,180,0,C81,novalue
3080,C143,YES,31.7246,86.8477,180,0,C81,novalue
3081,C29,YES,230.9292,164.1272,180,0,C81,novalue
3082,C121,YES,30.7492,88.6714,180,0,C81,novalue
3083,C62,YES,31.7475,88.6714,180,0,C81,novalue
3084,C72,YES,243.8476,164.1272,180,0,C81,novalue
3085,C316,YES,208.2673,67.3659,270,0,C81,novalue
3086,C65,YES,29.7485,89.6722,270,0,C81,novalue
3087,C106,YES,233.9315,164.1272,270,0,C81,novalue
3088,C119,YES,26.8326,91.6737,270,0,C81,novalue
3089,C323,YES,192.3491,70.3682,270,0,C81,novalue
3090,C2904,YES,240.8479,167.1269,270,0,C81,novalue
3091,C94,YES,29.7485,93.6727,270,0,C81,novalue
3092,C272,YES,202.2678,67.3735,270,0,C81,novalue
3093,C176,YES,29.7510,86.7867,270,0,C81,novalue
3094,C339,YES,193.3499,67.3659,270,0,C81,novalue
3095,C216,YES,26.8326,94.6734,270,0,C81,novalue
3096,C174,YES,26.8097,88.6689,270,0,C81,novalue
3097,C332,YES,195.3489,69.3674,270,0,C81,novalue
3098,C38,YES,233.9315,165.1254,270,0,C81,novalue
3099,C224,YES,30.2565,97.1804,270,0,C81,novalue
3100,C146,YES,24.8310,90.6729,270,0,C81,novalue
3101,C103,YES,234.9297,171.0436,270,0,C81,novalue
3102,C66,YES,24.8209,89.6722,270,0,C81,novalue
3103,C330,YES,195.3489,75.3669,270,0,C81,novalue
3104,C123,YES,29.7510,77.7621,270,0,C81,novalue
3105,C315,YES,211.2670,67.3659,270,0,C81,novalue
3106,C139,YES,26.8173,90.6653,270,0,C81,novalue
3107,C2905,YES,239.8471,169.1259,270,0,C81,novalue
3108,C117,YES,26.8453,81.7575,270,0,C81,novalue
3109,C217,YES,24.8310,96.6724,270,0,C81,novalue
3110,C167,YES,234.9297,175.0441,270,0,C81,novalue
3111,C341,YES,202.2678,86.2838,270,0,C81,novalue
3112,C201,YES,22.8321,79.7560,270,0,C81,novalue
3113,C215,YES,20.8331,77.7545,270,0,C81,novalue
3114,C69,YES,235.9304,169.1259,270,0,C81,novalue
3115,C304,YES,197.3504,80.2843,270,0,C81,novalue
3116,C308,YES,197.3402,79.2836,270,0,C81,novalue
3117,C289,YES,199.3494,81.2851,270,0,C81,novalue
3118,C335,YES,207.2665,82.2833,270,0,C81,novalue
3119,C302,YES,199.3367,80.2767,270,0,C81,novalue
3120,C221,YES,35.7480,77.7545,270,0,C81,novalue
3121,C296,YES,199.3265,78.2803,270,0,C81,novalue
3122,C307,YES,202.2678,79.2836,270,0,C81,novalue
3123,C214,YES,19.2989,80.2488,270,0,C81,novalue
3124,C320,YES,210.2663,87.2846,270,0,C81,novalue
3125,C99,YES,233.9315,166.1262,270,0,C81,novalue
3126,C259,YES,202.2704,76.3981,270,0,C81,novalue
3127,C464,YES,197.3504,86.2838,270,0,C81,novalue
3128,C92,YES,235.9330,167.1244,270,0,C81,novalue
3129,C98,YES,233.9315,167.1269,270,0,C81,novalue
3130,C260,YES,199.3621,71.3689,270,0,C81,novalue
3131,C461,YES,199.3494,84.2848,270,0,C81,novalue
3132,C133,YES,24.8310,83.7565,270,0,C81,novalue
3133,C295,YES,197.3504,73.3679,270,0,C81,novalue
3134,C334,YES,199.3494,82.2858,270,0,C81,novalue
3135,C218,YES,34.7497,92.6719,270,0,C81,novalue
3136,C298,YES,199.3494,73.3679,270,0,C81,novalue
3137,C102,YES,239.8547,171.0030,270,0,C81,novalue
3138,C210,YES,26.8326,92.6744,270,0,C81,novalue
3139,C173,YES,26.8326,83.7565,270,0,C81,novalue
3140,C104,YES,241.8461,169.1259,270,0,C81,novalue
3141,C194,YES,22.8321,85.7555,270,0,C81,novalue
3142,C193,YES,38.7477,77.7545,270,0,C81,novalue
3143,C74,YES,240.8479,172.0444,270,0,C81,novalue
3144,C86,YES,241.8461,171.0436,270,0,C81,novalue
3145,C459,YES,37.7495,97.6732,270,0,C81,novalue
3146,C539,NO,270.1722,179.4104,0,0,C539,novalue
3147,C537,NO,265.0617,179.4104,0,0,C539,novalue
3148,C538,NO,259.9512,179.4104,0,0,C539,novalue
3149,U1,NO,50.6298,86.9594,0,0,U1,novalue
3150,U40,NO,223.1479,76.5708,0,0,U1,novalue
3151,EU9,NO,51.0743,68.8581,0,0,EU9,novalue
3152,EU7,NO,223.5924,58.4695,0,0,EU9,novalue
3153,C398,NO,187.3987,60.3910,0,0,C398,novalue
3154,C404,NO,190.6041,60.3910,0,0,C398,novalue
3155,C257,NO,14.8793,70.7796,0,0,C398,novalue
3156,C292,NO,18.0873,70.7796,0,0,C398,novalue
3157,C156,NO,41.9329,67.9729,0,0,C398,novalue
3158,C306,NO,214.5767,57.5793,0,0,C398,novalue
3159,C2500,NO,230.5304,87.4928,90,0,C398,novalue
3160,C401,NO,74.2010,177.3199,180,0,C398,novalue
3161,C2501,NO,47.7190,169.4536,180,0,C398,novalue
3162,C271,NO,36.3144,105.5116,180,0,C398,novalue
3163,C2499,NO,59.4157,90.9269,180,0,C398,novalue
3164,C394,NO,186.1795,74.5058,180,0,C398,novalue
3165,C186,NO,13.9725,84.6531,180,0,C398,novalue
3166,C181,NO,26.7437,105.3186,180,0,C398,novalue
3167,C309,NO,198.4959,45.6971,270,0,C398,novalue
3168,C389,NO,360.6825,174.0408,0,0,C389,novalue
3169,C390,NO,351.7925,174.0408,0,0,C389,novalue
3170,C393,NO,338.3432,177.9905,90,0,C389,novalue
3171,C2083,NO,145.6157,176.6113,180,0,C389,novalue
3172,C2082,NO,154.5057,176.6113,180,0,C389,novalue
3173,C527,NO,176.7307,176.6113,180,0,C389,novalue
3174,C20,NO,185.6207,176.6113,180,0,C389,novalue
3175,U8,YES,31.2471,147.2819,0,0,U8,novalue
3176,R205,NO,229.4992,76.3803,270,1,R478,
3177,R201,NO,56.9798,86.7689,270,1,R478,
3178,R176,NO,49.2328,64.8487,90,1,R27,
3179,R104,NO,221.7522,54.4601,90,1,R27,
3180,FB21,YES,193.8096,63.6930,0,0,FB21,novalue
3181,FB18,YES,192.6057,63.6930,0,0,FB21,novalue
3182,FB20,YES,204.6199,63.8099,0,0,FB21,novalue
3183,FB17,YES,209.1258,63.6016,0,0,FB21,novalue
3184,FB19,YES,207.9193,63.6016,0,0,FB21,novalue
3185,FB13,YES,198.8287,63.7057,0,0,FB21,novalue
3186,FB12,YES,202.1916,63.8073,0,0,FB21,novalue
3187,FB15,YES,196.7560,63.7184,0,0,FB21,novalue
3188,FB14,YES,206.7128,63.6016,0,0,FB21,novalue
3189,FB16,YES,203.4108,63.8200,0,0,FB21,novalue
3190,FB10,YES,32.0370,74.1985,0,0,FB21,novalue
3191,FB8,YES,19.9593,74.0816,0,0,FB21,novalue
3192,FB11,YES,21.1658,74.0816,0,0,FB21,novalue
3193,FB7,YES,36.5938,74.0156,0,0,FB21,novalue
3194,FB9,YES,35.3873,74.0156,0,0,FB21,novalue
3195,FB3,YES,26.5074,74.0943,0,0,FB21,novalue
3196,FB2,YES,29.6113,74.1959,0,0,FB21,novalue
3197,FB5,YES,24.2773,74.1070,0,0,FB21,novalue
3198,FB4,YES,34.1808,74.0156,0,0,FB21,novalue
3199,FB6,YES,30.8280,74.2086,0,0,FB21,novalue
3200,R147,NO,308.0614,180.6143,0,1,R27,
3201,R145,NO,323.1109,179.9539,180,1,R27,
3202,U14,YES,41.0312,145.9078,0,0,U14,novalue
3203,J8,YES,34.5605,173.3918,0,0,J8,novalue
3204,FB1,NO,179.9311,109.4994,0,0,FB1,novalue
3205,C2885,NO,102.1944,178.1175,0,0,C2885,novalue
3206,C2886,NO,113.1672,178.1175,0,0,C2885,novalue
3207,U56,NO,129.9591,177.4279,0,0,U56,novalue
3208,R63,NO,184.1754,102.1944,90,1,R478,
3209,R62,NO,184.8739,104.4169,180,1,R478,
3210,J6,NO,6.3589,13.4036,0,0,J6,novalue
3211,PARTPIN_3211,NO,9.7460,54.1452,0,0,PARTPIN_3211,novalue
3212,PARTPIN_3212,NO,16.0452,54.1452,0,0,PARTPIN_3211,novalue
3213,PARTPIN_3213,NO,5.0216,54.1452,0,0,PARTPIN_3213,novalue
3214,PARTPIN_3214,NO,20.7696,54.1452,0,0,PARTPIN_3213,novalue
3215,LB1,NO,225.7400,18.6360,0,0,LB1,novalue
3216,LB3,NO,140.3071,21.9634,0,0,LB1,novalue
3217,LB2,NO,140.2309,30.3962,0,0,LB1,novalue
3218,LB7,NO,230.2916,27.3761,0,0,LB1,novalue
3219,LB8,NO,196.9719,21.6357,0,0,LB1,novalue
3220,LB5,NO,213.1365,27.2440,0,0,LB1,novalue
3221,LB4,NO,218.6026,27.2440,0,0,LB1,novalue
3222,LB6,NO,224.1296,27.4523,0,0,LB1,novalue
3223,PARTPIN_3216,NO,412.1125,15.4940,0,0,PARTPIN_3216,novalue
3224,PARTPIN_3217,NO,404.4925,12.9540,0,0,PARTPIN_3216,novalue
3225,PARTPIN_3218,NO,399.4125,20.5740,0,0,PARTPIN_3216,novalue
3226,LB9,YES,210.4009,23.7312,0,0,LB9,novalue
