COMPONENT_NO,COMPONENT_NAME,SYM_MIRROR,X,Y,ANGLE,IN_BOM,PACKAGE,COVER_PART
1,R677,NO,163.5326,115.9535,0,1,R677,
2,C3146,NO,307.2000,175.4632,0,1,R677,
3,C2510,NO,321.5510,37.2618,180,1,R677,
4,R46,NO,162.7833,108.9177,180,1,R677,
5,R675,NO,165.5036,115.2550,270,1,R677,
6,C2511,NO,143.4843,131.0005,270,1,R677,
7,R80,NO,36.4233,49.7205,270,1,R677,
8,R84,NO,339.5723,107.8865,270,1,R677,
9,R47,NO,339.5723,137.7315,270,1,R677,
10,R676,NO,163.5249,117.1753,0,1,R677,
11,R674,NO,163.5351,118.5164,0,1,R677,
12,R109,NO,339.5723,112.0775,90,1,R677,
13,R49,NO,339.5723,141.9225,90,1,R677,
14,R48,NO,162.7883,111.8997,180,1,R677,
15,R108,NO,38.8363,49.7205,270,1,R677,
16,EU32,NO,168.7421,119.8499,0,1,EU32,
17,R658,NO,167.1368,115.7681,0,1,R658,
18,R657,NO,177.0758,102.8700,0,1,R658,
19,R238,NO,2.7048,142.3670,0,1,R658,
20,R659,NO,169.3796,115.3160,90,1,R658,
21,R348,YES,15.6690,82.4001,90,1,R434,
22,R135,NO,2.3873,153.6065,90,1,R658,
23,R131,NO,2.4508,150.6220,180,1,R658,
24,R134,NO,12.1028,153.1620,180,1,R658,
25,R133,NO,6.8323,153.6065,270,1,R658,
26,R237,NO,5.0543,153.6065,270,1,R658,
27,C3179,NO,165.4249,119.1870,90,1,R677,
28,C3154,NO,170.6369,114.9731,270,1,R677,
29,R670,NO,190.7918,14.3383,90,1,R658,
30,R666,NO,191.4776,12.7127,90,1,R658,
31,R671,NO,189.5218,14.3383,90,1,R658,
32,R667,NO,190.1568,12.7127,90,1,R658,
33,R668,NO,188.8614,12.7127,90,1,R658,
34,R672,NO,188.2010,14.3383,90,1,R658,
35,R673,NO,186.9133,14.3154,90,1,R658,
36,R669,NO,187.5660,12.6873,90,1,R658,
37,U76,NO,189.8406,19.3954,0,1,U76,
38,R171,NO,166.9158,45.2120,0,1,R658,
39,R37,NO,166.9158,42.6720,0,1,R658,
40,R664,NO,183.2353,19.7485,90,1,R658,
41,R462,NO,154.8508,46.6090,180,1,R658,
42,R125,NO,154.8508,45.3390,180,1,R658,
43,R124,NO,154.8508,43.9420,180,1,R658,
44,R76,NO,154.8508,42.6720,180,1,R658,
45,R665,NO,181.3557,17.0053,270,1,R658,
46,U77,NO,181.2033,19.8120,0,1,U77,
47,R381,NO,177.6854,47.3202,0,1,R658,
48,R662,NO,192.1126,14.3383,90,1,R658,
49,R343,YES,22.0469,99.7280,90,1,R434,
50,R345,YES,194.5637,89.3394,90,1,R434,
51,R437,NO,392.5034,81.6432,180,1,R658,
52,R380,YES,361.4798,129.6670,180,1,R434,
53,R379,YES,361.4798,128.7780,180,1,R434,
54,R378,YES,385.3558,129.6670,180,1,R434,
55,R377,YES,385.3558,128.7780,180,1,R434,
56,R427,NO,403.0469,86.2965,270,1,R658,
57,R443,YES,203.4791,84.2137,270,1,R434,
58,R663,NO,181.9526,22.8219,270,1,R658,
59,R6,YES,25.7680,182.6006,0,1,R434,
60,R266,NO,249.2118,169.9260,0,1,R658,
61,R472,NO,204.8888,35.5600,0,1,R658,
62,R90,YES,226.0597,166.5757,0,1,R434,
63,R516,NO,53.7588,171.5770,0,1,R658,
64,R58,NO,196.5068,35.5600,0,1,R658,
65,R395,NO,239.5598,81.4070,0,1,R658,
66,R388,NO,67.4748,80.7720,0,1,R658,
67,R394,NO,270.0398,81.4070,0,1,R658,
68,R387,NO,97.9548,80.7720,0,1,R658,
69,R393,NO,300.5198,81.4070,0,1,R658,
70,R386,NO,128.4348,80.7720,0,1,R658,
71,R392,NO,300.5198,124.5870,0,1,R658,
72,R385,NO,158.9148,80.7720,0,1,R658,
73,R384,NO,113.1948,123.9520,0,1,R658,
74,R390,NO,239.5598,124.5870,0,1,R658,
75,R391,NO,270.0398,124.5870,0,1,R658,
76,R389,NO,209.0798,124.5870,0,1,R658,
77,R382,NO,52.2348,123.9520,0,1,R658,
78,R26,NO,24.0408,149.7330,0,1,R658,
79,R251,NO,289.9026,181.4830,0,1,R658,
80,R371,NO,19.7482,156.8704,0,1,R658,
81,R25,YES,213.0168,71.7067,0,1,R434,
82,R483,NO,301.0913,180.8226,0,1,R658,
83,R116,NO,16.7637,150.2918,0,1,R658,
84,R383,NO,82.7148,123.9520,0,1,R658,
85,R369,NO,16.0779,152.1333,90,1,R658,
86,R332,NO,60.2993,182.4355,90,1,R658,
87,R480,NO,67.5434,150.9090,90,1,R658,
88,R661,NO,192.7807,25.2374,90,1,R658,
89,R175,NO,50.1495,64.8487,90,1,R658,
90,R32,NO,43.2813,160.0835,90,1,R658,
91,R60,NO,197.2053,47.0535,90,1,R658,
92,R56,NO,201.2693,47.0535,90,1,R658,
93,R103,NO,222.6688,54.4601,90,1,R658,
94,R28,NO,40.0555,166.8755,90,1,R658,
95,R83,NO,198.0943,47.0535,90,1,R658,
96,R274,NO,199.9993,57.4675,90,1,R658,
97,R263,NO,27.5333,67.8815,90,1,R658,
98,R261,NO,164.7518,12.1336,90,1,R658,
99,R214,NO,156.5018,13.5255,90,1,R658,
100,R57,NO,196.3163,47.0535,90,1,R658,
101,R19,YES,40.4975,82.0953,180,1,R434,
102,R250,NO,301.0278,182.0672,180,1,R658,
103,R484,NO,289.8899,182.7530,180,1,R658,
104,R118,NO,22.7708,145.2880,180,1,R658,
105,R370,NO,14.7190,153.1264,180,1,R658,
106,R85,NO,206.2858,47.4980,180,1,R658,
107,R333,NO,57.1624,171.4881,180,1,R658,
108,R336,NO,65.9254,171.4754,180,1,R658,
109,R331,NO,57.0608,182.9460,180,1,R658,
110,R27,NO,22.7708,147.3200,180,1,R658,
111,R52,NO,210.0958,36.0680,180,1,R658,
112,R115,NO,22.3898,149.9870,180,1,R658,
113,R53,NO,210.0958,34.5440,180,1,R658,
114,R81,NO,193.9033,35.1155,270,1,R658,
115,R368,NO,16.0271,154.6733,270,1,R658,
116,R78,NO,225.1834,54.4601,270,1,R658,
117,R367,NO,18.8973,148.9075,270,1,R658,
118,R54,NO,200.5073,35.1155,270,1,R658,
119,R61,NO,200.3803,47.0535,270,1,R658,
120,R366,NO,18.0083,148.9075,270,1,R658,
121,R267,NO,247.7513,170.3705,270,1,R658,
122,R55,NO,197.8403,35.1155,270,1,R658,
123,R59,NO,201.3963,35.1155,270,1,R658,
124,R174,NO,52.6641,64.8487,270,1,R658,
125,R517,NO,61.6963,171.7675,270,1,R658,
126,R29,NO,36.2201,148.3944,270,1,R658,
127,R660,NO,169.3593,124.7978,90,1,R677,
128,R63,NO,195.0463,34.7345,90,1,R677,
129,C3181,NO,170.5811,124.8080,90,1,R677,
130,EU2,NO,10.1610,147.0520,0,1,EU2,
131,J1,NO,15.9167,33.2461,0,1,J1,
132,C762,NO,181.2668,57.9120,0,1,R658,
133,C1772,NO,211.4928,112.5220,0,1,R658,
134,C751,NO,166.0268,57.9120,0,1,R658,
135,C798,NO,150.7868,57.9120,0,1,R658,
136,C1259,NO,69.8878,54.3560,0,1,R658,
137,C792,NO,122.2118,57.9120,0,1,R658,
138,C1596,NO,85.1278,54.3560,0,1,R658,
139,C1563,NO,176.5678,54.3560,0,1,R658,
140,C789,NO,135.5468,57.9120,0,1,R658,
141,C1547,NO,161.3278,54.3560,0,1,R658,
142,C960,NO,89.8268,57.9120,0,1,R658,
143,C1180,NO,146.0878,54.3560,0,1,R658,
144,C957,NO,76.4918,57.9120,0,1,R658,
145,C1164,NO,130.8478,54.3560,0,1,R658,
146,C530,NO,135.5468,87.7570,0,1,R658,
147,C1227,NO,115.6078,54.3560,0,1,R658,
148,C533,NO,122.2118,87.7570,0,1,R658,
149,C1212,NO,100.3678,54.3560,0,1,R658,
150,C807,NO,150.7868,87.7570,0,1,R658,
151,C1451,NO,69.8878,84.2010,0,1,R658,
152,C780,NO,166.0268,87.7570,0,1,R658,
153,C2016,NO,248.5768,58.5470,0,1,R658,
154,C1436,NO,85.1278,84.2010,0,1,R658,
155,C2011,NO,261.9118,58.5470,0,1,R658,
156,C1004,NO,263.8168,58.5470,0,1,R658,
157,C1014,NO,292.3918,58.5470,0,1,R658,
158,C1100,NO,130.8478,84.2010,0,1,R658,
159,C951,NO,74.5868,87.7570,0,1,R658,
160,C1244,NO,115.6078,84.2010,0,1,R658,
161,C738,NO,294.2968,58.5470,0,1,R658,
162,C1115,NO,100.3678,84.2010,0,1,R658,
163,C1356,NO,69.8878,111.8870,0,1,R658,
164,C1340,NO,54.6478,111.8870,0,1,R658,
165,C1308,NO,69.8878,141.7320,0,1,R658,
166,C950,NO,61.2518,87.7570,0,1,R658,
167,C943,NO,76.4918,87.7570,0,1,R658,
168,C1419,NO,100.3678,111.8870,0,1,R658,
169,C689,NO,91.7318,87.7570,0,1,R658,
170,C1404,NO,85.1278,111.8870,0,1,R658,
171,C769,NO,181.2668,87.7570,0,1,R658,
172,C2040,NO,130.8478,141.7320,0,1,R658,
173,C942,NO,89.8268,87.7570,0,1,R658,
174,C1132,NO,115.6078,141.7320,0,1,R658,
175,C831,NO,106.9718,87.7570,0,1,R658,
176,C1372,NO,100.3678,141.7320,0,1,R658,
177,C688,NO,105.0668,87.7570,0,1,R658,
178,C1387,NO,85.1278,141.7320,0,1,R658,
179,C834,NO,120.3068,87.7570,0,1,R658,
180,C1989,NO,294.2968,108.9660,0,1,R658,
181,C1324,NO,54.6478,141.7320,0,1,R658,
182,C1931,NO,257.2128,54.9910,0,1,R658,
183,C1984,NO,307.6318,108.9660,0,1,R658,
184,C1675,NO,272.4528,54.9910,0,1,R658,
185,C1083,NO,233.3368,138.8110,0,1,R658,
186,C543,NO,172.8848,15.4940,0,1,R658,
187,C1948,NO,241.9728,84.8360,0,1,R658,
188,C544,NO,162.0898,15.3670,0,1,R658,
189,C1915,NO,257.2128,84.8360,0,1,R658,
190,C548,NO,198.6658,15.1130,0,1,R658,
191,C1724,NO,272.4528,84.8360,0,1,R658,
192,C547,NO,209.4608,15.1130,0,1,R658,
193,C1707,NO,287.6928,84.8360,0,1,R658,
194,C1804,NO,302.9328,84.8360,0,1,R658,
195,C233,NO,9.0548,153.1620,0,1,R658,
196,C1467,NO,318.1728,84.8360,0,1,R658,
197,C2422,NO,195.1098,115.3160,0,1,R658,
198,C1753,NO,202.8568,139.8270,0,1,R658,
199,C1786,NO,231.4318,107.9500,0,1,R658,
200,C1691,NO,287.6928,54.9910,0,1,R658,
201,C2057,NO,241.9728,54.9910,0,1,R658,
202,C928,NO,89.8268,108.3310,0,1,R658,
203,C1500,NO,257.2128,112.5220,0,1,R658,
204,C1747,NO,202.8568,137.7950,0,1,R658,
205,C1644,NO,272.4528,112.5220,0,1,R658,
206,C1748,NO,216.1918,137.7950,0,1,R658,
207,C1836,NO,257.2128,142.3670,0,1,R658,
208,C1625,NO,263.8168,139.8270,0,1,R658,
209,C1756,NO,211.4928,142.3670,0,1,R658,
210,C1834,NO,261.9118,137.7950,0,1,R658,
211,C1740,NO,226.7328,142.3670,0,1,R658,
212,C1642,NO,277.1518,107.9500,0,1,R658,
213,C1820,NO,241.9728,142.3670,0,1,R658,
214,C2062,NO,122.2118,138.1760,0,1,R658,
215,C912,NO,76.4918,138.1760,0,1,R658,
216,C1628,NO,272.4528,142.3670,0,1,R658,
217,C882,NO,46.0118,138.1760,0,1,R658,
218,C1612,NO,287.6928,142.3670,0,1,R658,
219,C1492,NO,261.9118,107.9500,0,1,R658,
220,C1868,NO,302.9328,142.3670,0,1,R658,
221,C1524,NO,322.8718,59.5630,0,1,R658,
222,C1852,NO,318.1728,142.3670,0,1,R658,
223,C1899,NO,318.1728,112.5220,0,1,R658,
224,C1510,NO,307.6318,57.5310,0,1,R658,
225,C1884,NO,302.9328,112.5220,0,1,R658,
226,C1668,NO,277.1518,57.5310,0,1,R658,
227,C1659,NO,287.6928,112.5220,0,1,R658,
228,C1484,NO,241.9728,112.5220,0,1,R658,
229,C2055,NO,246.6718,59.5630,0,1,R658,
230,C1787,NO,226.7328,112.5220,0,1,R658,
231,C1945,NO,233.3368,89.4080,0,1,R658,
232,C1940,NO,246.6718,87.3760,0,1,R658,
233,C1946,NO,246.6718,89.4080,0,1,R658,
234,C1910,NO,261.9118,89.4080,0,1,R658,
235,C1516,NO,302.9328,54.9910,0,1,R658,
236,C1531,NO,318.1728,54.9910,0,1,R658,
237,C1196,NO,146.0878,84.2010,0,1,R658,
238,C1148,NO,161.3278,84.2010,0,1,R658,
239,C1579,NO,176.5678,84.2010,0,1,R658,
240,C1718,NO,277.1518,89.4080,0,1,R658,
241,C1700,NO,292.3918,87.3760,0,1,R658,
242,C1276,NO,115.6078,111.8870,0,1,R658,
243,C1291,NO,130.8478,111.8870,0,1,R658,
244,C1796,NO,307.6318,89.4080,0,1,R658,
245,C2880,NO,383.8026,91.2177,0,1,C2880,U65
246,C2033,NO,135.5468,137.1600,0,1,R658,
247,C549,NO,211.1118,15.1130,0,1,R658,
248,C550,NO,200.3168,15.1130,0,1,R658,
249,C546,NO,163.7408,15.3670,0,1,R658,
250,C545,NO,174.5358,15.4940,0,1,R658,
251,C3269,NO,179.9968,22.2250,0,1,R658,
252,C1077,NO,307.6318,88.3920,0,1,R658,
253,C1306,NO,74.5868,137.1600,0,1,R658,
254,C497,NO,62.3948,182.9460,0,1,R658,
255,C2911,NO,33.1848,164.3380,0,1,R658,
256,C2910,YES,32.4990,159.4104,0,1,R434,
257,C1898,NO,322.8718,107.9500,0,1,R658,
258,C153,NO,199.1738,35.5600,0,1,R658,
259,C148,NO,193.7128,46.6090,0,1,R658,
260,C1845,NO,309.5368,137.7950,0,1,R658,
261,C152,NO,203.2378,35.5600,0,1,R658,
262,C1846,NO,322.8718,137.7950,0,1,R658,
263,C495,NO,53.7588,182.9460,0,1,R658,
264,C1865,NO,294.2968,139.8270,0,1,R658,
265,C1863,NO,294.2968,137.7950,0,1,R658,
266,C1605,NO,279.0568,137.7950,0,1,R658,
267,C1860,NO,307.6318,137.7950,0,1,R658,
268,C671,NO,67.4748,77.5970,0,1,R658,
269,C1385,NO,76.4918,137.1600,0,1,R658,
270,C569,NO,128.4348,77.5970,0,1,R658,
271,C433,NO,158.9148,77.5970,0,1,R658,
272,C668,NO,67.4748,78.4860,0,1,R658,
273,C1380,NO,89.8268,137.1600,0,1,R658,
274,C568,NO,128.4348,78.4860,0,1,R658,
275,C434,NO,158.9148,78.4860,0,1,R658,
276,C678,NO,239.5598,78.2320,0,1,R658,
277,C679,NO,239.5598,79.1210,0,1,R658,
278,C579,NO,270.0398,79.1210,0,1,R658,
279,C578,NO,270.0398,78.2320,0,1,R658,
280,C639,NO,300.5198,79.1210,0,1,R658,
281,C638,NO,300.5198,78.2320,0,1,R658,
282,C1365,NO,91.7318,137.1600,0,1,R658,
283,C1606,NO,292.3918,137.7950,0,1,R658,
284,C1876,NO,307.6318,107.9500,0,1,R658,
285,C3148,NO,156.0421,11.9812,0,1,R658,
286,C3167,NO,168.3128,104.1400,0,1,R658,
287,C3166,NO,168.3128,107.9500,0,1,R658,
288,C1074,NO,294.2968,88.3920,0,1,R658,
289,C1032,NO,277.1518,88.3920,0,1,R658,
290,C1658,NO,292.3918,107.9500,0,1,R658,
291,C1620,NO,277.1518,137.7950,0,1,R658,
292,C649,NO,82.7148,121.6660,0,1,R658,
293,C648,NO,82.7148,120.7770,0,1,R658,
294,C2379,NO,17.6908,156.8450,0,1,R658,
295,C1770,NO,216.1918,107.9500,0,1,R658,
296,C609,NO,113.1948,121.6660,0,1,R658,
297,C608,NO,113.1948,120.7770,0,1,R658,
298,C658,NO,300.5198,122.3010,0,1,R658,
299,C659,NO,300.5198,121.4120,0,1,R658,
300,C619,NO,239.5598,122.3010,0,1,R658,
301,C618,NO,239.5598,121.4120,0,1,R658,
302,C425,NO,270.0398,122.3010,0,1,R658,
303,C388,NO,270.0398,121.4120,0,1,R658,
304,C1737,NO,218.0968,137.7950,0,1,R658,
305,C1818,NO,246.6718,137.7950,0,1,R658,
306,C599,NO,209.0798,122.3010,0,1,R658,
307,C598,NO,209.0798,121.4120,0,1,R658,
308,C629,NO,52.2348,120.7770,0,1,R658,
309,C628,NO,52.2348,121.6660,0,1,R658,
310,C40,NO,34.4904,150.6068,0,1,R658,
311,C1733,NO,218.0968,139.8270,0,1,R658,
312,C230,NO,7.4038,140.9700,0,1,R658,
313,C232,NO,3.5938,145.4150,0,1,R658,
314,C540,NO,3.5938,144.1450,0,1,R658,
315,C2043,NO,122.2118,136.1440,0,1,R658,
316,C1135,NO,106.9718,136.1440,0,1,R658,
317,C1798,NO,307.6318,87.3760,0,1,R658,
318,C2372,NO,32.5117,52.5780,0,1,R658,
319,C432,NO,51.1223,148.3258,0,1,R658,
320,C2369,NO,159.5498,109.9566,0,1,R658,
321,C1686,NO,292.3918,59.5630,0,1,R658,
322,C1375,NO,91.7318,136.1440,0,1,R658,
323,C150,NO,202.6028,46.6090,0,1,R658,
324,C2397,NO,35.7248,60.8330,0,1,R658,
325,C1029,NO,263.8168,88.3920,0,1,R658,
326,C2059,NO,233.3368,60.5790,0,1,R658,
327,C1935,NO,248.5768,60.5790,0,1,R658,
328,C2026,NO,246.6718,88.3920,0,1,R658,
329,C2071,NO,233.3368,58.5470,0,1,R658,
330,C1678,NO,263.8168,60.5790,0,1,R658,
331,C1003,NO,277.1518,58.5470,0,1,R658,
332,C1695,NO,279.0568,60.5790,0,1,R658,
333,C1017,NO,279.0568,58.5470,0,1,R658,
334,C1519,NO,294.2968,60.5790,0,1,R658,
335,C735,NO,307.6318,58.5470,0,1,R658,
336,C1535,NO,309.5368,60.5790,0,1,R658,
337,C1950,NO,233.3368,90.4240,0,1,R658,
338,C741,NO,309.5368,58.5470,0,1,R658,
339,C1918,NO,248.5768,90.4240,0,1,R658,
340,C1415,NO,91.7318,109.3470,0,1,R658,
341,C1726,NO,263.8168,90.4240,0,1,R658,
342,C1418,NO,105.0668,107.3150,0,1,R658,
343,C1711,NO,279.0568,90.4240,0,1,R658,
344,C1269,NO,106.9718,109.3470,0,1,R658,
345,C1806,NO,294.2968,90.4240,0,1,R658,
346,C1268,NO,120.3068,107.3150,0,1,R658,
347,C1471,NO,309.5368,90.4240,0,1,R658,
348,C2116,NO,122.2118,107.3150,0,1,R658,
349,C1886,NO,294.2968,106.9340,0,1,R658,
350,C1290,NO,135.5468,107.3150,0,1,R658,
351,C1903,NO,309.5368,106.9340,0,1,R658,
352,C991,NO,277.1518,108.9660,0,1,R658,
353,C1774,NO,202.8568,106.9340,0,1,R658,
354,C979,NO,263.8168,138.8110,0,1,R658,
355,C1791,NO,218.0968,106.9340,0,1,R658,
356,C1051,NO,202.8568,138.8110,0,1,R658,
357,C1486,NO,233.3368,106.9340,0,1,R658,
358,C1503,NO,248.5768,106.9340,0,1,R658,
359,C1366,NO,105.0668,137.1600,0,1,R658,
360,C1646,NO,263.8168,106.9340,0,1,R658,
361,C1337,NO,46.0118,109.3470,0,1,R658,
362,C1334,NO,59.3468,107.3150,0,1,R658,
363,C1663,NO,279.0568,106.9340,0,1,R658,
364,C1238,NO,120.3068,86.7410,0,1,R658,
365,C1758,NO,202.8568,136.7790,0,1,R658,
366,C1428,NO,89.8268,86.7410,0,1,R658,
367,C1742,NO,218.0968,136.7790,0,1,R658,
368,C1822,NO,233.3368,136.7790,0,1,R658,
369,C1578,NO,181.2668,88.7730,0,1,R658,
370,C1839,NO,248.5768,136.7790,0,1,R658,
371,C1574,NO,181.2668,86.7410,0,1,R658,
372,C1427,NO,76.4918,88.7730,0,1,R658,
373,C1631,NO,263.8168,136.7790,0,1,R658,
374,C1430,NO,89.8268,88.7730,0,1,R658,
375,C1614,NO,279.0568,136.7790,0,1,R658,
376,C1446,NO,74.5868,86.7410,0,1,R658,
377,C1871,NO,294.2968,136.7790,0,1,R658,
378,C1558,NO,181.2668,56.8960,0,1,R658,
379,C1855,NO,309.5368,136.7790,0,1,R658,
380,C1562,NO,181.2668,58.9280,0,1,R658,
381,C1150,NO,152.6918,89.7890,0,1,R658,
382,C1583,NO,167.9318,89.7890,0,1,R658,
383,C1550,NO,152.6918,59.9440,0,1,R658,
384,C1567,NO,167.9318,59.9440,0,1,R658,
385,C1263,NO,61.2518,59.9440,0,1,R658,
386,C1555,NO,167.9318,58.9280,0,1,R658,
387,C1598,NO,76.4918,59.9440,0,1,R658,
388,C744,NO,322.8718,58.5470,0,1,R658,
389,C1215,NO,91.7318,59.9440,0,1,R658,
390,C1546,NO,166.0268,58.9280,0,1,R658,
391,C1231,NO,106.9718,59.9440,0,1,R658,
392,C1057,NO,216.1918,108.9660,0,1,R658,
393,C1167,NO,122.2118,59.9440,0,1,R658,
394,C1172,NO,150.7868,58.9280,0,1,R658,
395,C1183,NO,137.4518,59.9440,0,1,R658,
396,C1158,NO,135.5468,56.8960,0,1,R658,
397,C1225,NO,106.9718,58.9280,0,1,R658,
398,C1220,NO,120.3068,58.9280,0,1,R658,
399,C1118,NO,91.7318,89.7890,0,1,R658,
400,C1226,NO,120.3068,56.8960,0,1,R658,
401,C1247,NO,106.9718,89.7890,0,1,R658,
402,C1206,NO,105.0668,58.9280,0,1,R658,
403,C1102,NO,122.2118,89.7890,0,1,R658,
404,C1086,NO,246.6718,138.8110,0,1,R658,
405,C1198,NO,137.4518,89.7890,0,1,R658,
406,C795,NO,137.4518,57.9120,0,1,R658,
407,C754,NO,152.6918,57.9120,0,1,R658,
408,C1594,NO,89.8268,56.8960,0,1,R658,
409,C1342,NO,46.0118,106.2990,0,1,R658,
410,C1593,NO,76.4918,58.9280,0,1,R658,
411,C1455,NO,61.2518,89.7890,0,1,R658,
412,C765,NO,167.9318,57.9120,0,1,R658,
413,C1438,NO,76.4918,89.7890,0,1,R658,
414,C806,NO,137.4518,87.7570,0,1,R658,
415,C1254,NO,74.5868,58.9280,0,1,R658,
416,C1359,NO,61.2518,106.2990,0,1,R658,
417,C1252,NO,61.2518,58.9280,0,1,R658,
418,C1406,NO,76.4918,106.2990,0,1,R658,
419,C1190,NO,150.7868,88.7730,0,1,R658,
420,C1423,NO,91.7318,106.2990,0,1,R658,
421,C1146,NO,166.0268,86.7410,0,1,R658,
422,C1278,NO,106.9718,106.2990,0,1,R658,
423,C1926,NO,261.9118,59.5630,0,1,R658,
424,C1295,NO,122.2118,106.2990,0,1,R658,
425,C1326,NO,46.0118,136.1440,0,1,R658,
426,C779,NO,152.6918,87.7570,0,1,R658,
427,C1311,NO,61.2518,136.1440,0,1,R658,
428,C768,NO,167.9318,87.7570,0,1,R658,
429,C1390,NO,76.4918,136.1440,0,1,R658,
430,C2105,NO,178.1045,45.9359,90,1,R658,
431,C410,NO,67.5307,165.5953,90,1,R658,
432,C2906,NO,171.8815,45.9359,90,1,R658,
433,C560,NO,285.7243,116.5225,90,1,R658,
434,C660,NO,316.2043,116.5225,90,1,R658,
435,C600,NO,224.7643,116.5225,90,1,R658,
436,C620,NO,255.2443,116.5225,90,1,R658,
437,C650,NO,98.3993,116.0145,90,1,R658,
438,C151,NO,198.9833,47.0535,90,1,R658,
439,C610,NO,128.8793,116.0145,90,1,R658,
440,C601,NO,209.5243,116.5225,90,1,R658,
441,C630,NO,67.9193,116.0145,90,1,R658,
442,C621,NO,240.0043,116.5225,90,1,R658,
443,C561,NO,270.4843,116.5225,90,1,R658,
444,C651,NO,83.1593,115.8875,90,1,R658,
445,C611,NO,113.6393,115.8875,90,1,R658,
446,C631,NO,52.6793,115.8875,90,1,R658,
447,C661,NO,300.9643,116.5225,90,1,R658,
448,C641,NO,300.9643,73.3425,90,1,R658,
449,C411,NO,48.7423,165.7985,90,1,R658,
450,C681,NO,240.0043,73.3425,90,1,R658,
451,C581,NO,270.4843,73.3425,90,1,R658,
452,C571,NO,128.8793,72.7075,90,1,R658,
453,C436,NO,159.3593,72.7075,90,1,R658,
454,C640,NO,316.2043,73.3425,90,1,R658,
455,C591,NO,98.3993,72.7075,90,1,R658,
456,C680,NO,255.2443,73.3425,90,1,R658,
457,C580,NO,285.7243,73.3425,90,1,R658,
458,C590,NO,113.6393,72.7075,90,1,R658,
459,C570,NO,144.1193,72.7075,90,1,R658,
460,C435,NO,174.5993,72.7075,90,1,R658,
461,C670,NO,83.1593,72.7075,90,1,R658,
462,C2908,NO,31.0893,162.6235,90,1,R658,
463,C669,NO,67.9193,72.7075,90,1,R658,
464,C493,NO,67.5383,158.5595,90,1,R658,
465,C813,NO,96.3673,67.2465,90,1,R658,
466,C826,NO,117.7033,67.2465,90,1,R658,
467,C822,NO,113.6393,67.2465,90,1,R658,
468,C756,NO,163.4233,67.2465,90,1,R658,
469,C750,NO,157.3273,67.2465,90,1,R658,
470,C828,NO,111.6073,67.2465,90,1,R658,
471,C752,NO,155.2953,67.2465,90,1,R658,
472,C815,NO,98.3993,67.2465,90,1,R658,
473,C819,NO,94.3353,67.2465,90,1,R658,
474,C786,NO,132.9433,67.2465,90,1,R658,
475,C961,NO,81.1273,67.2465,90,1,R658,
476,C963,NO,83.1593,67.2465,90,1,R658,
477,C237,NO,10.3883,153.6065,90,1,R658,
478,C1482,NO,236.9563,99.6315,90,1,R658,
479,C788,NO,126.8473,67.2465,90,1,R658,
480,C959,NO,87.2233,67.2465,90,1,R658,
481,C846,NO,63.8553,67.2465,90,1,R658,
482,C790,NO,124.8153,67.2465,90,1,R658,
483,C3178,NO,67.9193,67.2465,90,1,R658,
484,C1943,NO,241.0203,97.7265,90,1,R658,
485,C840,NO,69.9513,67.2465,90,1,R658,
486,C1913,NO,258.2923,97.7265,90,1,R658,
487,C1911,NO,256.2603,97.7265,90,1,R658,
488,C801,NO,148.1833,67.2465,90,1,R658,
489,C1907,NO,252.1963,97.7265,90,1,R658,
490,C1719,NO,273.5323,97.7265,90,1,R658,
491,C1715,NO,271.5003,97.7265,90,1,R658,
492,C937,NO,100.4313,98.9965,90,1,R658,
493,C1721,NO,267.4363,97.7265,90,1,R658,
494,C1699,NO,288.7723,97.7265,90,1,R658,
495,C2075,NO,237.9723,67.8815,90,1,R658,
496,C1799,NO,304.0123,97.7265,90,1,R658,
497,C1795,NO,301.9803,97.7265,90,1,R658,
498,C1797,NO,299.9483,97.7265,90,1,R658,
499,C1801,NO,297.9163,97.7265,90,1,R658,
500,C1463,NO,319.2523,97.7265,90,1,R658,
501,C3176,NO,177.3933,101.4095,90,1,R658,
502,C56,YES,38.3106,73.4746,90,1,R434,
503,C1459,NO,313.1563,97.7265,90,1,R658,
504,C799,NO,146.1513,67.2465,90,1,R658,
505,C57,YES,39.1742,73.4746,90,1,R434,
506,C1509,NO,299.9483,67.8815,90,1,R658,
507,C1511,NO,297.9163,67.8815,90,1,R658,
508,C797,NO,142.0873,67.2465,90,1,R658,
509,C2077,NO,240.0043,67.8815,90,1,R658,
510,C1689,NO,288.7723,67.8815,90,1,R658,
511,C759,NO,178.6633,67.2465,90,1,R658,
512,C1667,NO,273.5323,67.8815,90,1,R658,
513,C1673,NO,271.5003,67.8815,90,1,R658,
514,C763,NO,172.5673,67.2465,90,1,R658,
515,C1671,NO,267.4363,67.8815,90,1,R658,
516,C1002,NO,266.4203,67.8815,90,1,R658,
517,C2052,NO,243.0523,67.8815,90,1,R658,
518,C2048,NO,241.0203,67.8815,90,1,R658,
519,C2050,NO,238.9883,67.8815,90,1,R658,
520,C1006,NO,272.5163,67.8815,90,1,R658,
521,C761,NO,170.5353,67.2465,90,1,R658,
522,C1008,NO,274.5483,67.8815,90,1,R658,
523,C948,NO,67.9193,97.0915,90,1,R658,
524,C1015,NO,289.7883,67.8815,90,1,R658,
525,C732,NO,298.9323,67.8815,90,1,R658,
526,C736,NO,305.0283,67.8815,90,1,R658,
527,C743,NO,318.2363,67.8815,90,1,R658,
528,C711,NO,314.1723,97.7265,90,1,R658,
529,C709,NO,312.1403,97.7265,90,1,R658,
530,C705,NO,318.2363,97.7265,90,1,R658,
531,C954,NO,65.8873,97.0915,90,1,R658,
532,C952,NO,71.9833,97.0915,90,1,R658,
533,C941,NO,79.0953,97.0915,90,1,R658,
534,C1078,NO,300.9643,97.7265,90,1,R658,
535,C1257,NO,70.9673,67.2465,90,1,R658,
536,C1076,NO,305.0283,97.7265,90,1,R658,
537,C1255,NO,66.9033,67.2465,90,1,R658,
538,C945,NO,83.1593,97.0915,90,1,R658,
539,C1024,NO,289.7883,97.7265,90,1,R658,
540,C1031,NO,268.4523,97.7265,90,1,R658,
541,C939,NO,85.1913,97.0915,90,1,R658,
542,C1033,NO,272.5163,97.7265,90,1,R658,
543,C1587,NO,84.1753,67.2465,90,1,R658,
544,C1589,NO,82.1433,67.2465,90,1,R658,
545,C1035,NO,274.5483,97.7265,90,1,R658,
546,C1205,NO,97.3833,67.2465,90,1,R658,
547,C1207,NO,95.3513,67.2465,90,1,R658,
548,C2003,NO,253.2123,97.7265,90,1,R658,
549,C2001,NO,255.2443,97.7265,90,1,R658,
550,C2007,NO,259.3083,97.7265,90,1,R658,
551,C2025,NO,242.0363,97.7265,90,1,R658,
552,C2021,NO,244.0683,97.7265,90,1,R658,
553,C717,NO,237.9723,99.6315,90,1,R658,
554,C1066,NO,226.7963,99.6315,90,1,R658,
555,C1990,NO,298.9323,99.6315,90,1,R658,
556,C691,NO,102.4633,97.0915,90,1,R658,
557,C693,NO,100.4313,97.0915,90,1,R658,
558,C1986,NO,305.0283,99.6315,90,1,R658,
559,C1993,NO,314.1723,99.6315,90,1,R658,
560,C1539,NO,158.3433,67.2465,90,1,R658,
561,C542,NO,94.3353,97.0915,90,1,R658,
562,C1543,NO,162.4073,67.2465,90,1,R658,
563,C1545,NO,160.3753,67.2465,90,1,R658,
564,C833,NO,117.7033,97.0915,90,1,R658,
565,C1999,NO,320.2683,99.6315,90,1,R658,
566,C2878,NO,389.4160,91.4425,90,1,C2880,U65
567,C2,YES,22.8902,74.2721,90,1,R434,
568,C1557,NO,175.6153,67.2465,90,1,R658,
569,C107,YES,21.8463,74.2721,90,1,R434,
570,C231,NO,15.2143,139.7635,90,1,R658,
571,C837,NO,113.6393,97.0915,90,1,R658,
572,C835,NO,111.6073,97.0915,90,1,R658,
573,C1203,NO,101.4473,67.2465,90,1,R658,
574,C2470,NO,175.1073,105.6005,90,1,R658,
575,C1219,NO,114.6553,67.2465,90,1,R658,
576,C1221,NO,112.6233,67.2465,90,1,R658,
577,C1223,NO,110.5913,67.2465,90,1,R658,
578,C1161,NO,131.9273,67.2465,90,1,R658,
579,C1155,NO,129.8953,67.2465,90,1,R658,
580,C3170,NO,174.2183,105.6005,90,1,R658,
581,C1159,NO,125.8313,67.2465,90,1,R658,
582,C1171,NO,147.1673,67.2465,90,1,R658,
583,C1173,NO,145.1353,67.2465,90,1,R658,
584,C1175,NO,143.1033,67.2465,90,1,R658,
585,C3169,NO,174.2183,109.4105,90,1,R658,
586,C1561,NO,177.6473,67.2465,90,1,R658,
587,C1559,NO,171.5513,67.2465,90,1,R658,
588,C721,NO,244.0683,99.6315,90,1,R658,
589,C1449,NO,68.9353,97.0915,90,1,R658,
590,C535,NO,132.9433,97.0915,90,1,R658,
591,C531,NO,128.8793,97.0915,90,1,R658,
592,C529,NO,124.8153,97.0915,90,1,R658,
593,C1443,NO,66.9033,97.0915,90,1,R658,
594,C1445,NO,70.9673,97.0915,90,1,R658,
595,C1431,NO,82.1433,97.0915,90,1,R658,
596,C1433,NO,86.2073,97.0915,90,1,R658,
597,C1429,NO,84.1753,97.0915,90,1,R658,
598,C804,NO,140.0553,97.0915,90,1,R658,
599,C808,NO,146.1513,97.0915,90,1,R658,
600,C1072,NO,228.8283,99.6315,90,1,R658,
601,C1113,NO,99.4153,97.0915,90,1,R658,
602,C810,NO,148.1833,97.0915,90,1,R658,
603,C777,NO,157.3273,97.0915,90,1,R658,
604,C783,NO,159.3593,97.0915,90,1,R658,
605,C781,NO,163.4233,97.0915,90,1,R658,
606,C774,NO,178.6633,97.0915,90,1,R658,
607,C1850,NO,319.2523,129.4765,90,1,R658,
608,C772,NO,174.5993,97.0915,90,1,R658,
609,C1866,NO,301.9803,129.4765,90,1,R658,
610,C1862,NO,299.9483,129.4765,90,1,R658,
611,C770,NO,172.5673,97.0915,90,1,R658,
612,C1059,NO,213.5883,99.6315,90,1,R658,
613,C1111,NO,97.3833,97.0915,90,1,R658,
614,C1968,NO,314.1723,129.4765,90,1,R658,
615,C1239,NO,116.6873,97.0915,90,1,R658,
616,C1235,NO,114.6553,97.0915,90,1,R658,
617,C1972,NO,316.2043,129.4765,90,1,R658,
618,C1241,NO,110.5913,97.0915,90,1,R658,
619,C1097,NO,131.9273,97.0915,90,1,R658,
620,C1975,NO,300.9643,129.4765,90,1,R658,
621,C1981,NO,296.9003,129.4765,90,1,R658,
622,C1091,NO,125.8313,97.0915,90,1,R658,
623,C1193,NO,141.0713,97.0915,90,1,R658,
624,C969,NO,287.7563,129.4765,90,1,R658,
625,C1189,NO,145.1353,97.0915,90,1,R658,
626,C1187,NO,147.1673,97.0915,90,1,R658,
627,C1141,NO,156.3113,97.0915,90,1,R658,
628,C1963,NO,259.3083,129.4765,90,1,R658,
629,C892,NO,50.6473,98.9965,90,1,R658,
630,C1139,NO,160.3753,97.0915,90,1,R658,
631,C1145,NO,162.4073,97.0915,90,1,R658,
632,C1577,NO,177.6473,97.0915,90,1,R658,
633,C1573,NO,175.6153,97.0915,90,1,R658,
634,C1575,NO,173.5833,97.0915,90,1,R658,
635,C1571,NO,171.5513,97.0915,90,1,R658,
636,C1957,NO,253.2123,129.4765,90,1,R658,
637,C1084,NO,244.0683,129.4765,90,1,R658,
638,C1954,NO,240.0043,129.4765,90,1,R658,
639,C1045,NO,226.7963,129.4765,90,1,R658,
640,C1350,NO,66.9033,98.9965,90,1,R658,
641,C1041,NO,224.7643,129.4765,90,1,R658,
642,C1054,NO,213.5883,129.4765,90,1,R658,
643,C1338,NO,51.6633,98.9965,90,1,R658,
644,C886,NO,56.7433,98.9965,90,1,R658,
645,C1610,NO,288.7723,129.4765,90,1,R658,
646,C895,NO,65.8873,98.9965,90,1,R658,
647,C901,NO,71.9833,98.9965,90,1,R658,
648,C924,NO,87.2233,98.9965,90,1,R658,
649,C931,NO,96.3673,98.9965,90,1,R658,
650,C1402,NO,80.1113,98.9965,90,1,R658,
651,C1048,NO,209.5243,129.4765,90,1,R658,
652,C1050,NO,205.4603,129.4765,90,1,R658,
653,C852,NO,117.7033,98.9965,90,1,R658,
654,C856,NO,111.6073,98.9965,90,1,R658,
655,C978,NO,274.5483,129.4765,90,1,R658,
656,C982,NO,270.4843,129.4765,90,1,R658,
657,C1412,NO,101.4473,98.9965,90,1,R658,
658,C976,NO,268.4523,129.4765,90,1,R658,
659,C1274,NO,114.6553,98.9965,90,1,R658,
660,C973,NO,285.7243,129.4765,90,1,R658,
661,C1000,NO,287.7563,99.6315,90,1,R658,
662,C994,NO,283.6923,99.6315,90,1,R658,
663,C1286,NO,129.8953,98.9965,90,1,R658,
664,C985,NO,274.5483,99.6315,90,1,R658,
665,C859,NO,128.8793,98.9965,90,1,R658,
666,C861,NO,126.8473,98.9965,90,1,R658,
667,C1738,NO,227.8123,129.4765,90,1,R658,
668,C1732,NO,225.7803,129.4765,90,1,R658,
669,C877,NO,50.6473,128.8415,90,1,R658,
670,C879,NO,52.6793,128.8415,90,1,R658,
671,C1754,NO,210.5403,129.4765,90,1,R658,
672,C1750,NO,208.5083,129.4765,90,1,R658,
673,C883,NO,56.7433,128.8415,90,1,R658,
674,C868,NO,65.8873,128.8415,90,1,R658,
675,C870,NO,67.9193,128.8415,90,1,R658,
676,C1626,NO,271.5003,129.4765,90,1,R658,
677,C915,NO,87.2233,128.8415,90,1,R658,
678,C730,NO,253.2123,99.6315,90,1,R658,
679,C724,NO,257.2763,99.6315,90,1,R658,
680,C1322,NO,53.6953,128.8415,90,1,R658,
681,C1013,NO,281.6603,67.8815,90,1,R658,
682,C1011,NO,285.7243,67.8815,90,1,R658,
683,C745,NO,312.1403,67.8815,90,1,R658,
684,C747,NO,314.1723,67.8815,90,1,R658,
685,C919,NO,83.1593,128.8415,90,1,R658,
686,C913,NO,79.0953,128.8415,90,1,R658,
687,C1386,NO,84.1753,128.8415,90,1,R658,
688,C906,NO,100.4313,128.8415,90,1,R658,
689,C910,NO,98.3993,128.8415,90,1,R658,
690,C703,NO,113.6393,128.8415,90,1,R658,
691,C1080,NO,296.9003,97.7265,90,1,R658,
692,C1370,NO,101.4473,128.8415,90,1,R658,
693,C1022,NO,285.7243,97.7265,90,1,R658,
694,C1130,NO,116.6873,128.8415,90,1,R658,
695,C1020,NO,283.6923,97.7265,90,1,R658,
696,C2023,NO,237.9723,97.7265,90,1,R658,
697,C2019,NO,235.9403,97.7265,90,1,R658,
698,C699,NO,111.6073,128.8415,90,1,R658,
699,C2069,NO,130.9113,128.8415,90,1,R658,
700,C2065,NO,126.8473,128.8415,90,1,R658,
701,C2063,NO,124.8153,128.8415,90,1,R658,
702,C1683,NO,282.6763,67.8815,90,1,R658,
703,C2014,NO,259.3083,67.8815,90,1,R658,
704,C1685,NO,286.7403,67.8815,90,1,R658,
705,C1507,NO,301.9803,67.8815,90,1,R658,
706,C1525,NO,313.1563,67.8815,90,1,R658,
707,C2012,NO,255.2443,67.8815,90,1,R658,
708,C1527,NO,317.2203,67.8815,90,1,R658,
709,C1523,NO,319.2523,67.8815,90,1,R658,
710,C1703,NO,286.7403,97.7265,90,1,R658,
711,C2010,NO,253.2123,67.8815,90,1,R658,
712,C1701,NO,282.6763,97.7265,90,1,R658,
713,C1939,NO,238.9883,97.7265,90,1,R658,
714,C1941,NO,236.9563,97.7265,90,1,R658,
715,C1923,NO,252.1963,67.8815,90,1,R658,
716,C1929,NO,258.2923,67.8815,90,1,R658,
717,C1925,NO,256.2603,67.8815,90,1,R658,
718,C734,NO,296.9003,67.8815,90,1,R658,
719,C1318,NO,46.0118,137.1600,180,1,R658,
720,C1316,NO,46.0118,139.1920,180,1,R658,
721,C3270,NO,194.2412,14.7599,180,1,R658,
722,C1771,NO,207.5558,112.5220,180,1,R658,
723,C1924,NO,248.5768,59.5630,180,1,R658,
724,C1465,NO,322.8718,87.3760,180,1,R658,
725,C1461,NO,322.8718,89.4080,180,1,R658,
726,C1502,NO,261.9118,106.9340,180,1,R658,
727,C3272,NO,194.2412,13.8074,180,1,R658,
728,C1802,NO,294.2968,89.4080,180,1,R658,
729,C1396,NO,76.4918,109.3470,180,1,R658,
730,C1323,NO,50.7108,141.7320,180,1,R658,
731,C1702,NO,279.0568,89.4080,180,1,R658,
732,C1508,NO,294.2968,59.5630,180,1,R658,
733,C1679,NO,277.1518,60.5790,180,1,R658,
734,C1722,NO,263.8168,89.4080,180,1,R658,
735,C3168,NO,180.8858,109.8550,180,1,R658,
736,C1908,NO,248.5768,89.4080,180,1,R658,
737,C1932,NO,253.2758,54.9910,180,1,R658,
738,C2056,NO,238.0358,54.9910,180,1,R658,
739,C1301,NO,61.2518,139.1920,180,1,R658,
740,C1199,NO,150.7868,89.7890,180,1,R658,
741,C1838,NO,261.9118,136.7790,180,1,R658,
742,C1630,NO,277.1518,136.7790,180,1,R658,
743,C1790,NO,231.4318,106.9340,180,1,R658,
744,C1529,NO,322.8718,57.5310,180,1,R658,
745,C2049,NO,233.3368,59.5630,180,1,R658,
746,C1788,NO,222.7958,112.5220,180,1,R658,
747,C1669,NO,277.1518,59.5630,180,1,R658,
748,C1483,NO,238.0358,112.5220,180,1,R658,
749,C1684,NO,279.0568,59.5630,180,1,R658,
750,C1513,NO,307.6318,59.5630,180,1,R658,
751,C1883,NO,298.9958,112.5220,180,1,R658,
752,C1530,NO,309.5368,59.5630,180,1,R658,
753,C1900,NO,314.2358,112.5220,180,1,R658,
754,C1759,NO,216.1918,136.7790,180,1,R658,
755,C1450,NO,61.2518,88.7730,180,1,R658,
756,C1230,NO,120.3068,59.9440,180,1,R658,
757,C1166,NO,135.5468,59.9440,180,1,R658,
758,C1909,NO,261.9118,87.3760,180,1,R658,
759,C1734,NO,231.4318,137.7950,180,1,R658,
760,C1599,NO,89.8268,59.9440,180,1,R658,
761,C1951,NO,246.6718,90.4240,180,1,R658,
762,C1835,NO,253.2758,142.3670,180,1,R658,
763,C1851,NO,314.2358,142.3670,180,1,R658,
764,C1867,NO,298.9958,142.3670,180,1,R658,
765,C1611,NO,283.7558,142.3670,180,1,R658,
766,C1627,NO,268.5158,142.3670,180,1,R658,
767,C1638,NO,263.8168,107.9500,180,1,R658,
768,C1636,NO,263.8168,109.9820,180,1,R658,
769,C2039,NO,122.2118,137.1600,180,1,R658,
770,C1209,NO,105.0668,56.8960,180,1,R658,
771,C2060,NO,246.6718,60.5790,180,1,R658,
772,C1339,NO,50.7108,111.8870,180,1,R658,
773,C1652,NO,279.0568,109.9820,180,1,R658,
774,C1654,NO,279.0568,107.9500,180,1,R658,
775,C1934,NO,261.9118,60.5790,180,1,R658,
776,C1694,NO,292.3918,60.5790,180,1,R658,
777,C1518,NO,307.6318,60.5790,180,1,R658,
778,C1717,NO,277.1518,87.3760,180,1,R658,
779,C1414,NO,91.7318,107.3150,180,1,R658,
780,C1622,NO,263.8168,137.7950,180,1,R658,
781,C1919,NO,261.9118,90.4240,180,1,R658,
782,C1398,NO,76.4918,107.3150,180,1,R658,
783,C1399,NO,89.8268,107.3150,180,1,R658,
784,C1705,NO,292.3918,89.4080,180,1,R658,
785,C1660,NO,283.7558,112.5220,180,1,R658,
786,C1819,NO,238.0358,142.3670,180,1,R658,
787,C1739,NO,222.7958,142.3670,180,1,R658,
788,C1814,NO,233.3368,139.8270,180,1,R658,
789,C1755,NO,207.5558,142.3670,180,1,R658,
790,C1727,NO,277.1518,90.4240,180,1,R658,
791,C1710,NO,292.3918,90.4240,180,1,R658,
792,C1807,NO,307.6318,90.4240,180,1,R658,
793,C1270,NO,106.9718,107.3150,180,1,R658,
794,C1288,NO,122.2118,109.3470,180,1,R658,
795,C1643,NO,268.5158,112.5220,180,1,R658,
796,C1470,NO,322.8718,90.4240,180,1,R658,
797,C1887,NO,307.6318,106.9340,180,1,R658,
798,C1902,NO,322.8718,106.9340,180,1,R658,
799,C1775,NO,216.1918,106.9340,180,1,R658,
800,C1355,NO,65.9508,111.8870,180,1,R658,
801,C1487,NO,246.6718,106.9340,180,1,R658,
802,C227,NO,2.4508,149.7330,180,1,R658,
803,C1353,NO,74.5868,107.3150,180,1,R658,
804,C1647,NO,277.1518,106.9340,180,1,R658,
805,C1332,NO,46.0118,107.3150,180,1,R658,
806,C1348,NO,61.2518,109.3470,180,1,R658,
807,C1354,NO,61.2518,107.3150,180,1,R658,
808,C1662,NO,292.3918,106.9340,180,1,R658,
809,C1462,NO,309.5368,89.4080,180,1,R658,
810,C1237,NO,120.3068,88.7730,180,1,R658,
811,C1572,NO,167.9318,88.7730,180,1,R658,
812,C1107,NO,105.0668,86.7410,180,1,R658,
813,C1109,NO,105.0668,88.7730,180,1,R658,
814,C1242,NO,106.9718,88.7730,180,1,R658,
815,C1743,NO,231.4318,136.7790,180,1,R658,
816,C1687,NO,292.3918,57.5310,180,1,R658,
817,C1476,NO,233.3368,109.9820,180,1,R658,
818,C1499,NO,253.2758,112.5220,180,1,R658,
819,C1478,NO,233.3368,107.9500,180,1,R658,
820,C1823,NO,246.6718,136.7790,180,1,R658,
821,C1110,NO,91.7318,88.7730,180,1,R658,
822,C1119,NO,105.0668,89.7890,180,1,R658,
823,C1615,NO,292.3918,136.7790,180,1,R658,
824,C1343,NO,59.3468,106.2990,180,1,R658,
825,C1870,NO,307.6318,136.7790,180,1,R658,
826,C1447,NO,74.5868,88.7730,180,1,R658,
827,C1364,NO,91.7318,139.1920,180,1,R658,
828,C1534,NO,322.8718,60.5790,180,1,R658,
829,C1532,NO,314.2358,54.9910,180,1,R658,
830,C1515,NO,298.9958,54.9910,180,1,R658,
831,C1854,NO,322.8718,136.7790,180,1,R658,
832,C1916,NO,253.2758,84.8360,180,1,R658,
833,C1468,NO,314.2358,84.8360,180,1,R658,
834,C1803,NO,298.9958,84.8360,180,1,R658,
835,C1708,NO,283.7558,84.8360,180,1,R658,
836,C1723,NO,268.5158,84.8360,180,1,R658,
837,C1262,NO,74.5868,59.9440,180,1,R658,
838,C1214,NO,105.0668,59.9440,180,1,R658,
839,C2035,NO,122.2118,139.1920,180,1,R658,
840,C1966,NO,309.5368,138.8110,180,1,R658,
841,C1040,NO,231.4318,138.8110,180,1,R658,
842,C1039,NO,218.0968,138.8110,180,1,R658,
843,C1947,NO,238.0358,84.8360,180,1,R658,
844,C1959,NO,248.5768,138.8110,180,1,R658,
845,C981,NO,277.1518,138.8110,180,1,R658,
846,C968,NO,292.3918,138.8110,180,1,R658,
847,C1980,NO,307.6318,138.8110,180,1,R658,
848,C1977,NO,294.2968,138.8110,180,1,R658,
849,C1542,NO,152.6918,58.9280,180,1,R658,
850,C1541,NO,166.0268,56.8960,180,1,R658,
851,C1892,NO,309.5368,109.9820,180,1,R658,
852,C1182,NO,150.7868,59.9440,180,1,R658,
853,C1995,NO,309.5368,108.9660,180,1,R658,
854,C1178,NO,137.4518,58.9280,180,1,R658,
855,C1177,NO,150.7868,56.8960,180,1,R658,
856,C1156,NO,122.2118,58.9280,180,1,R658,
857,C2430,NO,128.2189,30.8610,180,1,R658,
858,C1063,NO,202.8568,108.9660,180,1,R658,
859,C1692,NO,283.7558,54.9910,180,1,R658,
860,C1676,NO,268.5158,54.9910,180,1,R658,
861,C993,NO,292.3918,108.9660,180,1,R658,
862,C1157,NO,135.5468,58.9280,180,1,R658,
863,C1371,NO,96.4308,141.7320,180,1,R658,
864,C1307,NO,65.9508,141.7320,180,1,R658,
865,C1065,NO,231.4318,108.9660,180,1,R658,
866,C1068,NO,218.0968,108.9660,180,1,R658,
867,C1388,NO,81.1908,141.7320,180,1,R658,
868,C1551,NO,166.0268,59.9440,180,1,R658,
869,C726,NO,248.5768,108.9660,180,1,R658,
870,C1131,NO,111.6708,141.7320,180,1,R658,
871,C716,NO,246.6718,108.9660,180,1,R658,
872,C1566,NO,181.2668,59.9440,180,1,R658,
873,C1246,NO,120.3068,89.7890,180,1,R658,
874,C1204,NO,91.7318,58.9280,180,1,R658,
875,C1582,NO,181.2668,89.7890,180,1,R658,
876,C1403,NO,81.1908,111.8870,180,1,R658,
877,C2041,NO,126.9108,141.7320,180,1,R658,
878,C1103,NO,135.5468,89.7890,180,1,R658,
879,C1279,NO,120.3068,106.2990,180,1,R658,
880,C1420,NO,96.4308,111.8870,180,1,R658,
881,C1151,NO,166.0268,89.7890,180,1,R658,
882,C1591,NO,89.8268,58.9280,180,1,R658,
883,C1294,NO,135.5468,106.2990,180,1,R658,
884,C1454,NO,74.5868,89.7890,180,1,R658,
885,C1439,NO,89.8268,89.7890,180,1,R658,
886,C2054,NO,246.6718,57.5310,180,1,R658,
887,C1251,NO,74.5868,56.8960,180,1,R658,
888,C1358,NO,74.5868,106.2990,180,1,R658,
889,C1407,NO,89.8268,106.2990,180,1,R658,
890,C1095,NO,135.5468,86.7410,180,1,R658,
891,C1275,NO,111.6708,111.8870,180,1,R658,
892,C1093,NO,135.5468,88.7730,180,1,R658,
893,C1094,NO,122.2118,88.7730,180,1,R658,
894,C1422,NO,105.0668,106.2990,180,1,R658,
895,C1670,NO,263.8168,59.5630,180,1,R658,
896,C1292,NO,126.9108,111.8870,180,1,R658,
897,C1191,NO,150.7868,86.7410,180,1,R658,
898,C1243,NO,111.6708,84.2010,180,1,R658,
899,C1194,NO,137.4518,88.7730,180,1,R658,
900,C1099,NO,126.9108,84.2010,180,1,R658,
901,C1143,NO,166.0268,88.7730,180,1,R658,
902,C1927,NO,261.9118,57.5310,180,1,R658,
903,C1195,NO,142.1508,84.2010,180,1,R658,
904,C1140,NO,152.6918,88.7730,180,1,R658,
905,C1327,NO,59.3468,136.1440,180,1,R658,
906,C1310,NO,74.5868,136.1440,180,1,R658,
907,C1319,NO,59.3468,137.1600,180,1,R658,
908,C588,YES,97.9548,77.5970,180,1,R434,
909,C2073,NO,246.6718,58.5470,180,1,R658,
910,C1391,NO,89.8268,136.1440,180,1,R658,
911,C1382,NO,76.4918,139.1920,180,1,R658,
912,C1374,NO,105.0668,136.1440,180,1,R658,
913,C589,YES,97.9548,78.4860,180,1,R434,
914,C2427,NO,217.7793,90.4240,180,1,R658,
915,C1116,NO,96.4308,84.2010,180,1,R658,
916,C1147,NO,157.3908,84.2010,180,1,R658,
917,C1134,NO,120.3068,136.1440,180,1,R658,
918,C842,NO,74.5868,57.9120,180,1,R658,
919,C1435,NO,81.1908,84.2010,180,1,R658,
920,C1452,NO,65.9508,84.2010,180,1,R658,
921,C1211,NO,96.4308,54.3560,180,1,R658,
922,C1228,NO,111.6708,54.3560,180,1,R658,
923,C2044,NO,135.5468,136.1440,180,1,R658,
924,C1830,NO,248.5768,137.7950,180,1,R658,
925,C1494,NO,248.5768,109.9820,180,1,R658,
926,C1812,NO,233.3368,137.7950,180,1,R658,
927,C1828,NO,248.5768,139.8270,180,1,R658,
928,C1179,NO,142.1508,54.3560,180,1,R658,
929,C1163,NO,126.9108,54.3560,180,1,R658,
930,C1498,NO,248.5768,107.9500,180,1,R658,
931,C1477,NO,246.6718,107.9500,180,1,R658,
932,C1124,NO,106.9718,137.1600,180,1,R658,
933,C1780,NO,218.0968,107.9500,180,1,R658,
934,C1782,NO,218.0968,109.9820,180,1,R658,
935,C1766,NO,202.8568,107.9500,180,1,R658,
936,C1125,NO,120.3068,137.1600,180,1,R658,
937,C1595,NO,81.1908,54.3560,180,1,R658,
938,C824,NO,120.3068,57.9120,180,1,R658,
939,C1548,NO,157.3908,54.3560,180,1,R658,
940,C1564,NO,172.6308,54.3560,180,1,R658,
941,C1764,NO,202.8568,109.9820,180,1,R658,
942,C1604,NO,279.0568,139.8270,180,1,R658,
943,C1878,NO,294.2968,107.9500,180,1,R658,
944,C1882,NO,294.2968,109.9820,180,1,R658,
945,C1126,NO,106.9718,139.1920,180,1,R658,
946,C1260,NO,65.9508,54.3560,180,1,R658,
947,C1844,NO,309.5368,139.8270,180,1,R658,
948,C2471,NO,180.8858,106.0450,180,1,R658,
949,C816,NO,91.7318,57.9120,180,1,R658,
950,C1580,NO,172.6308,84.2010,180,1,R658,
951,C823,NO,106.9718,57.9120,180,1,R658,
952,C817,NO,105.0668,57.9120,180,1,R658,
953,C1894,NO,309.5368,107.9500,180,1,R658,
954,C1304,NO,61.2518,137.1600,180,1,R658,
955,C431,NO,62.0443,168.3918,180,1,R658,
956,C408,NO,55.8645,147.9042,180,1,R658,
957,C2884,NO,205.3968,46.6090,180,1,R658,
958,C2912,NO,40.8048,164.3380,180,1,R658,
959,C2913,NO,39.9158,154.3050,180,1,R658,
960,C184,NO,166.9158,48.1330,180,1,R658,
961,C282,NO,166.9158,49.0220,180,1,R658,
962,C236,NO,16.6748,147.8280,180,1,R658,
963,C465,NO,16.6748,145.2880,180,1,R658,
964,C235,NO,15.7858,141.9860,180,1,R658,
965,C565,NO,279.1838,127.8890,180,1,R658,
966,C665,NO,309.6638,127.8890,180,1,R658,
967,C605,NO,218.2238,127.8890,180,1,R658,
968,C625,NO,248.7038,127.8890,180,1,R658,
969,C655,NO,91.8588,127.2540,180,1,R658,
970,C615,NO,122.3388,127.2540,180,1,R658,
971,C635,NO,61.3788,127.2540,180,1,R658,
972,C645,NO,309.6638,84.7090,180,1,R658,
973,C585,NO,279.1838,84.7090,180,1,R658,
974,C685,NO,248.7038,84.7090,180,1,R658,
975,C440,NO,168.0588,84.0740,180,1,R658,
976,C575,NO,137.5788,84.0740,180,1,R658,
977,C595,NO,107.0988,84.0740,180,1,R658,
978,C675,NO,76.6188,84.0740,180,1,R658,
979,C3271,NO,194.1777,24.2849,180,1,R658,
980,C253,NO,181.4573,68.0720,180,1,R658,
981,C254,NO,181.4573,68.9610,180,1,R658,
982,C2064,NO,135.5468,138.1760,180,1,R658,
983,C864,NO,135.5468,108.3310,180,1,R658,
984,C888,NO,46.0118,108.3310,180,1,R658,
985,C841,NO,61.2518,57.9120,180,1,R658,
986,C1967,NO,322.8718,138.8110,180,1,R658,
987,C967,NO,279.0568,138.8110,180,1,R658,
988,C1956,NO,261.9118,138.8110,180,1,R658,
989,C1053,NO,216.1918,138.8110,180,1,R658,
990,C715,NO,233.3368,108.9660,180,1,R658,
991,C1992,NO,322.8718,108.9660,180,1,R658,
992,C996,NO,279.0568,108.9660,180,1,R658,
993,C987,NO,263.8168,108.9660,180,1,R658,
994,C727,NO,261.9118,108.9660,180,1,R658,
995,C2020,NO,233.3368,88.3920,180,1,R658,
996,C2005,NO,261.9118,88.3920,180,1,R658,
997,C2002,NO,248.5768,88.3920,180,1,R658,
998,C1021,NO,279.0568,88.3920,180,1,R658,
999,C1026,NO,292.3918,88.3920,180,1,R658,
1000,C706,NO,309.5368,88.3920,180,1,R658,
1001,C707,NO,322.8718,88.3920,180,1,R658,
1002,C872,NO,61.2518,138.1760,180,1,R658,
1003,C876,NO,59.3468,138.1760,180,1,R658,
1004,C871,NO,74.5868,138.1760,180,1,R658,
1005,C918,NO,89.8268,138.1760,180,1,R658,
1006,C904,NO,91.7318,138.1760,180,1,R658,
1007,C905,NO,105.0668,138.1760,180,1,R658,
1008,C697,NO,106.9718,138.1760,180,1,R658,
1009,C700,NO,120.3068,138.1760,180,1,R658,
1010,C922,NO,76.4918,108.3310,180,1,R658,
1011,C930,NO,105.0668,108.3310,180,1,R658,
1012,C933,NO,91.7318,108.3310,180,1,R658,
1013,C855,NO,120.3068,108.3310,180,1,R658,
1014,C850,NO,106.9718,108.3310,180,1,R658,
1015,C865,NO,122.2118,108.3310,180,1,R658,
1016,C900,NO,74.5868,108.3310,180,1,R658,
1017,C897,NO,61.2518,108.3310,180,1,R658,
1018,C885,NO,59.3468,108.3310,180,1,R658,
1019,C1849,NO,315.1883,129.4765,270,1,R658,
1020,C775,NO,176.6313,97.0915,270,1,R658,
1021,C1843,NO,317.2203,129.4765,270,1,R658,
1022,C1859,NO,304.0123,129.4765,270,1,R658,
1023,C771,NO,170.5353,97.0915,270,1,R658,
1024,C889,NO,48.6153,98.9965,270,1,R658,
1025,C1861,NO,297.9163,129.4765,270,1,R658,
1026,C1847,NO,313.1563,129.4765,270,1,R658,
1027,C887,NO,54.7113,98.9965,270,1,R658,
1028,C1609,NO,282.6763,129.4765,270,1,R658,
1029,C896,NO,63.8553,98.9965,270,1,R658,
1030,C1607,NO,286.7403,129.4765,270,1,R658,
1031,C894,NO,67.9193,98.9965,270,1,R658,
1032,C898,NO,69.9513,98.9965,270,1,R658,
1033,C1833,NO,258.2923,129.4765,270,1,R658,
1034,C784,NO,161.3913,97.0915,270,1,R658,
1035,C891,NO,52.6793,98.9965,270,1,R658,
1036,C1998,NO,316.2043,99.6315,270,1,R658,
1037,C869,NO,69.9513,128.8415,270,1,R658,
1038,C925,NO,79.0953,98.9965,270,1,R658,
1039,C921,NO,81.1273,98.9965,270,1,R658,
1040,C927,NO,83.1593,98.9965,270,1,R658,
1041,C923,NO,85.1913,98.9965,270,1,R658,
1042,C1829,NO,256.2603,129.4765,270,1,R658,
1043,C932,NO,94.3353,98.9965,270,1,R658,
1044,C1827,NO,254.2283,129.4765,270,1,R658,
1045,C934,NO,98.3993,98.9965,270,1,R658,
1046,C936,NO,102.4633,98.9965,270,1,R658,
1047,C1831,NO,252.1963,129.4765,270,1,R658,
1048,C851,NO,115.6713,98.9965,270,1,R658,
1049,C849,NO,113.6393,98.9965,270,1,R658,
1050,C1817,NO,243.0523,129.4765,270,1,R658,
1051,C1783,NO,225.7803,99.6315,270,1,R658,
1052,C1781,NO,227.8123,99.6315,270,1,R658,
1053,C862,NO,130.9113,98.9965,270,1,R658,
1054,C1815,NO,241.0203,129.4765,270,1,R658,
1055,C1996,NO,318.2363,99.6315,270,1,R658,
1056,C1763,NO,206.4763,99.6315,270,1,R658,
1057,C778,NO,155.2953,97.0915,270,1,R658,
1058,C1765,NO,208.5083,99.6315,270,1,R658,
1059,C1767,NO,210.5403,99.6315,270,1,R658,
1060,C1769,NO,212.5723,99.6315,270,1,R658,
1061,C1811,NO,236.9563,129.4765,270,1,R658,
1062,C805,NO,144.1193,97.0915,270,1,R658,
1063,C1639,NO,267.4363,99.6315,270,1,R658,
1064,C880,NO,48.6153,128.8415,270,1,R658,
1065,C1731,NO,223.7483,129.4765,270,1,R658,
1066,C1735,NO,221.7163,129.4765,270,1,R658,
1067,C878,NO,54.7113,128.8415,270,1,R658,
1068,C1751,NO,212.5723,129.4765,270,1,R658,
1069,C867,NO,63.8553,128.8415,270,1,R658,
1070,C1749,NO,206.4763,129.4765,270,1,R658,
1071,C1619,NO,273.5323,129.4765,270,1,R658,
1072,C873,NO,71.9833,128.8415,270,1,R658,
1073,C1621,NO,269.4683,129.4765,270,1,R658,
1074,C914,NO,85.1913,128.8415,270,1,R658,
1075,C1623,NO,267.4363,129.4765,270,1,R658,
1076,C916,NO,81.1273,128.8415,270,1,R658,
1077,C1603,NO,284.7083,129.4765,270,1,R658,
1078,C909,NO,94.3353,128.8415,270,1,R658,
1079,C907,NO,96.3673,128.8415,270,1,R658,
1080,C903,NO,102.4633,128.8415,270,1,R658,
1081,C1657,NO,288.7723,99.6315,270,1,R658,
1082,C1651,NO,284.7083,99.6315,270,1,R658,
1083,C696,NO,117.7033,128.8415,270,1,R658,
1084,C698,NO,115.6713,128.8415,270,1,R658,
1085,C1653,NO,286.7403,99.6315,270,1,R658,
1086,C1655,NO,282.6763,99.6315,270,1,R658,
1087,C702,NO,109.5753,128.8415,270,1,R658,
1088,C2066,NO,132.9433,128.8415,270,1,R658,
1089,C1641,NO,273.5323,99.6315,270,1,R658,
1090,C2068,NO,128.8793,128.8415,270,1,R658,
1091,C1635,NO,269.4683,99.6315,270,1,R658,
1092,C1637,NO,271.5003,99.6315,270,1,R658,
1093,C811,NO,142.0873,97.0915,270,1,R658,
1094,C1785,NO,223.7483,99.6315,270,1,R658,
1095,C536,NO,126.8473,97.0915,270,1,R658,
1096,C1779,NO,221.7163,99.6315,270,1,R658,
1097,C853,NO,109.5753,98.9965,270,1,R658,
1098,C1497,NO,252.1963,99.6315,270,1,R658,
1099,C532,NO,130.9113,97.0915,270,1,R658,
1100,C838,NO,109.5753,97.0915,270,1,R658,
1101,C860,NO,132.9433,98.9965,270,1,R658,
1102,C712,NO,320.2683,97.7265,270,1,R658,
1103,C1493,NO,254.2283,99.6315,270,1,R658,
1104,C1495,NO,256.2603,99.6315,270,1,R658,
1105,C694,NO,96.3673,97.0915,270,1,R658,
1106,C1690,NO,284.7083,67.8815,270,1,R658,
1107,C1526,NO,315.1883,67.8815,270,1,R658,
1108,C946,NO,81.1273,97.0915,270,1,R658,
1109,C1475,NO,243.0523,99.6315,270,1,R658,
1110,C1813,NO,238.9883,129.4765,270,1,R658,
1111,C3180,NO,168.4094,115.3211,270,1,R658,
1112,C787,NO,130.9113,67.2465,270,1,R658,
1113,C832,NO,115.6713,97.0915,270,1,R658,
1114,C858,NO,124.8153,98.9965,270,1,R658,
1115,C690,NO,98.3993,97.0915,270,1,R658,
1116,C2036,NO,125.8313,128.8415,270,1,R658,
1117,C825,NO,109.5753,67.2465,270,1,R658,
1118,C1983,NO,302.9963,99.6315,270,1,R658,
1119,C2034,NO,129.8953,128.8415,270,1,R658,
1120,C1985,NO,300.9643,99.6315,270,1,R658,
1121,C1317,NO,55.7273,128.8415,270,1,R658,
1122,C2038,NO,131.9273,128.8415,270,1,R658,
1123,C1129,NO,110.5913,128.8415,270,1,R658,
1124,C2022,NO,240.0043,97.7265,270,1,R658,
1125,C1023,NO,281.6603,97.7265,270,1,R658,
1126,C1127,NO,112.6233,128.8415,270,1,R658,
1127,C1123,NO,114.6553,128.8415,270,1,R658,
1128,C1367,NO,99.4153,128.8415,270,1,R658,
1129,C1363,NO,97.3833,128.8415,270,1,R658,
1130,C1369,NO,95.3513,128.8415,270,1,R658,
1131,C1381,NO,80.1113,128.8415,270,1,R658,
1132,C1383,NO,82.1433,128.8415,270,1,R658,
1133,C1379,NO,86.2073,128.8415,270,1,R658,
1134,C748,NO,320.2683,67.8815,270,1,R658,
1135,C742,NO,316.2043,67.8815,270,1,R658,
1136,C1300,NO,70.9673,128.8415,270,1,R658,
1137,C1305,NO,68.9353,128.8415,270,1,R658,
1138,C739,NO,300.9643,67.8815,270,1,R658,
1139,C1303,NO,66.9033,128.8415,270,1,R658,
1140,C1012,NO,283.6923,67.8815,270,1,R658,
1141,C1299,NO,64.8713,128.8415,270,1,R658,
1142,C1071,NO,224.7643,99.6315,270,1,R658,
1143,C729,NO,251.1803,99.6315,270,1,R658,
1144,C725,NO,259.3083,99.6315,270,1,R658,
1145,C723,NO,255.2443,99.6315,270,1,R658,
1146,C1321,NO,51.6633,128.8415,270,1,R658,
1147,C714,NO,242.0363,99.6315,270,1,R658,
1148,C1287,NO,125.8313,98.9965,270,1,R658,
1149,C1315,NO,49.6313,128.8415,270,1,R658,
1150,C988,NO,266.4203,99.6315,270,1,R658,
1151,C990,NO,268.4523,99.6315,270,1,R658,
1152,C986,NO,270.4843,99.6315,270,1,R658,
1153,C984,NO,272.5163,99.6315,270,1,R658,
1154,C720,NO,240.0043,99.6315,270,1,R658,
1155,C2004,NO,257.2763,97.7265,270,1,R658,
1156,C995,NO,281.6603,99.6315,270,1,R658,
1157,C1285,NO,127.8633,98.9965,270,1,R658,
1158,C997,NO,285.7243,99.6315,270,1,R658,
1159,C1283,NO,131.9273,98.9965,270,1,R658,
1160,C999,NO,289.7883,99.6315,270,1,R658,
1161,C1987,NO,296.9003,99.6315,270,1,R658,
1162,C970,NO,283.6923,129.4765,270,1,R658,
1163,C1273,NO,110.5913,98.9965,270,1,R658,
1164,C975,NO,266.4203,129.4765,270,1,R658,
1165,C1271,NO,112.6233,98.9965,270,1,R658,
1166,C1267,NO,116.6873,98.9965,270,1,R658,
1167,C977,NO,272.5163,129.4765,270,1,R658,
1168,C1417,NO,99.4153,98.9965,270,1,R658,
1169,C1413,NO,97.3833,98.9965,270,1,R658,
1170,C1411,NO,95.3513,98.9965,270,1,R658,
1171,C1397,NO,86.2073,98.9965,270,1,R658,
1172,C1047,NO,207.4923,129.4765,270,1,R658,
1173,C1395,NO,84.1753,98.9965,270,1,R658,
1174,C1049,NO,211.5563,129.4765,270,1,R658,
1175,C1401,NO,82.1433,98.9965,270,1,R658,
1176,C1044,NO,220.7003,129.4765,270,1,R658,
1177,C1042,NO,222.7323,129.4765,270,1,R658,
1178,C1351,NO,70.9673,98.9965,270,1,R658,
1179,C1349,NO,68.9353,98.9965,270,1,R658,
1180,C1038,NO,228.8283,129.4765,270,1,R658,
1181,C1087,NO,235.9403,129.4765,270,1,R658,
1182,C1085,NO,237.9723,129.4765,270,1,R658,
1183,C1347,NO,64.8713,98.9965,270,1,R658,
1184,C1953,NO,242.0363,129.4765,270,1,R658,
1185,C1335,NO,55.7273,98.9965,270,1,R658,
1186,C1958,NO,251.1803,129.4765,270,1,R658,
1187,C1333,NO,53.6953,98.9965,270,1,R658,
1188,C1962,NO,255.2443,129.4765,270,1,R658,
1189,C1960,NO,257.2763,129.4765,270,1,R658,
1190,C1331,NO,49.6313,98.9965,270,1,R658,
1191,C966,NO,289.7883,129.4765,270,1,R658,
1192,C1142,NO,158.3433,97.0915,270,1,R658,
1193,C972,NO,281.6603,129.4765,270,1,R658,
1194,C1188,NO,143.1033,97.0915,270,1,R658,
1195,C1974,NO,298.9323,129.4765,270,1,R658,
1196,C1092,NO,127.8633,97.0915,270,1,R658,
1197,C1976,NO,302.9963,129.4765,270,1,R658,
1198,C1978,NO,305.0283,129.4765,270,1,R658,
1199,C1969,NO,320.2683,129.4765,270,1,R658,
1200,C1965,NO,318.2363,129.4765,270,1,R658,
1201,C1098,NO,129.8953,97.0915,270,1,R658,
1202,C1236,NO,112.6233,97.0915,270,1,R658,
1203,C1971,NO,312.1403,129.4765,270,1,R658,
1204,C718,NO,235.9403,99.6315,270,1,R658,
1205,C1556,NO,173.5833,67.2465,270,1,R658,
1206,C1994,NO,312.1403,99.6315,270,1,R658,
1207,C1060,NO,205.4603,99.6315,270,1,R658,
1208,C1058,NO,209.5243,99.6315,270,1,R658,
1209,C1056,NO,207.4923,99.6315,270,1,R658,
1210,C1062,NO,211.5563,99.6315,270,1,R658,
1211,C1114,NO,95.3513,97.0915,270,1,R658,
1212,C1069,NO,220.7003,99.6315,270,1,R658,
1213,C1067,NO,222.7323,99.6315,270,1,R658,
1214,C1434,NO,80.1113,97.0915,270,1,R658,
1215,C1108,NO,101.4473,97.0915,270,1,R658,
1216,C1444,NO,64.8713,97.0915,270,1,R658,
1217,C1174,NO,141.0713,67.2465,270,1,R658,
1218,C1162,NO,127.8633,67.2465,270,1,R658,
1219,C1222,NO,116.6873,67.2465,270,1,R658,
1220,C2008,NO,251.1803,97.7265,270,1,R658,
1221,C1540,NO,156.3113,67.2465,270,1,R658,
1222,C1036,NO,270.4843,97.7265,270,1,R658,
1223,C1030,NO,266.4203,97.7265,270,1,R658,
1224,C1027,NO,287.7563,97.7265,270,1,R658,
1225,C2017,NO,257.2763,67.8815,270,1,R658,
1226,C2051,NO,236.9563,67.8815,270,1,R658,
1227,C1210,NO,99.4153,67.2465,270,1,R658,
1228,C1588,NO,80.1113,67.2465,270,1,R658,
1229,C1590,NO,86.2073,67.2465,270,1,R658,
1230,C1256,NO,64.8713,67.2465,270,1,R658,
1231,C1258,NO,68.9353,67.2465,270,1,R658,
1232,C940,NO,87.2233,97.0915,270,1,R658,
1233,C1075,NO,302.9963,97.7265,270,1,R658,
1234,C2013,NO,251.1803,67.8815,270,1,R658,
1235,C415,NO,289.8899,180.1241,270,1,R658,
1236,C1081,NO,298.9323,97.7265,270,1,R658,
1237,C1706,NO,284.7083,97.7265,270,1,R658,
1238,C708,NO,316.2043,97.7265,270,1,R658,
1239,C1674,NO,269.4683,67.8815,270,1,R658,
1240,C1514,NO,304.0123,67.8815,270,1,R658,
1241,C955,NO,69.9513,97.0915,270,1,R658,
1242,C733,NO,302.9963,67.8815,270,1,R658,
1243,C949,NO,63.8553,97.0915,270,1,R658,
1244,C1009,NO,270.4843,67.8815,270,1,R658,
1245,C1018,NO,287.7563,67.8815,270,1,R658,
1246,C2074,NO,244.0683,67.8815,270,1,R658,
1247,C1005,NO,268.4523,67.8815,270,1,R658,
1248,C1466,NO,315.1883,97.7265,270,1,R658,
1249,C2072,NO,242.0363,67.8815,270,1,R658,
1250,C2078,NO,235.9403,67.8815,270,1,R658,
1251,C796,NO,140.0553,67.2465,270,1,R658,
1252,C843,NO,71.9833,67.2465,270,1,R658,
1253,C802,NO,144.1193,67.2465,270,1,R658,
1254,C958,NO,85.1913,67.2465,270,1,R658,
1255,C847,NO,65.8873,67.2465,270,1,R658,
1256,C234,NO,10.3883,140.5255,270,1,R658,
1257,C1460,NO,317.2203,97.7265,270,1,R658,
1258,C1716,NO,269.4683,97.7265,270,1,R658,
1259,C964,NO,79.0953,67.2465,270,1,R658,
1260,C1914,NO,254.2283,97.7265,270,1,R658,
1261,C793,NO,128.8793,67.2465,270,1,R658,
1262,C1930,NO,254.2283,67.8815,270,1,R658,
1263,C1879,NO,297.9163,99.6315,270,1,R658,
1264,C183,YES,43.4083,146.3675,270,1,R434,
1265,C2380,NO,23.0883,152.2095,270,1,R658,
1266,C2381,NO,21.0563,149.5425,270,1,R658,
1267,C1942,NO,243.0523,97.7265,270,1,R658,
1268,C1491,NO,258.2923,99.6315,270,1,R658,
1269,C1479,NO,241.0203,99.6315,270,1,R658,
1270,C45,NO,42.5600,157.1473,270,1,R658,
1271,C1481,NO,238.9883,99.6315,270,1,R658,
1272,C757,NO,159.3593,67.2465,270,1,R658,
1273,C766,NO,174.5993,67.2465,270,1,R658,
1274,C2914,NO,34.2643,153.8605,270,1,R658,
1275,C753,NO,161.3913,67.2465,270,1,R658,
1276,C2032,NO,127.8633,128.8415,270,1,R658,
1277,C1897,NO,319.2523,99.6315,270,1,R658,
1278,C1877,NO,301.9803,99.6315,270,1,R658,
1279,C1875,NO,299.9483,99.6315,270,1,R658,
1280,C1881,NO,304.0123,99.6315,270,1,R658,
1281,C2909,NO,31.2163,157.0355,270,1,R658,
1282,C3268,NO,180.4540,17.0053,270,1,R658,
1283,C1895,NO,313.1563,99.6315,270,1,R658,
1284,C1893,NO,317.2203,99.6315,270,1,R658,
1285,C1891,NO,315.1883,99.6315,270,1,R658,
1286,C829,NO,115.6713,67.2465,270,1,R658,
1287,C2395,NO,152.5267,109.1311,270,1,R658,
1288,C3165,NO,221.5893,94.5515,270,1,R658,
1289,C2396,NO,326.2373,137.0965,270,1,R658,
1290,C760,NO,176.6313,67.2465,270,1,R658,
1291,C494,NO,47.5663,156.8323,270,1,R658,
1292,C2398,NO,326.2373,107.2515,270,1,R658,
1293,C820,NO,102.4633,67.2465,270,1,R658,
1294,C2425,NO,189.5853,120.5865,270,1,R658,
1295,C2368,NO,335.3813,134.0485,270,1,R658,
1296,C2373,NO,335.3813,104.2035,270,1,R658,
1297,C814,NO,100.4313,67.2465,270,1,R658,
1298,Q31,NO,312.7499,158.1620,0,1,Q31,
1299,Q30,NO,306.3745,158.1620,0,1,Q31,
1300,Q17,NO,150.5163,137.5410,90,1,Q31,
1301,Q16,NO,156.7724,136.2710,270,1,Q31,
1302,Q11,NO,331.7784,42.5450,270,1,Q31,
1303,Q14,NO,331.7784,36.1696,270,1,Q31,
1304,U75,NO,307.4921,166.4081,0,1,U75,
1305,U58,NO,325.3356,44.9580,270,1,U75,
1306,U60,NO,152.7680,131.1148,270,1,U75,
1307,Q29,NO,306.8825,171.7802,0,1,Q29,
1308,Q1,NO,165.8363,39.4970,0,1,Q29,
1309,Q8,YES,409.0871,96.3346,0,1,Q23,
1310,Q10,NO,321.6145,41.2750,180,1,Q29,
1311,Q2,NO,45.8213,162.0520,180,1,Q29,
1312,Q15,NO,147.2943,130.9624,270,1,Q29,
1313,R422,NO,149.8978,133.6040,0,1,R677,
1314,R514,NO,309.7781,170.6499,90,1,R677,
1315,R421,NO,325.1578,47.6250,180,1,R677,
1316,J65,YES,148.4920,36.8300,0,1,J65,
1317,J12,YES,229.7034,52.4002,0,1,J65,
1318,J13,YES,63.2750,70.7390,0,1,J65,
1319,J14,YES,255.6977,19.9390,0,1,J65,
1320,J39,YES,195.6090,33.2740,0,1,J65,
1321,J41,YES,102.8482,183.3880,0,1,J65,
1322,J48,YES,141.1514,110.6170,0,1,J65,
1323,J54,YES,229.0100,125.3490,0,1,J65,
1324,J30,YES,258.9997,124.3330,0,1,J65,
1325,J53,YES,313.8637,37.7190,0,1,J65,
1326,J33,YES,148.3650,70.7390,0,1,J65,
1327,J51,YES,38.7640,65.5320,0,1,J65,
1328,J45,YES,175.6700,117.9576,0,1,J65,
1329,J16,YES,135.8643,16.3284,90,1,J65,
1330,J56,YES,173.9643,32.5666,90,1,J65,
1331,J50,YES,126.8473,16.5824,90,1,J65,
1332,J49,YES,226.4153,46.2826,90,1,J65,
1333,J63,YES,270.4843,21.0096,90,1,J65,
1334,J44,YES,228.9299,60.9130,90,1,J65,
1335,J43,YES,56.4131,71.7588,90,1,J65,
1336,J62,YES,97.1293,16.9634,90,1,J65,
1337,J19,YES,145.3893,16.5646,90,1,J65,
1338,J32,YES,248.4117,48.9928,90,1,J65,
1339,J40,YES,200.7067,33.2740,180,1,J65,
1340,J34,YES,321.1599,72.0014,180,1,J65,
1341,J36,YES,219.2487,15.4940,180,1,J65,
1342,J35,YES,293.7800,125.0950,180,1,J65,
1343,J58,YES,39.3990,109.4740,180,1,J65,
1344,J17,YES,83.5950,32.0040,180,1,J65,
1345,J52,YES,56.8703,156.7904,270,1,J65,
1346,J31,YES,71.2213,124.2784,270,1,J65,
1347,J20,YES,253.2250,182.6171,270,1,J65,
1348,J57,YES,30.5178,111.6419,270,1,J65,
1349,J55,YES,173.9643,37.7914,270,1,J65,
1350,J61,YES,280.6443,182.6984,270,1,J65,
1351,J18,YES,38.7728,119.7445,270,1,J65,
1352,J15,YES,150.7995,103.9584,270,1,J65,
1353,J60,YES,191.7443,108.6396,270,1,J65,
1354,J59,YES,197.4593,108.6396,270,1,J65,
1355,J38,YES,399.9481,93.5952,270,1,J65,
1356,R656,YES,152.4378,36.8300,0,1,R656,
1357,R511,YES,145.0972,110.6170,0,1,R656,
1358,R8,YES,355.8918,137.5410,0,1,R656,
1359,R628,YES,31.2163,108.2040,0,1,R656,
1360,R14,YES,379.2598,137.6680,0,1,R656,
1361,R357,YES,253.9235,179.4383,0,1,R656,
1362,R639,YES,268.5158,24.3840,0,1,R656,
1363,R475,YES,179.6158,117.9576,0,1,R656,
1364,R640,YES,95.0973,20.1930,0,1,R656,
1365,C2407,YES,357.3015,56.6166,0,1,R656,
1366,R445,YES,262.9278,124.3330,0,1,R656,
1367,R625,YES,232.9558,125.3490,0,1,R656,
1368,R448,YES,152.4378,70.7390,0,1,R656,
1369,R612,YES,42.7098,65.5320,0,1,R656,
1370,R466,YES,106.7432,183.3880,0,1,R656,
1371,R614,YES,317.0933,38.4175,90,1,R656,
1372,R637,YES,270.4843,25.0825,90,1,R656,
1373,R636,YES,97.1293,20.8280,90,1,R656,
1374,R473,YES,56.4131,75.9079,90,1,R656,
1375,R474,YES,228.5489,64.7573,90,1,R656,
1376,C2489,YES,375.8689,132.2197,90,1,R656,
1377,C2494,YES,351.9421,132.1943,90,1,R656,
1378,R451,YES,215.7473,16.1925,90,1,R656,
1379,R447,YES,247.6243,53.6575,90,1,R656,
1380,C2495,YES,355.7013,132.0673,90,1,R656,
1381,C2490,YES,379.5265,131.9403,90,1,R656,
1382,R610,YES,224.0658,49.2760,180,1,R656,
1383,R450,YES,289.8341,125.0950,180,1,R656,
1384,R611,YES,126.1488,19.7612,180,1,R656,
1385,R613,YES,56.1718,153.5430,180,1,R656,
1386,R398,YES,355.1298,20.5740,180,1,R656,
1387,R629,YES,35.4708,109.7280,180,1,R656,
1388,R638,YES,282.7398,179.4510,180,1,R656,
1389,R249,YES,79.6668,32.0040,180,1,R656,
1390,R341,YES,135.1658,19.6850,180,1,R656,
1391,R446,YES,70.4593,118.3005,270,1,R656,
1392,R449,YES,317.9366,71.3029,270,1,R656,
1393,R635,YES,280.6443,178.7525,270,1,R656,
1394,R347,YES,38.7728,115.8875,270,1,R656,
1395,R633,YES,193.0143,102.6617,270,1,R656,
1396,R632,YES,196.8243,102.6617,270,1,R656,
1397,U61,NO,395.5031,128.9431,0,1,U61,
1398,U55,NO,395.3507,140.9319,180,1,U61,
1399,R434,YES,361.9878,62.7380,0,1,R434,
1400,R519,NO,166.5348,29.2100,0,1,R658,
1401,R654,NO,391.0073,136.8425,90,1,R658,
1402,R518,NO,168.2493,40.1955,90,1,R658,
1403,R655,NO,399.7703,133.6675,270,1,R658,
1404,R470,YES,53.9544,162.4076,270,1,R434,
1405,U71,NO,177.7769,105.0950,0,1,U71,
1406,U73,NO,177.7769,108.9050,0,1,U71,
1407,U74,NO,171.5488,105.0900,180,1,U71,
1408,U72,NO,171.5488,108.9000,180,1,U71,
1409,C3174,NO,168.7573,105.6005,90,1,R658,
1410,C3173,NO,168.7573,109.4105,90,1,R658,
1411,C3172,NO,180.4413,104.5845,270,1,R658,
1412,C3175,NO,180.4413,108.3945,270,1,R658,
1413,R650,NO,181.7748,105.0290,0,1,R658,
1414,R652,NO,181.7748,108.8390,0,1,R658,
1415,R651,NO,167.4238,105.1560,180,1,R658,
1416,R649,NO,167.4238,108.9660,180,1,R658,
1417,R645,NO,181.7748,104.1400,0,1,R658,
1418,R647,NO,167.4238,106.0450,180,1,R658,
1419,R646,NO,167.4238,109.8550,180,1,R658,
1420,R648,NO,181.7748,107.9500,0,1,R658,
1421,R642,NO,399.9608,81.7880,0,1,R658,
1422,R490,NO,249.2118,171.8310,0,1,R658,
1423,R359,YES,359.4478,40.1320,0,1,R434,
1424,R440,NO,67.5383,156.2735,90,1,R658,
1425,R397,YES,361.4163,25.5905,90,1,R434,
1426,R13,YES,374.1163,132.3975,90,1,R434,
1427,R7,YES,350.2657,132.6007,90,1,R434,
1428,R643,NO,408.3428,81.5340,180,1,R658,
1429,R457,NO,79.9589,182.7657,270,1,R658,
1430,R372,NO,174.2183,103.6955,270,1,R658,
1431,Q28,NO,403.6438,81.5429,0,1,Q28,
1432,R644,NO,406.4378,81.5340,0,1,R658,
1433,R641,NO,399.9608,82.8040,0,1,R658,
1434,R235,NO,12.1028,154.0510,0,1,R658,
1435,R485,NO,22.7708,146.3040,0,1,R658,
1436,R491,NO,249.2626,170.8912,0,1,R658,
1437,R426,NO,141.0713,131.0005,90,1,R658,
1438,R499,NO,319.6333,37.7825,90,1,R658,
1439,C2474,NO,175.1073,103.6955,90,1,R658,
1440,R634,NO,58.7753,168.9100,90,1,R658,
1441,C2564,NO,350.3673,25.5270,90,1,R658,
1442,R481,NO,5.9433,153.6065,90,1,R658,
1443,C2432,NO,132.5750,27.0891,90,1,R658,
1444,C2563,NO,350.3673,56.1340,90,1,R658,
1445,R132,NO,4.1653,153.6065,90,1,R658,
1446,R508,NO,309.1558,176.5046,180,1,R658,
1447,R509,NO,307.4540,176.5046,180,1,R658,
1448,R439,NO,42.8368,163.5760,180,1,R658,
1449,R438,NO,2.4508,151.5110,180,1,R658,
1450,R82,NO,204.8888,34.6710,180,1,R658,
1451,R482,NO,2.7048,143.2560,180,1,R658,
1452,C2993,NO,328.2693,63.1190,180,1,R658,
1453,C2996,NO,321.2843,47.8790,180,1,R658,
1454,R465,NO,196.5068,34.6710,180,1,R658,
1455,R500,NO,318.7443,37.7825,270,1,R658,
1456,C2562,NO,350.3673,53.5940,270,1,R658,
1457,R425,NO,142.2143,131.0005,270,1,R658,
1458,R236,NO,3.2763,153.6065,270,1,R658,
1459,C2565,NO,350.3673,22.9870,270,1,R658,
1460,C2524,NO,397.5097,81.5975,270,1,R658,
1461,Q6,YES,403.3771,138.3030,0,1,Q23,
1462,Q4,NO,400.0243,79.1210,0,1,Q29,
1463,Q26,NO,93.7511,177.5460,0,1,Q29,
1464,Q7,YES,406.7553,143.8910,0,1,Q23,
1465,Q23,YES,406.7553,149.7076,0,1,Q23,
1466,Q9,YES,404.5201,114.2238,0,1,Q23,
1467,Q25,NO,89.0394,176.1744,90,1,Q29,
1468,Q22,NO,394.1315,84.8614,90,1,Q29,
1469,Q20,NO,393.1765,70.3910,90,1,Q29,
1470,Q24,NO,93.7765,173.2788,180,1,Q29,
1471,Q18,NO,400.2275,126.6444,180,1,Q29,
1472,Q21,NO,400.3545,86.7410,270,1,Q29,
1473,U46,NO,200.4553,76.8248,0,1,U46,
1474,U13,NO,27.9372,87.2134,0,1,U46,
1475,R631,YES,192.4428,100.1852,0,1,R656,
1476,R630,YES,196.2528,100.1852,0,1,R656,
1477,R626,YES,31.2163,106.2990,0,1,R656,
1478,R627,YES,35.4708,107.8230,180,1,R656,
1479,C3162,YES,35.2168,106.4260,0,1,R434,
1480,C3164,YES,192.5698,98.9152,180,1,R434,
1481,C3163,YES,196.3798,98.9152,180,1,R434,
1482,C3161,YES,31.3433,105.0290,180,1,R434,
1483,EU1,NO,163.8043,32.8930,0,1,EU1,
1484,EU88,NO,67.9193,60.5790,0,1,EU88,
1485,EU56,NO,83.1593,60.5790,0,1,EU88,
1486,EU81,NO,98.3993,60.5790,0,1,EU88,
1487,EU82,NO,113.6393,60.5790,0,1,EU88,
1488,EU78,NO,128.8793,60.5790,0,1,EU88,
1489,EU79,NO,144.1193,60.5790,0,1,EU88,
1490,EU86,NO,159.3593,60.5790,0,1,EU88,
1491,EU87,NO,174.5993,60.5790,0,1,EU88,
1492,EU80,NO,144.1193,90.4240,0,1,EU88,
1493,EU77,NO,159.3593,90.4240,0,1,EU88,
1494,EU55,NO,174.5993,90.4240,0,1,EU88,
1495,EU83,NO,113.6393,90.4240,0,1,EU88,
1496,EU75,NO,128.8793,90.4240,0,1,EU88,
1497,EU53,NO,83.1593,90.4240,0,1,EU88,
1498,EU76,NO,98.3993,90.4240,0,1,EU88,
1499,EU54,NO,67.9193,90.4240,0,1,EU88,
1500,EU69,NO,316.2043,91.0590,0,1,EU88,
1501,EU70,NO,300.9643,91.0590,0,1,EU88,
1502,EU66,NO,285.7243,91.0590,0,1,EU88,
1503,EU67,NO,270.4843,91.0590,0,1,EU88,
1504,EU29,NO,255.2443,91.0590,0,1,EU88,
1505,EU74,NO,240.0043,91.0590,0,1,EU88,
1506,EU61,NO,316.2043,61.2140,0,1,EU88,
1507,EU89,NO,240.0043,61.2140,0,1,EU88,
1508,EU73,NO,255.2443,61.2140,0,1,EU88,
1509,EU64,NO,270.4843,61.2140,0,1,EU88,
1510,EU65,NO,285.7243,61.2140,0,1,EU88,
1511,EU21,NO,300.9643,61.2140,0,1,EU88,
1512,EU17,NO,255.2443,136.1440,180,1,EU88,
1513,EU6,NO,270.4843,136.1440,180,1,EU88,
1514,EU85,NO,285.7243,136.1440,180,1,EU88,
1515,EU26,NO,300.9643,136.1440,180,1,EU88,
1516,EU59,NO,240.0043,136.1440,180,1,EU88,
1517,EU13,NO,224.7643,136.1440,180,1,EU88,
1518,EU14,NO,209.5243,136.1440,180,1,EU88,
1519,EU72,NO,316.2043,106.2990,180,1,EU88,
1520,EU68,NO,209.5243,106.2990,180,1,EU88,
1521,EU84,NO,128.8793,135.5090,180,1,EU88,
1522,EU71,NO,316.2043,136.1440,180,1,EU88,
1523,EU27,NO,300.9643,106.2990,180,1,EU88,
1524,EU16,NO,224.7643,106.2990,180,1,EU88,
1525,EU60,NO,240.0043,106.2990,180,1,EU88,
1526,EU20,NO,255.2443,106.2990,180,1,EU88,
1527,EU62,NO,270.4843,106.2990,180,1,EU88,
1528,EU63,NO,285.7243,106.2990,180,1,EU88,
1529,EU42,NO,113.6393,135.5090,180,1,EU88,
1530,EU50,NO,83.1593,135.5090,180,1,EU88,
1531,EU49,NO,98.3993,135.5090,180,1,EU88,
1532,EU46,NO,52.6793,135.5090,180,1,EU88,
1533,EU45,NO,67.9193,135.5090,180,1,EU88,
1534,EU44,NO,128.8793,105.6640,180,1,EU88,
1535,EU48,NO,67.9193,105.6640,180,1,EU88,
1536,EU51,NO,83.1593,105.6640,180,1,EU88,
1537,EU52,NO,98.3993,105.6640,180,1,EU88,
1538,EU43,NO,113.6393,105.6640,180,1,EU88,
1539,EU47,NO,52.6793,105.6640,180,1,EU88,
1540,C1250,NO,61.2518,61.9760,0,1,R658,
1541,C379,YES,205.5873,74.1680,0,1,R434,
1542,C1202,NO,91.7318,61.9760,0,1,R658,
1543,C343,NO,220.5098,60.1980,0,1,R658,
1544,C1218,NO,106.9718,61.9760,0,1,R658,
1545,C1154,NO,122.2118,61.9760,0,1,R658,
1546,C355,YES,57.2615,84.3051,0,1,R434,
1547,C357,YES,57.2615,85.1687,0,1,R434,
1548,C1170,NO,137.4518,61.9760,0,1,R658,
1549,C342,YES,229.7808,74.7801,0,1,R434,
1550,C1538,NO,152.6918,61.9760,0,1,R658,
1551,C246,YES,229.7808,73.9165,0,1,R434,
1552,C1554,NO,167.9318,61.9760,0,1,R658,
1553,C387,YES,40.4340,77.3328,0,1,R434,
1554,C1585,NO,76.4918,61.9760,0,1,R658,
1555,C1138,NO,152.6918,91.8210,0,1,R658,
1556,C1281,NO,122.2118,104.2670,0,1,R658,
1557,C1570,NO,167.9318,91.8210,0,1,R658,
1558,C1265,NO,106.9718,104.2670,0,1,R658,
1559,C1329,NO,46.0118,104.2670,0,1,R658,
1560,C1313,NO,46.0118,134.1120,0,1,R658,
1561,C1409,NO,91.7318,104.2670,0,1,R658,
1562,C1297,NO,61.2518,134.1120,0,1,R658,
1563,C1393,NO,76.4918,104.2670,0,1,R658,
1564,C1377,NO,76.4918,134.1120,0,1,R658,
1565,C1345,NO,61.2518,104.2670,0,1,R658,
1566,C1361,NO,91.7318,134.1120,0,1,R658,
1567,C1121,NO,106.9718,134.1120,0,1,R658,
1568,C1186,NO,137.4518,91.8210,0,1,R658,
1569,C1090,NO,122.2118,91.8210,0,1,R658,
1570,C2030,NO,122.2118,134.1120,0,1,R658,
1571,C1233,NO,106.9718,91.8210,0,1,R658,
1572,C1761,NO,202.8568,104.9020,0,1,R658,
1573,C1105,NO,91.7318,91.8210,0,1,R658,
1574,C1745,NO,202.8568,134.7470,0,1,R658,
1575,C1426,NO,76.4918,91.8210,0,1,R658,
1576,C1729,NO,218.0968,134.7470,0,1,R658,
1577,C1809,NO,233.3368,134.7470,0,1,R658,
1578,C1441,NO,61.2518,91.8210,0,1,R658,
1579,C1889,NO,309.5368,104.9020,0,1,R658,
1580,C1825,NO,248.5768,134.7470,0,1,R658,
1581,C1873,NO,294.2968,104.9020,0,1,R658,
1582,C1617,NO,263.8168,134.7470,0,1,R658,
1583,C1649,NO,279.0568,104.9020,0,1,R658,
1584,C1601,NO,279.0568,134.7470,0,1,R658,
1585,C1633,NO,263.8168,104.9020,0,1,R658,
1586,C1857,NO,294.2968,134.7470,0,1,R658,
1587,C1489,NO,248.5768,104.9020,0,1,R658,
1588,C1841,NO,309.5368,134.7470,0,1,R658,
1589,C1473,NO,233.3368,104.9020,0,1,R658,
1590,C2047,NO,233.3368,62.6110,0,1,R658,
1591,C1922,NO,248.5768,62.6110,0,1,R658,
1592,C1777,NO,218.0968,104.9020,0,1,R658,
1593,C1666,NO,263.8168,62.6110,0,1,R658,
1594,C1458,NO,309.5368,92.4560,0,1,R658,
1595,C1794,NO,294.2968,92.4560,0,1,R658,
1596,C1682,NO,279.0568,62.6110,0,1,R658,
1597,C1698,NO,279.0568,92.4560,0,1,R658,
1598,C1506,NO,294.2968,62.6110,0,1,R658,
1599,C1714,NO,263.8168,92.4560,0,1,R658,
1600,C1522,NO,309.5368,62.6110,0,1,R658,
1601,C1906,NO,248.5768,92.4560,0,1,R658,
1602,C1937,NO,233.3368,92.4560,0,1,R658,
1603,C243,YES,225.1580,66.0171,90,1,R434,
1604,C374,YES,54.6453,92.1791,90,1,R434,
1605,C240,YES,224.2944,66.0171,90,1,R434,
1606,C101,YES,223.4308,66.0171,90,1,R434,
1607,C27,YES,226.0216,66.0171,90,1,R434,
1608,C364,YES,53.5023,76.4057,90,1,R434,
1609,C348,YES,52.6387,76.4057,90,1,R434,
1610,C381,YES,227.1646,73.0275,90,1,R434,
1611,C360,YES,50.9115,76.4057,90,1,R434,
1612,C356,YES,51.7751,76.4057,90,1,R434,
1613,C382,YES,227.1646,77.7900,90,1,R434,
1614,C384,YES,227.1646,81.7905,90,1,R434,
1615,C372,YES,54.6453,83.4161,90,1,R434,
1616,C362,NO,47.6095,68.0237,90,1,R658,
1617,C369,YES,54.6453,88.1786,90,1,R434,
1618,C1842,NO,322.8718,134.7470,180,1,R658,
1619,C1474,NO,246.6718,104.9020,180,1,R658,
1620,C1858,NO,307.6318,134.7470,180,1,R658,
1621,C1490,NO,261.9118,104.9020,180,1,R658,
1622,C1634,NO,277.1518,104.9020,180,1,R658,
1623,C1602,NO,292.3918,134.7470,180,1,R658,
1624,C1650,NO,292.3918,104.9020,180,1,R658,
1625,C1618,NO,277.1518,134.7470,180,1,R658,
1626,C1874,NO,307.6318,104.9020,180,1,R658,
1627,C1826,NO,261.9118,134.7470,180,1,R658,
1628,C1810,NO,246.6718,134.7470,180,1,R658,
1629,C1442,NO,74.5868,91.8210,180,1,R658,
1630,C1730,NO,231.4318,134.7470,180,1,R658,
1631,C1425,NO,89.8268,91.8210,180,1,R658,
1632,C1746,NO,216.1918,134.7470,180,1,R658,
1633,C1890,NO,322.8718,104.9020,180,1,R658,
1634,C1106,NO,105.0668,91.8210,180,1,R658,
1635,C2046,NO,246.6718,62.6110,180,1,R658,
1636,C2031,NO,135.5468,134.1120,180,1,R658,
1637,C1089,NO,135.5468,91.8210,180,1,R658,
1638,C1122,NO,120.3068,134.1120,180,1,R658,
1639,C1713,NO,277.1518,92.4560,180,1,R658,
1640,C1362,NO,105.0668,134.1120,180,1,R658,
1641,C1346,NO,74.5868,104.2670,180,1,R658,
1642,C1378,NO,89.8268,134.1120,180,1,R658,
1643,C1394,NO,89.8268,104.2670,180,1,R658,
1644,C1298,NO,74.5868,134.1120,180,1,R658,
1645,C1314,NO,59.3468,134.1120,180,1,R658,
1646,C1410,NO,105.0668,104.2670,180,1,R658,
1647,C1569,NO,181.2668,91.8210,180,1,R658,
1648,C1266,NO,120.3068,104.2670,180,1,R658,
1649,C1282,NO,135.5468,104.2670,180,1,R658,
1650,C1137,NO,166.0268,91.8210,180,1,R658,
1651,C1249,NO,74.5868,61.9760,180,1,R658,
1652,C1185,NO,150.7868,91.8210,180,1,R658,
1653,C1778,NO,231.4318,104.9020,180,1,R658,
1654,C1921,NO,261.9118,62.6110,180,1,R658,
1655,C1762,NO,216.1918,104.9020,180,1,R658,
1656,C1457,NO,322.8718,92.4560,180,1,R658,
1657,C1665,NO,277.1518,62.6110,180,1,R658,
1658,C1793,NO,307.6318,92.4560,180,1,R658,
1659,C1697,NO,292.3918,92.4560,180,1,R658,
1660,C1553,NO,181.2668,61.9760,180,1,R658,
1661,C1681,NO,292.3918,62.6110,180,1,R658,
1662,C1234,NO,120.3068,91.8210,180,1,R658,
1663,C1201,NO,105.0668,61.9760,180,1,R658,
1664,C1537,NO,166.0268,61.9760,180,1,R658,
1665,C361,YES,42.9105,83.0097,180,1,R434,
1666,C352,YES,42.9105,82.1461,180,1,R434,
1667,C353,YES,57.2615,83.4415,180,1,R434,
1668,C1169,NO,150.7868,61.9760,180,1,R658,
1669,C1153,NO,135.5468,61.9760,180,1,R658,
1670,C1217,NO,120.3068,61.9760,180,1,R658,
1671,C1505,NO,307.6318,62.6110,180,1,R658,
1672,C1521,NO,322.8718,62.6110,180,1,R658,
1673,C1905,NO,261.9118,92.4560,180,1,R658,
1674,C1938,NO,246.6718,92.4560,180,1,R658,
1675,C1330,NO,59.3468,104.2670,180,1,R658,
1676,C1586,NO,89.8268,61.9760,180,1,R658,
1677,C247,YES,229.7808,73.0529,180,1,R434,
1678,C239,YES,215.4298,72.6211,180,1,R434,
1679,C110,YES,215.4298,71.7575,180,1,R434,
1680,C241,YES,219.0874,66.0171,270,1,R434,
1681,C75,YES,222.5418,66.0171,270,1,R434,
1682,C242,YES,220.8146,66.0171,270,1,R434,
1683,C4,YES,226.9106,66.0679,270,1,R434,
1684,C553,NO,26.6443,67.8815,270,1,R658,
1685,C244,YES,219.9510,66.0171,270,1,R434,
1686,C363,YES,54.3659,76.4057,270,1,R434,
1687,C380,YES,218.4016,70.4875,270,1,R434,
1688,C365,YES,50.0225,76.4057,270,1,R434,
1689,C378,YES,227.1646,70.4875,270,1,R434,
1690,C359,YES,49.1589,76.4057,270,1,R434,
1691,C367,YES,45.8823,80.8761,270,1,R434,
1692,C373,YES,54.6453,80.8761,270,1,R434,
1693,C385,YES,218.3127,80.2157,270,1,R434,
1694,C347,YES,48.2953,76.4057,270,1,R434,
1695,C349,YES,47.4317,76.4057,270,1,R434,
1696,C383,YES,218.4016,82.5525,270,1,R434,
1697,C354,YES,46.5681,76.4057,270,1,R434,
1698,C376,YES,45.8823,92.9411,270,1,R434,
1699,C371,YES,45.7934,90.6043,270,1,R434,
1700,C375,NO,47.6095,69.8017,270,1,R658,
1701,C558,NO,199.1103,57.4675,270,1,R658,
1702,C78,YES,221.6782,66.0171,270,1,R434,
1703,U86,NO,154.3352,158.8821,0,1,U86,
1704,U3,NO,189.2932,158.8745,0,1,U86,
1705,C2716,NO,160.7563,171.7294,0,1,C2716,
1706,C2715,NO,193.2683,171.7294,0,1,C2716,
1707,C2816,NO,121.8943,177.4190,270,1,C2716,
1708,C2521,NO,137.2613,176.9110,270,1,C2716,
1709,C2086,NO,173.1388,171.0690,0,1,R677,
1710,C23,NO,206.7303,151.7015,90,1,R677,
1711,C2085,NO,170.3448,171.0690,180,1,R677,
1712,C2089,NO,170.3448,146.6850,180,1,R677,
1713,C22,NO,173.3928,146.6850,180,1,R677,
1714,C2084,NO,206.7303,166.3065,270,1,R677,
1715,C2088,NO,136.8803,151.7015,270,1,R677,
1716,C2087,NO,136.8803,166.3065,270,1,R677,
1717,C3135,NO,160.7563,174.1170,0,1,C2716,
1718,C3134,NO,193.2683,174.1170,0,1,C2716,
1719,L18,NO,166.8523,176.7840,0,1,L18,
1720,L17,NO,193.6493,181.6100,270,1,L18,
1721,R513,NO,166.8523,176.7840,0,1,R513,
1722,R512,NO,193.6493,181.6100,270,1,R513,
1723,R353,YES,201.4979,157.7975,90,1,R656,
1724,C1101,YES,128.8793,82.1690,0,1,C1101,
1725,C1117,YES,98.3993,82.1690,0,1,C1101,
1726,C1453,YES,68.5543,82.1690,0,1,C1101,
1727,C1149,YES,159.3593,82.1690,0,1,C1101,
1728,C1165,YES,128.8793,52.3240,180,1,C1101,
1729,C1181,YES,144.1193,52.3240,180,1,C1101,
1730,C1197,YES,143.4843,80.2640,180,1,C1101,
1731,C1213,YES,98.3993,52.3240,180,1,C1101,
1732,C1229,YES,113.6393,52.3240,180,1,C1101,
1733,C1245,YES,113.6393,80.2640,180,1,C1101,
1734,C1261,YES,67.9193,52.3240,180,1,C1101,
1735,C1277,YES,113.6393,113.9190,180,1,C1101,
1736,C1293,YES,128.8793,113.9190,180,1,C1101,
1737,C1309,YES,67.9193,143.7640,180,1,C1101,
1738,C1325,YES,52.6793,143.7640,180,1,C1101,
1739,C1341,YES,52.6793,113.9190,180,1,C1101,
1740,C1357,YES,67.9193,113.9190,180,1,C1101,
1741,C1373,YES,98.3993,143.7640,180,1,C1101,
1742,C1389,YES,83.1593,143.7640,180,1,C1101,
1743,C1405,YES,83.1593,113.9190,180,1,C1101,
1744,C1421,YES,98.3993,113.9190,180,1,C1101,
1745,C1437,YES,83.1593,80.2640,180,1,C1101,
1746,C2058,YES,240.0043,52.9590,180,1,C1101,
1747,C1469,YES,316.2043,80.8990,180,1,C1101,
1748,C1485,YES,240.0043,114.5540,180,1,C1101,
1749,C1501,YES,255.2443,114.5540,180,1,C1101,
1750,C1517,YES,300.9643,52.9590,180,1,C1101,
1751,C1533,YES,316.2043,52.9590,180,1,C1101,
1752,C1549,YES,159.3593,52.3240,180,1,C1101,
1753,C1565,YES,174.5993,52.3240,180,1,C1101,
1754,C1581,YES,173.3293,80.2640,180,1,C1101,
1755,C1597,YES,83.1593,52.3240,180,1,C1101,
1756,C1613,YES,285.7243,144.3990,180,1,C1101,
1757,C1629,YES,270.4843,144.3990,180,1,C1101,
1758,C1645,YES,270.4843,114.5540,180,1,C1101,
1759,C1661,YES,285.7243,114.5540,180,1,C1101,
1760,C1677,YES,270.4843,52.9590,180,1,C1101,
1761,C1693,YES,285.7243,52.9590,180,1,C1101,
1762,C1709,YES,286.3593,80.8990,180,1,C1101,
1763,C1725,YES,270.4843,82.8040,180,1,C1101,
1764,C1741,YES,224.7643,144.3990,180,1,C1101,
1765,C1757,YES,209.5243,144.3990,180,1,C1101,
1766,C1773,YES,209.5243,114.5540,180,1,C1101,
1767,C1789,YES,224.7643,114.5540,180,1,C1101,
1768,C1805,YES,300.9643,82.8040,180,1,C1101,
1769,C1821,YES,240.0043,144.3990,180,1,C1101,
1770,C1837,YES,255.2443,144.3990,180,1,C1101,
1771,C1853,YES,316.2043,144.3990,180,1,C1101,
1772,C1869,YES,300.9643,144.3990,180,1,C1101,
1773,C1885,YES,300.9643,114.5540,180,1,C1101,
1774,C1901,YES,316.2043,114.5540,180,1,C1101,
1775,C1917,YES,256.5143,80.8990,180,1,C1101,
1776,C1933,YES,255.2443,52.9590,180,1,C1101,
1777,C1949,YES,240.0043,82.8040,180,1,C1101,
1778,C2042,YES,128.8793,143.7640,180,1,C1101,
1779,C1133,YES,113.6393,143.7640,180,1,C1101,
1780,U5,NO,57.5765,158.3665,0,1,U5,
1781,R419,NO,321.5510,38.4048,0,1,R658,
1782,R420,NO,144.6273,131.0005,90,1,R658,
1783,R506,NO,307.4540,174.4218,180,1,R658,
1784,R3,NO,42.8876,161.4246,180,1,R658,
1785,R213,NO,155.4858,13.5255,270,1,R658,
1786,R215,NO,165.6154,12.1336,270,1,R658,
1787,Y6,NO,45.6562,171.4500,0,1,Y6,
1788,R346,YES,27.5943,80.2335,90,1,R434,
1789,R504,NO,45.6308,175.8950,180,1,R658,
1790,R453,NO,90.8809,173.2661,270,1,R658,
1791,R344,YES,40.3705,79.3445,270,1,R434,
1792,R524,YES,48.5391,168.9100,0,1,R524,
1793,R571,YES,222.8593,123.1900,0,1,R524,
1794,R521,YES,5.6893,147.0660,0,1,R524,
1795,R559,YES,66.0143,119.6340,0,1,R524,
1796,R573,YES,222.8593,119.3800,0,1,R524,
1797,R589,YES,162.5343,60.7060,0,1,R524,
1798,R531,YES,193.4461,18.4150,0,1,R524,
1799,R567,YES,222.8593,121.2850,0,1,R524,
1800,R585,YES,162.5343,58.8010,0,1,R524,
1801,R575,YES,219.4303,125.6030,0,1,R524,
1802,R549,YES,193.5757,20.6019,0,1,R524,
1803,R553,YES,66.0143,121.5390,0,1,R524,
1804,R557,YES,66.2683,123.4440,0,1,R524,
1805,R583,YES,67.9701,139.7000,90,1,R524,
1806,R597,YES,301.4723,110.4900,90,1,R524,
1807,R601,YES,299.4403,110.4900,90,1,R524,
1808,R599,YES,223.2403,140.3350,90,1,R524,
1809,R520,YES,250.4183,170.9420,90,1,R524,
1810,R535,YES,189.4075,14.7828,90,1,R524,
1811,R579,YES,69.9005,139.7254,90,1,R524,
1812,R528,YES,21.0563,107.4420,90,1,R524,
1813,R595,YES,225.3993,140.3350,90,1,R524,
1814,R522,YES,42.3923,165.6080,90,1,R524,
1815,R537,YES,191.2998,15.6845,90,1,R524,
1816,R543,YES,191.4649,24.8158,90,1,R524,
1817,R561,YES,57.1243,124.7140,180,1,R524,
1818,R555,YES,57.1243,126.6190,180,1,R524,
1819,R551,YES,57.1243,120.5230,180,1,R524,
1820,R577,YES,217.0173,122.9360,180,1,R524,
1821,R605,YES,297.5099,106.1974,180,1,R524,
1822,R523,YES,45.8213,159.0040,180,1,R524,
1823,R533,YES,180.0603,20.3835,180,1,R524,
1824,R547,YES,180.4413,15.3416,180,1,R524,
1825,R563,YES,57.1243,122.4280,180,1,R524,
1826,R569,YES,215.8743,125.6030,180,1,R524,
1827,R593,YES,157.2003,60.7060,180,1,R524,
1828,R545,YES,188.4423,25.1028,180,1,R524,
1829,R539,YES,188.1248,19.3040,180,1,R524,
1830,R581,YES,157.2003,58.8010,180,1,R524,
1831,R565,YES,219.1763,119.7610,270,1,R524,
1832,R541,YES,190.8147,19.9669,270,1,R524,
1833,R529,YES,211.4293,50.1650,270,1,R524,
1834,R609,YES,302.7677,106.4260,270,1,R524,
1835,R587,YES,65.8619,134.1628,270,1,R524,
1836,R591,YES,69.6211,135.8900,270,1,R524,
1837,R607,YES,226.3137,136.4742,270,1,R524,
1838,R603,YES,222.6815,135.5852,270,1,R524,
1839,R527,YES,22.3263,148.2090,270,1,R524,
1840,R525,YES,376.7833,180.4670,270,1,R524,
1841,R526,YES,373.8623,180.4670,270,1,R524,
1842,C2953,NO,154.6603,32.3850,0,1,C2953,
1843,C2955,NO,155.9303,32.3850,0,1,C2953,
1844,C2936,NO,156.5653,32.3850,0,1,C2953,
1845,C2954,NO,155.2953,32.3850,0,1,C2953,
1846,C2935,NO,163.5503,28.8036,0,1,C2953,
1847,C2940,NO,164.5663,28.8036,0,1,C2953,
1848,C2937,NO,167.6143,31.3436,0,1,C2953,
1849,C89,YES,240.4946,174.0433,0,1,C81,
1850,C83,YES,243.4968,166.1312,0,1,C81,
1851,C2903,YES,238.0054,170.6042,0,1,C81,
1852,C105,YES,240.4946,168.1251,0,1,C81,
1853,C34,YES,236.5779,172.0444,0,1,C81,
1854,C170,YES,238.9934,176.0245,0,1,C81,
1855,C111,YES,242.4935,174.0433,0,1,C81,
1856,C109,YES,241.4928,174.0433,0,1,C81,
1857,C80,YES,239.4938,170.1267,90,1,C81,
1858,C82,YES,237.0325,174.5488,90,1,C81,
1859,C100,YES,231.8001,175.1330,90,1,C81,
1860,C114,YES,238.4956,168.1277,90,1,C81,
1861,C91,YES,235.5771,168.1251,90,1,C81,
1862,C84,YES,241.4928,168.1251,90,1,C81,
1863,C68,YES,231.5766,171.0436,90,1,C81,
1864,C168,YES,233.5781,168.1277,90,1,C81,
1865,C169,YES,232.5774,169.1259,90,1,C81,
1866,C85,YES,238.4956,167.1269,90,1,C81,
1867,C70,YES,239.4938,173.0426,180,1,C81,
1868,C90,YES,238.4905,173.0451,180,1,C81,
1869,C112,YES,231.5766,168.1277,180,1,C81,
1870,C36,YES,232.5774,172.0444,180,1,C81,
1871,C113,YES,232.5774,174.0433,180,1,C81,
1872,C87,YES,237.4542,172.0342,180,1,C81,
1873,C2938,NO,165.7093,36.7284,180,1,C2953,
1874,C88,YES,233.5781,173.0426,180,1,C81,
1875,C2941,NO,164.9473,36.7284,180,1,C2953,
1876,C167,YES,234.5764,175.0441,270,1,C81,
1877,C92,YES,235.5797,167.1244,270,1,C81,
1878,C2905,YES,239.4938,169.1259,270,1,C81,
1879,C104,YES,241.4928,169.1259,270,1,C81,
1880,C103,YES,234.5764,171.0436,270,1,C81,
1881,C106,YES,233.5781,164.1272,270,1,C81,
1882,C99,YES,233.5781,166.1262,270,1,C81,
1883,C74,YES,240.4946,172.0444,270,1,C81,
1884,C98,YES,233.5781,167.1269,270,1,C81,
1885,C2939,NO,167.8937,33.1470,270,1,C2953,
1886,C102,YES,239.5014,171.0030,270,1,C81,
1887,C86,YES,241.4928,171.0436,270,1,C81,
1888,C2956,NO,153.6443,32.3850,90,1,R677,
1889,C3149,NO,149.1993,32.3850,90,1,R677,
1890,FB28,NO,151.4853,33.5280,0,1,FB28,
1891,R495,NO,162.5978,38.3540,0,1,R677,
1892,R444,YES,406.2473,152.6286,180,1,R656,
1893,R410,YES,403.8851,116.7638,180,1,R656,
1894,R409,YES,406.2473,146.8120,180,1,R656,
1895,R408,YES,402.7421,141.2240,180,1,R656,
1896,R620,NO,159.9943,36.5506,0,1,C2953,
1897,R621,NO,159.9943,38.1254,180,1,C2953,
1898,U9,NO,30.8950,147.2692,0,1,U9,
1899,R208,YES,36.1541,86.5022,0,1,R434,
1900,R143,YES,208.6734,76.1136,0,1,R434,
1901,R501,YES,361.2258,54.8640,0,1,R434,
1902,R477,YES,198.6023,37.2745,90,1,R434,
1903,R471,YES,54.8739,162.4051,90,1,R434,
1904,R476,YES,197.7133,37.2745,90,1,R434,
1905,R242,YES,353.5474,50.8051,90,1,R434,
1906,R231,YES,350.6264,22.6111,90,1,R434,
1907,C162,YES,375.0053,129.9845,90,1,R434,
1908,R375,YES,351.9421,129.8321,270,1,R434,
1909,R374,YES,380.1107,129.8321,270,1,R434,
1910,R376,YES,356.4887,129.8321,270,1,R434,
1911,R229,YES,356.4887,55.1840,270,1,R434,
1912,R373,YES,375.8689,129.9845,270,1,R434,
1913,C2506,YES,390.7533,149.2885,270,1,R434,
1914,R396,YES,367.7663,26.4795,270,1,R434,
1915,U99,NO,200.1619,41.1035,0,1,U99,
1916,R436,NO,394.1696,81.6356,0,1,R658,
1917,R442,NO,394.1696,82.4992,0,1,R658,
1918,R211,YES,19.5958,93.1850,0,1,R434,
1919,R468,NO,57.8863,168.9100,90,1,R658,
1920,R424,NO,395.4777,133.6675,90,1,R658,
1921,R463,NO,397.4589,133.6675,90,1,R658,
1922,R406,NO,393.0012,135.4328,180,1,R658,
1923,R454,NO,89.8141,173.2661,270,1,R658,
1924,R464,YES,394.1823,91.7702,0,1,R464,
1925,R342,YES,145.3893,21.2090,180,1,R464,
1926,J201,NO,391.1470,181.8411,0,1,J201,
1927,J200,NO,212.8441,177.4063,0,1,J201,
1928,C2507,NO,393.0012,136.4234,0,1,R658,
1929,C5,YES,349.2751,130.0861,90,1,R434,
1930,C9,YES,351.0785,130.0861,90,1,R434,
1931,C25,YES,355.3711,128.5367,90,1,R434,
1932,C159,YES,373.2273,129.9845,90,1,R434,
1933,C2773,NO,367.6393,30.6070,90,1,R658,
1934,C163,YES,379.2725,128.5113,90,1,R434,
1935,C2547,NO,367.6393,61.2140,90,1,R658,
1936,C2516,YES,359.0668,58.0390,180,1,R434,
1937,C2525,NO,396.0238,82.3214,180,1,R658,
1938,C2526,NO,399.2115,123.4821,270,1,R658,
1939,C2772,NO,367.6393,17.9070,270,1,R658,
1940,C2504,NO,376.7833,180.9115,270,1,R658,
1941,C2505,NO,373.8623,180.9115,270,1,R658,
1942,C2557,NO,367.6393,48.5140,270,1,R658,
1943,U23,NO,160.8833,44.9542,0,1,U23,
1944,J64,NO,6.3243,99.9490,0,1,J64,
1945,U66,NO,177.3781,121.4349,0,1,U66,
1946,DS19,YES,412.0639,154.5336,0,1,DS19,
1947,R461,YES,406.2346,154.5590,180,1,R656,
1948,R403,NO,391.0073,83.5025,270,1,R677,
1949,C2918,NO,387.8323,82.6770,0,1,C2716,
1950,C2916,NO,393.2933,147.9550,0,1,C2716,
1951,C2915,NO,393.4203,154.5590,0,1,C2716,
1952,C2881,NO,381.8278,89.6010,0,1,C2881,U65
1953,C2879,NO,390.9337,90.3732,90,1,C2881,U65
1954,C2917,NO,404.9773,84.8360,270,1,C2716,
1955,U65,NO,385.7528,95.1301,0,1,U65,
1956,U52,NO,128.1554,25.9080,0,1,U52,
1957,U49,NO,216.6363,94.6150,90,1,U52,
1958,U48,NO,195.1733,120.2690,180,1,U52,
1959,C2523,NO,177.9140,124.2924,0,1,R658,
1960,C2502,NO,397.2557,145.9103,90,1,R658,
1961,C2503,NO,394.7157,145.8849,90,1,R658,
1962,C2512,NO,394.0426,133.2992,180,1,R658,
1963,C2515,NO,397.6748,136.7790,180,1,R658,
1964,C2513,NO,393.6235,123.8377,270,1,R658,
1965,R441,NO,395.9857,70.4215,90,1,R677,
1966,R16,NO,393.2298,149.8600,180,1,R677,
1967,R400,NO,393.4838,152.7810,180,1,R677,
1968,U62,NO,393.9893,77.4903,0,1,U61,
1969,U63,NO,83.1847,180.0225,0,1,U61,
1970,U57,NO,393.9537,64.5033,0,1,U61,
1971,R456,NO,81.9655,175.1076,180,1,R677,
1972,DS18,YES,412.2163,151.4856,0,1,DS19,
1973,DS13,YES,409.1683,116.3828,0,1,DS19,
1974,DS12,YES,412.2163,145.6690,0,1,DS19,
1975,DS11,YES,407.8983,140.0810,0,1,DS19,
1976,DS1,YES,412.1351,107.7900,0,1,DS19,
1977,DS2,YES,412.1147,105.4608,0,1,DS19,
1978,DS14,YES,412.1097,110.1522,0,1,DS19,
1979,DS3,YES,412.1655,100.7110,0,1,DS19,
1980,DS5,YES,412.1147,103.0986,0,1,DS19,
1981,DS4,YES,412.0843,112.4890,0,1,DS19,
1982,DS8,YES,412.1655,93.5228,0,1,DS19,
1983,DS17,YES,412.1605,98.3666,0,1,DS19,
1984,DS9,YES,412.2011,91.4044,0,1,DS19,
1985,EU23,NO,19.5527,153.3906,0,1,EU23,
1986,J103,NO,94.6071,157.7238,0,1,J103,
1987,J104,NO,94.4065,39.1033,0,1,J104,
1988,J101,NO,278.7571,157.7238,0,1,J103,
1989,J102,NO,278.5565,39.1033,0,1,J104,
1990,R429,NO,394.3805,72.9386,0,1,R677,
1991,R428,NO,390.8854,72.7583,270,1,R677,
1992,R107,NO,207.6828,43.8150,0,1,R658,
1993,R64,NO,207.6828,41.6560,0,1,R658,
1994,R65,NO,207.6828,40.6400,0,1,R658,
1995,R68,NO,207.6828,39.4970,0,1,R658,
1996,R69,NO,207.6828,38.6080,0,1,R658,
1997,R51,NO,207.6828,42.7990,0,1,R658,
1998,R66,NO,201.6503,32.7025,90,1,R658,
1999,R67,NO,202.6663,32.7025,90,1,R658,
2000,R431,NO,192.6968,41.1480,180,1,R658,
2001,R39,NO,193.7128,49.1490,180,1,R658,
2002,R430,NO,192.6968,42.1640,180,1,R658,
2003,R43,NO,193.7128,50.1650,180,1,R658,
2004,R161,YES,222.7958,71.6559,0,1,R434,
2005,R200,YES,50.3044,84.7115,0,1,R434,
2006,R141,YES,225.2088,73.2561,0,1,R434,
2007,R271,YES,407.1440,107.7900,0,1,R434,
2008,R269,YES,407.1236,105.4608,0,1,R434,
2009,R268,YES,407.1186,110.1522,0,1,R434,
2010,R272,YES,407.1236,100.7110,0,1,R434,
2011,R273,YES,407.1236,103.0986,0,1,R434,
2012,R270,YES,407.1186,112.4890,0,1,R434,
2013,R192,YES,50.2765,82.9081,0,1,R434,
2014,R193,YES,50.3095,83.7768,0,1,R434,
2015,R73,NO,203.1108,30.0990,0,1,R658,
2016,R190,YES,50.2765,82.0445,0,1,R434,
2017,R151,YES,225.2088,74.7801,0,1,R434,
2018,R204,YES,222.8212,74.3229,0,1,R434,
2019,R159,YES,228.4346,71.3003,0,1,R434,
2020,R167,YES,228.4346,72.1639,0,1,R434,
2021,R164,YES,222.7958,72.5195,0,1,R434,
2022,R188,YES,55.9077,81.6889,0,1,R434,
2023,R165,YES,222.8466,73.3831,0,1,R434,
2024,R194,YES,55.9077,82.5525,0,1,R434,
2025,R180,YES,52.6895,85.1687,0,1,R434,
2026,R177,YES,52.6895,83.6447,0,1,R434,
2027,R128,YES,37.4393,73.4695,90,1,R434,
2028,R142,YES,209.8952,63.9953,90,1,R434,
2029,R120,NO,209.6513,42.3545,90,1,R658,
2030,R71,NO,211.1753,40.1955,90,1,R658,
2031,R75,NO,209.6513,38.1635,90,1,R658,
2032,R111,NO,191.1093,48.7045,90,1,R658,
2033,R433,NO,189.3313,40.7035,90,1,R658,
2034,R197,YES,45.3235,83.8733,180,1,R434,
2035,R199,YES,45.3235,84.7369,180,1,R434,
2036,R189,YES,45.3235,83.0097,180,1,R434,
2037,R187,YES,45.3235,82.1461,180,1,R434,
2038,R198,YES,45.3235,87.0483,180,1,R434,
2039,R72,NO,201.2058,30.0990,180,1,R658,
2040,R173,YES,217.8428,74.3483,180,1,R434,
2041,R172,YES,217.8428,76.6597,180,1,R434,
2042,R158,YES,217.8428,71.7575,180,1,R434,
2043,R170,YES,217.8428,73.4847,180,1,R434,
2044,R160,YES,217.8428,72.6211,180,1,R434,
2045,R157,YES,226.0216,68.5571,270,1,R434,
2046,R155,YES,226.8852,68.5571,270,1,R434,
2047,R207,YES,224.2944,68.5571,270,1,R434,
2048,R153,YES,220.9162,68.5571,270,1,R434,
2049,R156,YES,220.0526,68.5571,270,1,R434,
2050,R117,NO,191.1093,50.6095,270,1,R658,
2051,R432,NO,189.3313,42.6085,270,1,R658,
2052,R191,YES,52.6387,78.9457,270,1,R434,
2053,R186,YES,53.5023,78.9457,270,1,R434,
2054,R149,YES,223.4308,68.5571,270,1,R434,
2055,R202,YES,49.2605,78.9457,270,1,R434,
2056,R184,YES,54.3659,78.9457,270,1,R434,
2057,R203,YES,51.7751,78.9457,270,1,R434,
2058,R163,YES,225.1580,68.5571,270,1,R434,
2059,R70,NO,211.1753,42.1005,270,1,R658,
2060,R178,YES,50.9115,78.9457,270,1,R434,
2061,R185,YES,47.5333,78.9457,270,1,R434,
2062,R182,YES,48.3969,78.9457,270,1,R434,
2063,R121,NO,209.6513,44.2595,270,1,R658,
2064,R74,NO,209.6513,39.9415,270,1,R658,
2065,R206,YES,221.7798,68.5571,270,1,R434,
2066,U44,NO,359.0033,24.2570,0,1,U44,
2067,U45,NO,359.0033,54.8640,0,1,U44,
2068,U24,NO,377.9543,131.0691,270,1,U44,
2069,C2514,NO,396.1381,123.3297,270,1,R677,
2070,R435,YES,359.5748,62.7380,0,1,R656,
2071,C2735,NO,355.1933,14.5796,0,1,R677,
2072,C452,NO,369.8263,153.9443,0,1,R677,
2073,C481,NO,381.6373,122.2756,0,1,R677,
2074,C2734,NO,355.1933,33.9344,0,1,R677,
2075,C32,NO,347.7003,139.9311,0,1,R677,
2076,C467,NO,371.6043,139.8626,0,1,R677,
2077,C2566,NO,391.3883,46.4820,0,1,R677,
2078,C2840,NO,385.8003,32.6390,0,1,R677,
2079,C2720,NO,146.3672,146.7104,0,1,R677,
2080,C26,NO,345.9223,154.0078,0,1,R677,
2081,C2550,NO,355.1933,45.1866,0,1,R677,
2082,C2839,NO,197.2942,146.7104,0,1,R677,
2083,C2718,NO,181.2922,146.7104,0,1,R677,
2084,C2531,NO,355.1933,64.5414,0,1,R677,
2085,C2719,NO,162.3692,146.7104,0,1,R677,
2086,C164,NO,357.7333,122.3391,0,1,R677,
2087,C2450,NO,368.6807,61.2140,90,1,R677,
2088,C2537,NO,370.9921,66.6750,90,1,R677,
2089,C2741,NO,370.7381,36.0680,90,1,R677,
2090,C2766,NO,368.6807,30.6070,90,1,R677,
2091,C2567,NO,374.4973,64.7700,90,1,R677,
2092,C2736,NO,374.4973,34.1630,90,1,R677,
2093,C2359,NO,185.1403,133.6675,90,1,R677,
2094,C30,NO,360.4003,139.9311,180,1,R677,
2095,C506,NO,349.4783,57.5818,180,1,R677,
2096,C2729,NO,385.8003,15.8750,180,1,R677,
2097,C507,NO,349.4783,52.1462,180,1,R677,
2098,C2571,NO,385.8003,46.4820,180,1,R677,
2099,C504,NO,349.4783,26.9748,180,1,R677,
2100,C2570,NO,385.8003,61.9760,180,1,R677,
2101,C505,NO,349.4783,21.5392,180,1,R677,
2102,C161,NO,350.3673,122.3391,180,1,R677,
2103,C477,NO,374.2713,122.2756,180,1,R677,
2104,C2099,NO,154.3682,146.7104,180,1,R677,
2105,C21,NO,189.2932,146.7104,180,1,R677,
2106,C453,NO,384.3043,139.8626,180,1,R677,
2107,C278,NO,374.4973,45.2120,270,1,R677,
2108,C2727,NO,374.4973,14.6050,270,1,R677,
2109,C2429,NO,172.6943,133.5405,270,1,R677,
2110,C2451,NO,368.6807,48.5140,270,1,R677,
2111,C2552,NO,370.7381,42.9260,270,1,R677,
2112,C2767,NO,368.6807,17.9070,270,1,R677,
2113,C2742,NO,371.0683,13.3985,270,1,R677,
2114,C2366,NO,32.4482,50.9270,0,1,C2716,
2115,C2752,NO,359.7145,36.1950,90,1,C2716,
2116,C2540,NO,357.6571,66.6750,90,1,C2716,
2117,C2725,NO,359.9685,66.6750,90,1,C2716,
2118,C2747,NO,357.7333,13.3350,270,1,C2716,
2119,C2753,NO,360.0447,13.3350,270,1,C2716,
2120,C2555,NO,359.7145,42.9260,270,1,C2716,
2121,C2367,NO,337.0323,104.1400,270,1,C2716,
2122,C2364,NO,337.0323,133.9850,270,1,C2716,
2123,C2365,NO,160.6039,106.2228,270,1,C2716,
2124,C483,NO,381.6373,113.5786,0,1,C2716,
2125,C485,NO,381.6373,118.2014,0,1,C2716,
2126,C489,NO,381.6373,115.8900,0,1,C2716,
2127,C487,NO,381.6373,120.5128,0,1,C2716,
2128,C474,NO,371.6043,143.9367,0,1,C2716,
2129,C444,NO,357.7333,120.5763,0,1,C2716,
2130,C166,NO,357.7333,118.2649,0,1,C2716,
2131,C407,NO,357.7333,115.9535,0,1,C2716,
2132,C475,NO,371.6043,141.6253,0,1,C2716,
2133,C450,NO,369.8263,158.0185,0,1,C2716,
2134,C2093,NO,197.1545,142.6210,0,1,C2716,
2135,C2092,NO,197.1545,144.9324,0,1,C2716,
2136,C158,NO,347.8273,144.0053,0,1,C2716,
2137,C403,NO,357.7333,113.6421,0,1,C2716,
2138,C160,NO,347.8273,141.6939,0,1,C2716,
2139,C3,NO,345.9223,155.7706,0,1,C2716,
2140,C2097,NO,162.3311,142.6210,0,1,C2716,
2141,C2096,NO,162.3311,144.9324,0,1,C2716,
2142,C2095,NO,146.3545,142.6210,0,1,C2716,
2143,C2094,NO,146.3545,144.9324,0,1,C2716,
2144,C24,NO,345.9223,158.0820,0,1,C2716,
2145,C2091,NO,181.2795,142.6210,0,1,C2716,
2146,C2090,NO,181.2795,144.9324,0,1,C2716,
2147,C449,NO,369.8263,155.7071,0,1,C2716,
2148,C2763,NO,368.9601,36.1950,90,1,C2716,
2149,C511,NO,346.9383,58.8010,90,1,C2716,
2150,C520,NO,344.6269,28.1940,90,1,C2716,
2151,C2843,NO,369.2141,66.6750,90,1,C2716,
2152,C2535,NO,362.2799,66.6750,90,1,C2716,
2153,C2539,NO,364.5913,66.6750,90,1,C2716,
2154,C2533,NO,366.9027,66.6750,90,1,C2716,
2155,C513,NO,342.3155,58.8010,90,1,C2716,
2156,C519,NO,346.9383,28.1940,90,1,C2716,
2157,C522,NO,340.0041,28.1940,90,1,C2716,
2158,C521,NO,342.3155,28.1940,90,1,C2716,
2159,C512,NO,344.6269,58.8010,90,1,C2716,
2160,C2760,NO,366.6487,36.1950,90,1,C2716,
2161,C2756,NO,364.3373,36.1950,90,1,C2716,
2162,C514,NO,340.0041,58.8010,90,1,C2716,
2163,C2748,NO,362.0259,36.1950,90,1,C2716,
2164,C2589,NO,378.6883,64.7700,90,1,C2716,
2165,C280,NO,381.1013,64.7700,90,1,C2716,
2166,C2588,NO,376.2753,64.7700,90,1,C2716,
2167,C2765,NO,378.6883,34.1630,90,1,C2716,
2168,C2751,NO,378.6883,14.6050,90,1,C2716,
2169,C2762,NO,376.2753,34.1630,90,1,C2716,
2170,C406,NO,350.3673,115.9535,180,1,C2716,
2171,C386,NO,350.3673,118.2649,180,1,C2716,
2172,C165,NO,350.3673,120.5763,180,1,C2716,
2173,C155,NO,360.4003,144.0053,180,1,C2716,
2174,C157,NO,360.4003,141.6939,180,1,C2716,
2175,C409,NO,350.3673,113.6421,180,1,C2716,
2176,C488,NO,374.2713,113.5786,180,1,C2716,
2177,C484,NO,374.2713,118.2014,180,1,C2716,
2178,C486,NO,374.2713,115.8900,180,1,C2716,
2179,C482,NO,374.2713,120.5128,180,1,C2716,
2180,C469,NO,384.3043,143.9367,180,1,C2716,
2181,C470,NO,384.3043,141.6253,180,1,C2716,
2182,C2724,NO,189.3059,142.6210,180,1,C2716,
2183,C2842,NO,189.3059,144.9324,180,1,C2716,
2184,C2721,NO,154.2285,144.9324,180,1,C2716,
2185,C2841,NO,154.2285,142.6210,180,1,C2716,
2186,C3155,NO,152.8823,15.1130,270,1,C2716,
2187,C2560,NO,368.9601,42.9260,270,1,C2716,
2188,C2558,NO,366.6487,42.9260,270,1,C2716,
2189,C2556,NO,364.3373,42.9260,270,1,C2716,
2190,C2744,NO,376.2753,14.6050,270,1,C2716,
2191,C518,NO,346.9383,50.9270,270,1,C2716,
2192,C517,NO,344.6269,50.9270,270,1,C2716,
2193,C516,NO,342.3155,50.9270,270,1,C2716,
2194,C2554,NO,362.0259,42.9260,270,1,C2716,
2195,C525,NO,344.6269,20.3200,270,1,C2716,
2196,C515,NO,340.0041,50.9270,270,1,C2716,
2197,C526,NO,346.9383,20.3200,270,1,C2716,
2198,C2750,NO,381.1013,14.6050,270,1,C2716,
2199,C524,NO,342.3155,20.3200,270,1,C2716,
2200,C2601,NO,396.3413,45.7200,270,1,C2716,
2201,C523,NO,340.0041,20.3200,270,1,C2716,
2202,C2599,NO,393.9283,45.7200,270,1,C2716,
2203,C279,NO,381.1013,45.2120,270,1,C2716,
2204,C2584,NO,378.6883,45.2120,270,1,C2716,
2205,C2745,NO,381.1013,34.1630,270,1,C2716,
2206,C2585,NO,376.2753,45.2120,270,1,C2716,
2207,C2761,NO,366.9789,13.3350,270,1,C2716,
2208,C2764,NO,369.2903,13.3350,270,1,C2716,
2209,C2749,NO,362.3561,13.3350,270,1,C2716,
2210,C2757,NO,364.6675,13.3350,270,1,C2716,
2211,C2739,NO,355.1933,15.6210,0,1,R658,
2212,C2738,NO,355.1933,32.8930,0,1,R658,
2213,C2551,NO,355.1933,46.2280,0,1,R658,
2214,C2536,NO,355.1933,63.5000,0,1,R658,
2215,C2759,NO,385.8003,30.2260,0,1,R658,
2216,C2605,NO,391.3883,48.8950,0,1,R658,
2217,C2758,NO,385.8003,18.2880,180,1,R658,
2218,C2596,NO,385.8003,48.8950,180,1,R658,
2219,C2597,NO,385.8003,60.8330,180,1,R658,
2220,C2768,NO,370.4587,17.9070,90,1,C2716,
2221,C2771,NO,372.7701,17.9070,90,1,C2716,
2222,C2448,NO,370.4587,48.5140,90,1,C2716,
2223,C2548,NO,372.7701,48.5140,90,1,C2716,
2224,C2769,NO,370.4587,30.6070,270,1,C2716,
2225,C2770,NO,372.7701,30.7086,270,1,C2716,
2226,C2546,NO,370.4587,61.2140,270,1,C2716,
2227,C2545,NO,372.7701,61.3156,270,1,C2716,
2228,CR2,NO,357.4031,36.1950,0,1,CR2,
2229,CR1,NO,357.4031,42.9260,180,1,CR2,
2230,S479,NO,353.9233,24.2570,0,1,S479,
2231,S480,NO,353.9233,54.8640,0,1,S479,
2232,C2394,YES,350.6163,50.3504,0,1,C2394,
2233,C443,YES,379.1963,139.3190,0,1,C2394,
2234,C28,YES,355.8283,139.1920,0,1,C2394,
2235,C2393,YES,348.3607,23.7236,270,1,C2394,
2236,C77,NO,221.2083,54.2290,270,1,C3158,
2237,C350,NO,48.6153,64.7700,270,1,C3158,
2238,C17,NO,164.3123,134.1120,0,1,C17,
2239,C15,NO,169.5193,134.1120,0,1,C17,
2240,C2113,NO,210.4133,166.1414,0,1,C17,
2241,C2112,NO,222.3234,166.1160,0,1,C17,
2242,C3266,NO,216.3061,166.1160,0,1,C17,
2243,C3267,NO,33.2991,44.0690,180,1,C17,
2244,C11,NO,188.3153,133.0960,180,1,C17,
2245,C2891,NO,27.2793,140.6881,270,1,C17,
2246,L9,NO,178.9173,133.2865,0,1,L9,
2247,L4,NO,388.5943,54.8640,270,1,L9,
2248,R401,NO,395.9451,87.3760,180,1,R677,
2249,S490,NO,357.8603,132.4026,0,1,S490,
2250,S489,NO,381.7643,132.3391,0,1,S490,
2251,EU91,NO,175.0057,45.4533,0,1,EU91,
2252,U38,NO,247.6243,77.0890,0,1,U38,
2253,U21,NO,75.5393,76.4540,0,1,U38,
2254,U32,NO,278.1043,77.0890,0,1,U38,
2255,U33,NO,106.0193,76.4540,0,1,U38,
2256,U25,NO,308.5843,77.0890,0,1,U38,
2257,U36,NO,136.4993,76.4540,0,1,U38,
2258,U26,NO,308.5843,120.2690,0,1,U38,
2259,U35,NO,166.9793,76.4540,0,1,U38,
2260,U34,NO,278.1043,120.2690,0,1,U38,
2261,U28,NO,121.2593,119.6340,0,1,U38,
2262,U12,NO,247.6243,120.2690,0,1,U38,
2263,U10,NO,90.7793,119.6340,0,1,U38,
2264,U29,NO,217.1443,120.2690,0,1,U38,
2265,U31,NO,60.2993,119.6340,0,1,U38,
2266,U2,NO,354.0503,131.1326,270,1,U44,
2267,S487,NO,170.1543,101.5238,0,1,S487,
2268,S488,NO,170.1543,99.8474,0,1,S487,
2269,S485,NO,252.4503,176.5300,0,1,S487,
2270,S486,NO,250.4183,174.6250,0,1,S487,
2271,S616,NO,277.9138,12.3190,0,1,S487,
2272,S605,NO,282.9938,12.3190,0,1,S487,
2273,S604,NO,288.0738,12.3190,0,1,S487,
2274,S603,NO,293.1538,12.3190,0,1,S487,
2275,S602,NO,298.2338,12.3190,0,1,S487,
2276,S583,NO,303.3138,12.3190,0,1,S487,
2277,S582,NO,308.3938,12.3190,0,1,S487,
2278,S581,NO,313.4738,12.3190,0,1,S487,
2279,S580,NO,318.5538,12.3190,0,1,S487,
2280,S575,NO,323.6338,12.3190,0,1,S487,
2281,S574,NO,328.7138,12.3190,0,1,S487,
2282,S615,NO,277.0248,17.3990,0,1,S487,
2283,S609,NO,282.1048,17.3990,0,1,S487,
2284,S608,NO,287.1848,17.3990,0,1,S487,
2285,S607,NO,292.2648,17.3990,0,1,S487,
2286,S606,NO,297.3448,17.3990,0,1,S487,
2287,S591,NO,302.4248,17.3990,0,1,S487,
2288,S586,NO,307.5048,17.3990,0,1,S487,
2289,S585,NO,312.5848,17.3990,0,1,S487,
2290,S584,NO,317.6648,17.3990,0,1,S487,
2291,S576,NO,322.7448,17.3990,0,1,S487,
2292,S577,NO,327.8248,17.3990,0,1,S487,
2293,S614,NO,277.9138,22.4790,0,1,S487,
2294,S613,NO,282.9938,22.4790,0,1,S487,
2295,S612,NO,288.0738,22.4790,0,1,S487,
2296,S611,NO,293.1538,22.4790,0,1,S487,
2297,S610,NO,298.2338,22.4790,0,1,S487,
2298,S590,NO,303.3138,22.4790,0,1,S487,
2299,S589,NO,308.3938,22.4790,0,1,S487,
2300,S588,NO,313.4738,22.4790,0,1,S487,
2301,S587,NO,318.5538,22.4790,0,1,S487,
2302,S579,NO,323.6338,22.4790,0,1,S487,
2303,S578,NO,328.7138,22.4790,0,1,S487,
2304,S601,NO,307.5048,27.5590,0,1,S487,
2305,S600,NO,312.5848,27.5590,0,1,S487,
2306,S599,NO,317.6648,27.5590,0,1,S487,
2307,S598,NO,322.7448,27.5590,0,1,S487,
2308,S597,NO,327.8248,27.5590,0,1,S487,
2309,S596,NO,308.3938,32.6390,0,1,S487,
2310,S595,NO,313.4738,32.6390,0,1,S487,
2311,S594,NO,318.5538,32.6390,0,1,S487,
2312,S593,NO,323.6338,32.6390,0,1,S487,
2313,S592,NO,328.7138,32.6390,0,1,S487,
2314,S450,NO,337.3117,34.3408,0,1,S487,
2315,S451,NO,336.5751,33.6042,0,1,S487,
2316,S449,NO,337.3117,37.3888,0,1,S487,
2317,S452,NO,336.5497,38.1508,0,1,S487,
2318,S453,NO,336.5497,36.6268,0,1,S487,
2319,S454,NO,337.3117,35.8648,0,1,S487,
2320,S455,NO,336.5751,35.1028,0,1,S487,
2321,S448,NO,337.3117,38.9636,0,1,S487,
2322,S16,NO,351.7643,104.3940,0,1,S487,
2323,S14,NO,351.1293,103.7590,0,1,S487,
2324,S13,NO,354.3043,104.3940,0,1,S487,
2325,S15,NO,355.5743,104.3940,0,1,S487,
2326,S11,NO,354.9393,103.7590,0,1,S487,
2327,S17,NO,356.2093,103.7590,0,1,S487,
2328,S12,NO,353.0343,104.3940,0,1,S487,
2329,S10,NO,352.3993,103.7590,0,1,S487,
2330,S551,NO,355.5743,103.1240,0,1,S487,
2331,S550,NO,354.3043,103.1240,0,1,S487,
2332,S549,NO,351.7643,103.1240,0,1,S487,
2333,S548,NO,353.6693,103.7590,0,1,S487,
2334,S547,NO,356.2093,102.4890,0,1,S487,
2335,S546,NO,353.6693,102.4890,0,1,S487,
2336,S545,NO,351.1293,102.4890,0,1,S487,
2337,S544,NO,353.0343,103.1240,0,1,S487,
2338,S1,NO,343.3569,156.6088,0,1,S487,
2339,S2,NO,343.3569,157.8788,0,1,S487,
2340,S4,NO,343.3823,155.2880,0,1,S487,
2341,S3,NO,343.3569,153.9926,0,1,S487,
2342,S6,NO,342.6203,154.6276,0,1,S487,
2343,S7,NO,342.6203,155.8976,0,1,S487,
2344,S8,NO,342.6203,157.1676,0,1,S487,
2345,S5,NO,342.6203,158.5900,0,1,S487,
2346,S573,NO,332.0793,29.4640,0,1,S487,
2347,S572,NO,332.0793,19.3040,0,1,S487,
2348,S571,NO,332.0793,21.8440,0,1,S487,
2349,S570,NO,332.0793,24.3840,0,1,S487,
2350,S569,NO,332.0793,26.9240,0,1,S487,
2351,S568,NO,332.0793,49.7840,0,1,S487,
2352,S567,NO,332.0793,52.4078,0,1,S487,
2353,S566,NO,332.0793,55.0342,0,1,S487,
2354,S565,NO,332.0793,57.6580,0,1,S487,
2355,S564,NO,332.0793,60.2818,0,1,S487,
2356,S526,NO,333.3493,58.6740,0,1,S487,
2357,S525,NO,333.3493,56.1340,0,1,S487,
2358,S524,NO,333.3493,53.5940,0,1,S487,
2359,S523,NO,333.3493,51.0540,0,1,S487,
2360,S522,NO,333.3493,28.1940,0,1,S487,
2361,S521,NO,333.3493,25.6540,0,1,S487,
2362,S520,NO,333.3493,23.1140,0,1,S487,
2363,S519,NO,333.3493,20.5740,0,1,S487,
2364,S518,NO,335.2543,57.4040,0,1,S487,
2365,S517,NO,335.2543,52.3240,0,1,S487,
2366,S516,NO,335.2543,26.9240,0,1,S487,
2367,S515,NO,335.2543,21.8440,0,1,S487,
2368,S514,NO,335.2543,54.8640,0,1,S487,
2369,S513,NO,335.2543,24.3840,0,1,S487,
2370,S44,NO,398.7543,40.8940,0,1,S487,
2371,S48,NO,400.0243,44.7040,0,1,S487,
2372,S39,NO,398.1193,41.5290,0,1,S487,
2373,S40,NO,399.3893,41.5290,0,1,S487,
2374,S46,NO,398.1193,40.2590,0,1,S487,
2375,S47,NO,399.3893,40.2590,0,1,S487,
2376,S49,NO,398.7543,44.7040,0,1,S487,
2377,S45,NO,400.0243,40.8940,0,1,S487,
2378,S38,NO,398.7543,43.4340,0,1,S487,
2379,S37,NO,398.7543,42.1640,0,1,S487,
2380,S41,NO,400.0243,43.4340,0,1,S487,
2381,S50,NO,400.0243,42.1640,0,1,S487,
2382,S43,NO,399.3893,42.7990,0,1,S487,
2383,S42,NO,398.1193,42.7990,0,1,S487,
2384,S36,NO,399.3893,44.0690,0,1,S487,
2385,S35,NO,398.1193,44.0690,0,1,S487,
2386,S31,NO,375.2593,103.7590,0,1,S487,
2387,S33,NO,375.8943,104.3940,0,1,S487,
2388,S32,NO,376.5293,103.7590,0,1,S487,
2389,S30,NO,379.0693,103.7590,0,1,S487,
2390,S29,NO,380.3393,103.7590,0,1,S487,
2391,S28,NO,379.7043,104.3940,0,1,S487,
2392,S27,NO,378.4343,104.3940,0,1,S487,
2393,S34,NO,377.1643,104.3940,0,1,S487,
2394,S543,NO,380.3393,102.4890,0,1,S487,
2395,S542,NO,379.7043,103.1240,0,1,S487,
2396,S541,NO,377.7993,102.4890,0,1,S487,
2397,S540,NO,378.4343,103.1240,0,1,S487,
2398,S539,NO,375.8943,103.1240,0,1,S487,
2399,S538,NO,377.7993,103.7590,0,1,S487,
2400,S537,NO,375.2593,102.4890,0,1,S487,
2401,S536,NO,377.1643,103.1240,0,1,S487,
2402,S18,NO,367.1821,156.4818,0,1,S487,
2403,S24,NO,367.1821,157.7772,0,1,S487,
2404,S25,NO,367.1821,155.2118,0,1,S487,
2405,S23,NO,367.1567,153.9672,0,1,S487,
2406,S19,NO,366.5243,158.3741,0,1,S487,
2407,S20,NO,366.5243,157.1041,0,1,S487,
2408,S21,NO,366.5243,155.8341,0,1,S487,
2409,S22,NO,366.5243,154.5641,0,1,S487,
2410,S556,NO,193.6493,138.0490,0,1,S487,
2411,S563,NO,193.6493,135.5090,0,1,S487,
2412,S562,NO,193.0143,137.4140,0,1,S487,
2413,S555,NO,193.0143,134.8740,0,1,S487,
2414,S554,NO,189.2043,136.1440,0,1,S487,
2415,S559,NO,192.3793,134.2390,0,1,S487,
2416,S553,NO,192.3793,136.7790,0,1,S487,
2417,S558,NO,191.7443,136.1440,0,1,S487,
2418,S552,NO,191.1093,135.5090,0,1,S487,
2419,S557,NO,191.1093,138.0490,0,1,S487,
2420,S472,NO,189.8393,134.2390,0,1,S487,
2421,S470,NO,190.4743,137.4140,0,1,S487,
2422,S469,NO,189.8393,136.7790,0,1,S487,
2423,S471,NO,190.4743,134.8740,0,1,S487,
2424,C2496,YES,360.1463,128.3335,90,1,R434,
2425,C2491,YES,384.0223,128.3335,90,1,R434,
2426,C2498,YES,360.1463,130.1115,270,1,R434,
2427,C2497,YES,359.1303,129.2225,270,1,R434,
2428,C2493,YES,384.0223,130.1115,270,1,R434,
2429,C2492,YES,383.0063,129.2225,270,1,R434,
2430,R243,YES,354.3678,54.8640,180,1,R656,
2431,R230,YES,353.7201,23.6220,0,1,R230,
2432,C248,YES,356.4684,58.8061,270,1,R434,
2433,R228,YES,355.1984,58.8061,90,1,R434,
2434,U19,NO,210.8578,19.4310,0,1,U19,
2435,U27,NO,200.0628,19.4310,0,1,U19,
2436,U17,NO,163.4868,19.8120,0,1,U19,
2437,U11,NO,174.2818,19.8120,0,1,U19,
2438,C3158,NO,210.4133,12.3190,0,1,C3158,
2439,C2424,NO,195.0463,113.7920,0,1,C3158,
2440,C2472,NO,171.5513,111.7600,0,1,C3158,
2441,C3160,NO,173.5833,12.7000,0,1,C3158,
2442,C2947,NO,328.5233,104.9020,0,1,C3158,
2443,C2945,NO,328.5233,134.7470,0,1,C3158,
2444,C2473,NO,177.7743,111.7600,0,1,C3158,
2445,C592,YES,106.0193,76.4540,90,1,C2394,
2446,C672,YES,75.5393,76.4540,90,1,C2394,
2447,C682,YES,247.6243,77.0890,90,1,C2394,
2448,C582,YES,278.1043,77.0890,90,1,C2394,
2449,C642,YES,308.5843,77.0890,90,1,C2394,
2450,C437,YES,166.9793,76.4540,90,1,C2394,
2451,C602,YES,217.1443,120.2690,90,1,C2394,
2452,C622,YES,247.6243,120.2690,90,1,C2394,
2453,C562,YES,278.1043,120.2690,90,1,C2394,
2454,C662,YES,308.5843,120.2690,90,1,C2394,
2455,C632,YES,60.2993,119.6340,90,1,C2394,
2456,C652,YES,90.7793,119.6340,90,1,C2394,
2457,C612,YES,121.2593,119.6340,90,1,C2394,
2458,C572,YES,136.4993,76.4540,90,1,C2394,
2459,C3157,NO,184.6577,19.2405,90,1,C3158,
2460,C2948,NO,32.8673,59.4360,90,1,C3158,
2461,C3156,NO,168.2493,12.7000,180,1,C3158,
2462,C3159,NO,198.2213,12.3190,180,1,C3158,
2463,C2423,NO,223.1133,94.4880,270,1,C3158,
2464,C2933,NO,146.9387,111.0742,270,1,C3158,
2465,C557,NO,196.6973,57.4040,270,1,C3158,
2466,C496,NO,24.2313,67.8180,270,1,C3158,
2467,C3273,NO,207.3653,12.7635,180,1,R677,
2468,C2079,NO,391.6195,170.6601,0,1,C17,
2469,C2109,NO,396.7503,170.6347,0,1,C17,
2470,C2110,NO,407.1135,170.6601,0,1,C17,
2471,C2080,NO,401.9065,170.6347,0,1,C17,
2472,C2108,NO,386.3871,170.6601,0,1,C17,
2473,C2028,NO,381.1547,170.6855,0,1,C17,
2474,C2433,NO,135.8516,25.6286,180,1,C17,
2475,R365,NO,136.1818,160.9090,180,1,R677,
2476,C3187,NO,8.9278,62.2300,0,1,R658,
2477,C3189,NO,14.6428,62.2300,0,1,R658,
2478,C3194,NO,20.2308,62.2300,0,1,R658,
2479,C3183,NO,2.8318,62.1030,180,1,R658,
2480,C3193,YES,8.8643,98.6790,270,1,R434,
2481,C3024,NO,320.3699,153.8986,0,1,R658,
2482,C3060,NO,385.4193,155.8290,0,1,R658,
2483,C3072,NO,362.5593,155.8290,0,1,R658,
2484,C3053,NO,325.4499,158.9786,0,1,R658,
2485,C3054,NO,320.3699,158.9786,0,1,R658,
2486,C3069,NO,339.6993,155.8290,0,1,R658,
2487,C3055,NO,375.2593,176.1490,0,1,R658,
2488,C3066,NO,375.2593,165.9890,0,1,R658,
2489,C3071,NO,370.1793,165.9890,0,1,R658,
2490,C3052,NO,325.4499,169.1386,0,1,R658,
2491,C3062,NO,330.5299,169.1386,0,1,R658,
2492,C3075,NO,365.0993,165.9890,0,1,R658,
2493,C3020,NO,360.0193,165.9890,0,1,R658,
2494,C3061,NO,344.7793,165.9890,0,1,R658,
2495,C3025,NO,349.8593,165.9890,0,1,R658,
2496,C3019,NO,354.9393,165.9890,0,1,R658,
2497,C3058,NO,325.4499,179.2986,0,1,R658,
2498,C3063,NO,320.3699,169.1386,0,1,R658,
2499,C3064,NO,339.6993,165.9890,0,1,R658,
2500,C3057,NO,370.1793,176.1490,0,1,R658,
2501,C3065,NO,334.6193,165.9890,0,1,R658,
2502,C3048,NO,315.2899,179.2986,0,1,R658,
2503,C3059,NO,320.3699,179.2986,0,1,R658,
2504,C3051,NO,330.5299,179.2986,0,1,R658,
2505,C3229,NO,21.6913,65.7225,90,1,R658,
2506,C3231,YES,5.0543,96.1390,90,1,R434,
2507,C3222,NO,13.6903,65.7225,90,1,R658,
2508,C3224,NO,17.4495,65.7225,90,1,R658,
2509,C3208,NO,6.5783,65.7225,90,1,R658,
2510,C3217,NO,10.2613,65.7225,90,1,R658,
2511,C3215,NO,10.2613,69.0245,90,1,R658,
2512,C3259,NO,3.0223,65.7225,90,1,R658,
2513,C3196,NO,3.0223,69.0245,90,1,R658,
2514,C3210,NO,6.5783,69.0245,90,1,R658,
2515,C3245,YES,7.5943,82.1563,90,1,R434,
2516,C3201,YES,6.3243,78.3971,90,1,R434,
2517,C3205,YES,8.8643,82.1817,90,1,R434,
2518,C3171,NO,175.1073,109.4105,90,1,R658,
2519,C3198,YES,7.5943,85.9790,90,1,R434,
2520,C3246,NO,12.0393,78.8035,90,1,R658,
2521,C3239,NO,12.0393,73.2155,90,1,R658,
2522,C3218,NO,12.0393,121.2215,90,1,R658,
2523,C3192,NO,12.0393,127.5715,90,1,R658,
2524,C3199,NO,12.0393,108.5215,90,1,R658,
2525,C3212,NO,12.0393,114.8715,90,1,R658,
2526,C3253,NO,12.0393,89.4715,90,1,R658,
2527,C3206,NO,12.0393,102.1715,90,1,R658,
2528,C3225,NO,12.0393,95.8215,90,1,R658,
2529,C3209,YES,5.0543,85.9155,90,1,R434,
2530,C3230,YES,5.0543,78.3463,90,1,R434,
2531,C3214,YES,8.8643,101.2190,90,1,R434,
2532,C3228,YES,7.5943,97.3963,90,1,R434,
2533,C3207,YES,7.5943,89.7890,90,1,R434,
2534,C3219,YES,5.0543,120.2690,90,1,R434,
2535,C3211,YES,6.3243,124.0790,90,1,R434,
2536,C3018,NO,325.4499,184.3786,180,1,R658,
2537,C3017,NO,330.5299,184.3786,180,1,R658,
2538,C3050,NO,315.2899,184.3786,180,1,R658,
2539,C3056,NO,390.4993,160.9090,180,1,R658,
2540,C3043,NO,344.7793,171.0690,180,1,R658,
2541,C3030,NO,344.7793,181.2290,180,1,R658,
2542,C3049,NO,340.6899,184.3786,180,1,R658,
2543,C3047,NO,335.6099,184.3786,180,1,R658,
2544,C3026,NO,370.1793,181.2290,180,1,R658,
2545,C3068,NO,334.6193,171.0690,180,1,R658,
2546,C3021,NO,365.0993,181.2290,180,1,R658,
2547,C3067,NO,330.5299,164.0586,180,1,R658,
2548,C3023,NO,320.3699,164.0586,180,1,R658,
2549,C3070,NO,360.0193,160.9090,180,1,R658,
2550,C3036,NO,315.2899,174.2186,180,1,R658,
2551,C3037,NO,320.3699,174.2186,180,1,R658,
2552,C3027,NO,325.4499,174.2186,180,1,R658,
2553,C3022,NO,325.4499,164.0586,180,1,R658,
2554,C3029,NO,349.8593,181.2290,180,1,R658,
2555,C3042,NO,354.9393,160.9090,180,1,R658,
2556,C3038,NO,334.6193,160.9090,180,1,R658,
2557,C3039,NO,339.6993,160.9090,180,1,R658,
2558,C3040,NO,344.7793,160.9090,180,1,R658,
2559,C3041,NO,349.8593,160.9090,180,1,R658,
2560,C3028,NO,354.9393,181.2290,180,1,R658,
2561,C3034,NO,375.2593,171.0690,180,1,R658,
2562,C3035,NO,320.3699,184.3786,180,1,R658,
2563,C3033,NO,330.5299,174.2186,180,1,R658,
2564,C3031,NO,339.6993,171.0690,180,1,R658,
2565,C3032,NO,360.0193,181.2290,180,1,R658,
2566,C3044,NO,370.1793,171.0690,180,1,R658,
2567,C3045,NO,380.3393,160.9090,180,1,R658,
2568,C3046,NO,385.4193,160.9090,180,1,R658,
2569,C3073,NO,375.2593,160.9090,180,1,R658,
2570,C3076,NO,370.1793,160.9090,180,1,R658,
2571,C3074,NO,365.0993,160.9090,180,1,R658,
2572,C3226,YES,5.0543,116.4590,180,1,R434,
2573,C3223,YES,5.0924,82.1690,180,1,R434,
2574,C3237,YES,5.0670,79.6290,180,1,R434,
2575,C3240,YES,6.3243,117.7290,270,1,R434,
2576,C3236,YES,5.0543,113.9190,270,1,R434,
2577,C3250,YES,5.0543,102.4890,270,1,R434,
2578,C3252,YES,5.0543,110.1090,270,1,R434,
2579,C3242,YES,8.8643,87.2490,270,1,R434,
2580,C3243,YES,5.0543,83.4263,270,1,R434,
2581,C3235,YES,8.8643,94.8690,270,1,R434,
2582,C3238,YES,7.5943,79.6290,270,1,R434,
2583,C3204,YES,6.3243,121.5390,270,1,R434,
2584,C3257,YES,6.3243,75.7809,270,1,R434,
2585,C3216,YES,6.3243,83.4517,270,1,R434,
2586,C3203,YES,5.0543,117.7290,270,1,R434,
2587,C3233,YES,6.3243,113.9190,270,1,R434,
2588,C3263,YES,5.0543,98.6917,270,1,R434,
2589,C3202,YES,6.3243,87.2490,270,1,R434,
2590,C2428,NO,217.7793,88.9000,180,1,C3158,
2591,C2426,NO,188.0613,120.6500,270,1,C3158,
2592,U42,NO,160.4363,12.9565,0,1,U42,
2593,R15,YES,375.8943,136.9695,90,1,R656,
2594,R9,YES,352.0183,136.8425,90,1,R656,
2595,R356,YES,378.0279,127.9271,270,1,R656,
2596,C451,YES,379.3995,124.9299,270,1,R656,
2597,C473,YES,353.7963,125.4125,270,1,R656,
2598,R248,YES,152.4505,99.8220,0,1,R248,
2599,R247,YES,261.9753,19.9390,0,1,R248,
2600,R469,YES,68.9353,70.1040,0,1,R248,
2601,R244,YES,233.8067,52.2986,90,1,R248,
2602,EU4,NO,64.8434,177.3022,0,1,EU4,
2603,R139,NO,19.9133,147.0660,0,1,C2953,
2604,R140,NO,20.6753,147.0660,0,1,C2953,
2605,U47,NO,44.1068,57.1500,0,1,U47,
2606,U43,NO,330.8093,115.6335,270,1,U47,
2607,U41,NO,330.8093,145.4785,270,1,U47,
2608,U39,NO,155.4223,119.4181,270,1,U47,
2609,R42,NO,327.3803,107.2515,90,1,R677,
2610,R38,NO,153.6697,109.1311,90,1,R677,
2611,R40,NO,327.3803,137.0965,90,1,R677,
2612,R41,NO,35.7248,59.6900,180,1,R677,
2613,C3091,NO,203.1743,113.9190,90,1,C2716,
2614,C3104,NO,293.3443,84.7090,180,1,C2716,
2615,C3108,NO,323.8243,84.7090,180,1,C2716,
2616,C3112,NO,323.8243,54.8640,180,1,C2716,
2617,C3116,NO,308.5843,54.8640,180,1,C2716,
2618,C3120,NO,293.3443,54.8640,180,1,C2716,
2619,C3124,NO,278.1043,54.8640,180,1,C2716,
2620,C3128,NO,262.8643,54.8640,180,1,C2716,
2621,C3132,NO,247.6243,54.8640,180,1,C2716,
2622,C3100,NO,262.8643,84.7090,180,1,C2716,
2623,C3092,NO,262.8643,70.7390,180,1,C2716,
2624,C3088,NO,293.3443,70.7390,180,1,C2716,
2625,C3096,NO,232.3843,84.7090,180,1,C2716,
2626,C3080,NO,293.3443,112.6490,180,1,C2716,
2627,C3085,NO,90.7793,84.0740,180,1,C2716,
2628,C3099,NO,262.8643,112.6490,180,1,C2716,
2629,C3103,NO,232.3843,112.6490,180,1,C2716,
2630,C3087,NO,232.3843,127.2540,180,1,C2716,
2631,C3095,NO,262.8643,127.2540,180,1,C2716,
2632,C3079,NO,293.3443,127.2540,180,1,C2716,
2633,C3083,NO,321.9193,127.2540,180,1,C2716,
2634,C3107,NO,308.5843,142.4940,180,1,C2716,
2635,C3111,NO,293.3443,142.4940,180,1,C2716,
2636,C3115,NO,278.1043,142.4940,180,1,C2716,
2637,C3119,NO,262.8643,142.4940,180,1,C2716,
2638,C3123,NO,247.6243,142.4940,180,1,C2716,
2639,C3127,NO,232.3843,142.4940,180,1,C2716,
2640,C3131,NO,217.1443,142.4940,180,1,C2716,
2641,C3090,NO,90.7793,69.4690,180,1,C2716,
2642,C3130,NO,75.5393,54.2290,180,1,C2716,
2643,C3078,NO,60.2993,54.2290,180,1,C2716,
2644,C3126,NO,90.7793,54.2290,180,1,C2716,
2645,C3122,NO,106.0193,54.2290,180,1,C2716,
2646,C3118,NO,121.2593,54.2290,180,1,C2716,
2647,C3114,NO,136.4993,54.2290,180,1,C2716,
2648,C3110,NO,151.7393,54.2290,180,1,C2716,
2649,C3106,NO,166.9793,54.2290,180,1,C2716,
2650,C3098,NO,151.7393,84.0740,180,1,C2716,
2651,C3102,NO,121.2593,84.0740,180,1,C2716,
2652,C3082,NO,182.2193,54.2290,180,1,C2716,
2653,C3094,NO,121.2593,69.4690,180,1,C2716,
2654,C3086,NO,182.2193,84.0740,180,1,C2716,
2655,C3129,NO,44.4243,141.8590,180,1,C2716,
2656,C3133,NO,60.2993,141.8590,180,1,C2716,
2657,C3125,NO,75.5393,141.8590,180,1,C2716,
2658,C3121,NO,90.7793,141.8590,180,1,C2716,
2659,C3117,NO,106.0193,141.8590,180,1,C2716,
2660,C3113,NO,121.2593,141.8590,180,1,C2716,
2661,C3077,NO,135.2293,113.9190,180,1,C2716,
2662,C3109,NO,106.0193,112.0140,180,1,C2716,
2663,C3093,NO,106.0193,125.3490,180,1,C2716,
2664,C3097,NO,75.5393,125.3490,180,1,C2716,
2665,C3089,NO,45.6943,125.3490,180,1,C2716,
2666,C3101,NO,45.0593,112.0140,180,1,C2716,
2667,C3105,NO,75.5393,112.0140,180,1,C2716,
2668,C3081,NO,62.2043,82.1690,180,1,C2716,
2669,C3084,NO,322.5543,113.9190,180,1,C2716,
2670,C2943,NO,327.2533,102.1080,0,1,C2943,
2671,C2942,NO,327.2533,131.9530,0,1,C2943,
2672,C2944,NO,30.0733,60.5790,90,1,C2943,
2673,C2932,NO,149.1739,111.1250,270,1,C2943,
2674,C228,NO,17.0558,139.3190,0,1,R677,
2675,C586,NO,268.7698,77.0890,180,1,R677,
2676,C646,NO,299.2498,77.0890,180,1,R677,
2677,C666,NO,299.2498,120.2690,180,1,R677,
2678,C566,NO,268.7698,120.2690,180,1,R677,
2679,C626,NO,238.2898,120.2690,180,1,R677,
2680,C606,NO,207.8098,120.2690,180,1,R677,
2681,C676,NO,66.2048,76.4540,180,1,R677,
2682,C596,NO,96.6848,76.4540,180,1,R677,
2683,C576,NO,127.1648,76.4540,180,1,R677,
2684,C442,NO,157.6448,76.4540,180,1,R677,
2685,C616,NO,111.9248,119.6340,180,1,R677,
2686,C2356,NO,81.4448,119.6340,180,1,R677,
2687,C636,NO,50.9648,119.6340,180,1,R677,
2688,C147,NO,193.2048,47.7520,180,1,R677,
2689,C229,NO,8.6738,154.3050,180,1,R677,
2690,C2358,NO,238.2898,80.2640,180,1,R677,
2691,C2347,NO,66.2048,79.6290,180,1,R677,
2692,C2350,NO,268.7698,80.2640,180,1,R677,
2693,C2346,NO,96.6848,79.6290,180,1,R677,
2694,C2355,NO,299.2498,80.2640,180,1,R677,
2695,C2345,NO,127.1648,79.6290,180,1,R677,
2696,C2357,NO,299.2498,123.4440,180,1,R677,
2697,C2348,NO,157.6448,79.6290,180,1,R677,
2698,C2349,NO,268.7698,123.4440,180,1,R677,
2699,C2352,NO,111.9248,122.8090,180,1,R677,
2700,C2353,NO,238.2898,123.4440,180,1,R677,
2701,C656,NO,81.4448,122.8090,180,1,R677,
2702,C2351,NO,207.8098,123.4440,180,1,R677,
2703,C2354,NO,50.9648,122.8090,180,1,R677,
2704,C686,NO,238.2898,77.0890,180,1,R677,
2705,C2117,NO,165.7093,63.9445,90,1,R658,
2706,C2121,NO,180.9493,63.9445,90,1,R658,
2707,C2125,NO,180.9493,93.7895,90,1,R658,
2708,C2129,NO,165.7093,93.7895,90,1,R658,
2709,C2133,NO,135.2293,63.9445,90,1,R658,
2710,C2293,NO,307.3143,64.5795,90,1,R658,
2711,C2137,NO,150.4693,63.9445,90,1,R658,
2712,C2297,NO,322.5543,64.5795,90,1,R658,
2713,C2141,NO,150.4693,93.7895,90,1,R658,
2714,C2281,NO,322.5543,94.4245,90,1,R658,
2715,C2145,NO,135.2293,93.7895,90,1,R658,
2716,C2277,NO,307.3143,94.4245,90,1,R658,
2717,C2245,NO,276.8343,64.5795,90,1,R658,
2718,C2149,NO,104.7493,63.9445,90,1,R658,
2719,C2249,NO,292.0743,64.5795,90,1,R658,
2720,C2153,NO,119.9893,63.9445,90,1,R658,
2721,C2334,NO,233.6543,94.4245,90,1,R658,
2722,C2218,NO,61.5693,93.7895,90,1,R658,
2723,C2326,NO,248.8943,94.4245,90,1,R658,
2724,C2214,NO,76.8093,93.7895,90,1,R658,
2725,C2330,NO,248.8943,64.5795,90,1,R658,
2726,C2222,NO,76.8093,63.9445,90,1,R658,
2727,C2338,NO,233.6543,64.5795,90,1,R658,
2728,C2166,NO,61.5693,63.9445,90,1,R658,
2729,C2258,NO,264.1343,94.4245,90,1,R658,
2730,C2162,NO,92.0493,93.7895,90,1,R658,
2731,C2254,NO,279.3743,94.4245,90,1,R658,
2732,C2158,NO,107.2893,93.7895,90,1,R658,
2733,C2250,NO,279.3743,64.5795,90,1,R658,
2734,C2154,NO,107.2893,63.9445,90,1,R658,
2735,C2246,NO,264.1343,64.5795,90,1,R658,
2736,C2150,NO,92.0493,63.9445,90,1,R658,
2737,C2157,NO,119.9893,93.7895,90,1,R658,
2738,C2253,NO,292.0743,94.4245,90,1,R658,
2739,C2278,NO,294.6143,94.4245,90,1,R658,
2740,C2146,NO,122.5293,93.7895,90,1,R658,
2741,C2282,NO,309.8543,94.4245,90,1,R658,
2742,C2142,NO,137.7693,93.7895,90,1,R658,
2743,C2298,NO,309.8543,64.5795,90,1,R658,
2744,C2138,NO,137.7693,63.9445,90,1,R658,
2745,C2294,NO,294.6143,64.5795,90,1,R658,
2746,C2134,NO,122.5293,63.9445,90,1,R658,
2747,C2161,NO,104.7493,93.7895,90,1,R658,
2748,C2130,NO,153.0093,93.7895,90,1,R658,
2749,C2257,NO,276.8343,94.4245,90,1,R658,
2750,C2126,NO,168.2493,93.7895,90,1,R658,
2751,C2165,NO,74.2693,63.9445,90,1,R658,
2752,C2122,NO,168.2493,63.9445,90,1,R658,
2753,C2337,NO,246.3543,64.5795,90,1,R658,
2754,C2118,NO,153.0093,63.9445,90,1,R658,
2755,C2221,NO,89.5093,63.9445,90,1,R658,
2756,C2329,NO,261.5943,64.5795,90,1,R658,
2757,C2213,NO,89.5093,93.7895,90,1,R658,
2758,C2325,NO,261.5943,94.4245,90,1,R658,
2759,C2217,NO,74.2693,93.7895,90,1,R658,
2760,C2333,NO,246.3543,94.4245,90,1,R658,
2761,C2233,NO,264.1343,132.7785,270,1,R658,
2762,C2186,NO,59.0293,132.1638,270,1,R658,
2763,C2229,NO,279.3743,132.7785,270,1,R658,
2764,C2225,NO,122.5293,132.1435,270,1,R658,
2765,C2289,NO,248.8943,102.9335,270,1,R658,
2766,C2322,NO,322.5543,102.9335,270,1,R658,
2767,C2314,NO,307.3143,132.7785,270,1,R658,
2768,C2182,NO,74.2693,132.1435,270,1,R658,
2769,C2301,NO,233.6543,132.7785,270,1,R658,
2770,C2201,NO,76.8093,132.1435,270,1,R658,
2771,C2305,NO,248.8943,132.7785,270,1,R658,
2772,C2197,NO,92.0493,132.1435,270,1,R658,
2773,C2273,NO,218.4143,102.9335,270,1,R658,
2774,C2193,NO,61.5693,102.2985,270,1,R658,
2775,C2269,NO,203.1743,102.9335,270,1,R658,
2776,C2189,NO,46.3293,102.2985,270,1,R658,
2777,C2262,NO,231.1143,132.7785,270,1,R658,
2778,C2174,NO,119.9893,102.2985,270,1,R658,
2779,C2238,NO,276.8343,102.9335,270,1,R658,
2780,C2178,NO,135.2293,102.2985,270,1,R658,
2781,C2198,NO,104.7493,132.1435,270,1,R658,
2782,C2310,NO,322.5543,132.7785,270,1,R658,
2783,C2205,NO,76.8093,102.2985,270,1,R658,
2784,C2318,NO,307.3143,102.9335,270,1,R658,
2785,C2285,NO,233.6543,102.9335,270,1,R658,
2786,C2209,NO,92.0493,102.2985,270,1,R658,
2787,C2169,NO,107.2893,132.1435,270,1,R658,
2788,C2190,NO,59.0293,102.2985,270,1,R658,
2789,C2266,NO,215.8743,132.7785,270,1,R658,
2790,C2194,NO,74.2693,102.2985,270,1,R658,
2791,C2270,NO,215.8743,102.9335,270,1,R658,
2792,C2185,NO,46.3293,132.1435,270,1,R658,
2793,C2265,NO,203.1743,132.7785,270,1,R658,
2794,C2274,NO,231.1143,102.9335,270,1,R658,
2795,C2306,NO,261.5943,132.7785,270,1,R658,
2796,C2202,NO,89.5093,132.1435,270,1,R658,
2797,C2302,NO,246.3543,132.7785,270,1,R658,
2798,C2206,NO,89.5093,102.2985,270,1,R658,
2799,C2286,NO,246.3543,102.9335,270,1,R658,
2800,C2210,NO,104.7493,102.2985,270,1,R658,
2801,C2242,NO,292.0743,102.9335,270,1,R658,
2802,C2321,NO,309.8543,102.9335,270,1,R658,
2803,C2290,NO,261.5943,102.9335,270,1,R658,
2804,C2317,NO,294.6143,102.9335,270,1,R658,
2805,C2226,NO,135.2293,132.1435,270,1,R658,
2806,C2313,NO,294.6143,132.7785,270,1,R658,
2807,C2230,NO,292.0743,132.7785,270,1,R658,
2808,C2309,NO,309.8543,132.7785,270,1,R658,
2809,C2170,NO,119.9893,132.1435,270,1,R658,
2810,C2181,NO,61.5693,132.1435,270,1,R658,
2811,C2241,NO,279.3743,102.9335,270,1,R658,
2812,C2177,NO,122.5293,102.2985,270,1,R658,
2813,C2237,NO,264.1343,102.9335,270,1,R658,
2814,C2173,NO,107.2893,102.2985,270,1,R658,
2815,C2261,NO,218.4143,132.7785,270,1,R658,
2816,C2234,NO,276.8343,132.7785,270,1,R658,
2817,EU3,NO,56.0804,177.2387,0,1,EU4,
2818,R22,NO,60.1342,168.3766,0,1,R658,
2819,R302,NO,255.8158,120.5230,0,1,R658,
2820,R33,NO,34.1856,166.3344,0,1,R658,
2821,R294,NO,225.3358,120.5230,0,1,R658,
2822,R298,NO,129.4508,119.8880,0,1,R658,
2823,R34,NO,34.1856,167.1980,0,1,R658,
2824,R326,NO,255.8158,77.3430,0,1,R658,
2825,R337,NO,60.6397,148.3106,0,1,R658,
2826,R152,YES,225.9708,75.7961,0,1,R434,
2827,R322,NO,83.7308,76.7080,0,1,R658,
2828,R168,YES,218.7953,69.1921,0,1,R434,
2829,R181,YES,53.4515,86.1847,0,1,R434,
2830,R318,NO,316.7758,120.5230,0,1,R658,
2831,R195,YES,46.2760,79.5807,0,1,R434,
2832,R220,NO,175.1708,76.7080,0,1,R658,
2833,R314,NO,98.9708,119.8880,0,1,R658,
2834,R278,NO,286.2958,120.5230,0,1,R658,
2835,R282,NO,144.6908,76.7080,0,1,R658,
2836,R310,NO,316.7758,77.3430,0,1,R658,
2837,R286,NO,286.2958,77.3430,0,1,R658,
2838,R290,NO,114.2108,76.7080,0,1,R658,
2839,R306,NO,68.4908,119.8880,0,1,R658,
2840,R129,YES,18.3004,99.6594,90,1,R434,
2841,R146,YES,190.8198,89.2708,90,1,R434,
2842,R130,YES,19.7482,99.6721,90,1,R434,
2843,R148,YES,192.2676,89.2835,90,1,R434,
2844,R241,YES,44.2973,146.3675,90,1,R434,
2845,R162,YES,37.9473,147.1295,90,1,R434,
2846,R340,NO,67.5155,162.8115,90,1,R658,
2847,R24,YES,37.0583,147.1295,90,1,R434,
2848,R301,NO,255.8158,119.5070,180,1,R658,
2849,R291,NO,225.3358,118.4910,180,1,R658,
2850,R289,NO,114.2108,75.6920,180,1,R658,
2851,R303,NO,68.4908,117.8560,180,1,R658,
2852,R287,NO,114.2108,74.6760,180,1,R658,
2853,R285,NO,286.2958,76.3270,180,1,R658,
2854,R305,NO,68.4908,118.8720,180,1,R658,
2855,R283,NO,286.2958,75.3110,180,1,R658,
2856,R281,NO,144.6908,75.6920,180,1,R658,
2857,R307,NO,316.7758,75.3110,180,1,R658,
2858,R279,NO,144.6908,74.6760,180,1,R658,
2859,R293,NO,225.3358,119.5070,180,1,R658,
2860,R299,NO,255.8158,118.4910,180,1,R658,
2861,R275,NO,286.2958,118.4910,180,1,R658,
2862,R219,NO,175.1708,75.6920,180,1,R658,
2863,R311,NO,98.9708,117.8560,180,1,R658,
2864,R218,NO,175.1708,74.6760,180,1,R658,
2865,R313,NO,98.9708,118.8720,180,1,R658,
2866,R179,YES,46.2125,86.1847,180,1,R434,
2867,R315,NO,316.7758,118.4910,180,1,R658,
2868,R317,NO,316.7758,119.5070,180,1,R658,
2869,R150,YES,218.7318,75.7961,180,1,R434,
2870,R319,NO,83.7308,74.6760,180,1,R658,
2871,R277,NO,286.2958,119.5070,180,1,R658,
2872,R339,NO,62.5193,148.3360,180,1,R658,
2873,R321,NO,83.7308,75.6920,180,1,R658,
2874,R295,NO,129.4508,117.8560,180,1,R658,
2875,R309,NO,316.7758,76.3270,180,1,R658,
2876,R325,NO,255.8158,76.3270,180,1,R658,
2877,R323,NO,255.8158,75.3110,180,1,R658,
2878,R297,NO,129.4508,118.8720,180,1,R658,
2879,R166,YES,37.9473,144.7165,270,1,R434,
2880,R23,YES,37.0583,144.7165,270,1,R434,
2881,R338,NO,67.5383,160.9217,270,1,R658,
2882,EU10,NO,36.7408,159.3444,0,1,EU10,
2883,U16,NO,237.0364,170.5851,0,1,U16,
2884,C2714,NO,24.6377,181.3560,90,1,C2716,
2885,C2517,NO,119.4813,177.4190,90,1,C2716,
2886,C2522,NO,139.6743,176.9110,270,1,C2716,
2887,J5,NO,10.4696,173.8732,0,1,J5,
2888,F1,NO,32.5244,184.3532,0,1,F1,
2889,C2431,NO,128.0284,33.1470,0,1,C2431,
2890,C2070,YES,232.3843,66.2940,0,1,C1101,
2891,C2000,YES,262.8643,96.1390,0,1,C1101,
2892,C2061,YES,106.0193,130.4290,0,1,C1101,
2893,C1328,YES,182.2193,95.5040,0,1,C1101,
2894,C1955,YES,262.8643,131.0640,0,1,C1101,
2895,C1055,YES,201.9043,101.2190,0,1,C1101,
2896,C1046,YES,201.2693,129.1590,0,1,C1101,
2897,C1037,YES,232.3843,131.0640,0,1,C1101,
2898,C1019,YES,293.3443,96.1390,0,1,C1101,
2899,C1010,YES,293.3443,66.2940,0,1,C1101,
2900,C1001,YES,262.8643,66.2940,0,1,C1101,
2901,C992,YES,293.3443,101.2190,0,1,C1101,
2902,C965,YES,293.3443,131.0640,0,1,C1101,
2903,C956,YES,75.5393,65.6590,0,1,C1101,
2904,C947,YES,75.5393,95.5040,0,1,C1101,
2905,C920,YES,106.0193,100.5840,0,1,C1101,
2906,C902,YES,75.5393,130.4290,0,1,C1101,
2907,C1552,YES,182.2193,65.6590,0,1,C1101,
2908,C893,YES,75.5393,100.5840,0,1,C1101,
2909,C866,YES,45.0593,130.4290,0,1,C1101,
2910,C848,YES,136.4993,100.5840,0,1,C1101,
2911,C821,YES,106.0193,65.6590,0,1,C1101,
2912,C794,YES,136.4993,65.6590,0,1,C1101,
2913,C776,YES,166.9793,95.5040,0,1,C1101,
2914,C758,YES,166.9793,65.6590,0,1,C1101,
2915,C528,YES,136.4993,95.5040,0,1,C1101,
2916,C541,YES,106.0193,95.5040,0,1,C1101,
2917,C713,YES,232.3843,101.2190,0,1,C1101,
2918,C722,YES,262.8643,101.2190,0,1,C1101,
2919,C1824,YES,278.1043,131.0640,180,1,C1101,
2920,C1840,YES,308.5843,131.0640,180,1,C1101,
2921,C1888,YES,308.5843,101.2190,180,1,C1101,
2922,C1904,YES,247.6243,96.1390,180,1,C1101,
2923,C1792,YES,308.5843,96.1390,180,1,C1101,
2924,C740,YES,323.8243,66.2940,180,1,C1101,
2925,C1744,YES,217.1443,131.0640,180,1,C1101,
2926,C1728,YES,247.6243,131.0640,180,1,C1101,
2927,C1520,YES,308.5843,66.2940,180,1,C1101,
2928,C1664,YES,278.1043,66.2940,180,1,C1101,
2929,C839,YES,136.4993,130.4290,180,1,C1101,
2930,C1696,YES,278.1043,96.1390,180,1,C1101,
2931,C1584,YES,90.7793,65.6590,180,1,C1101,
2932,C1648,YES,278.1043,101.2190,180,1,C1101,
2933,C1488,YES,247.6243,101.2190,180,1,C1101,
2934,C1472,YES,217.1443,101.2190,180,1,C1101,
2935,C1440,YES,60.2993,95.5040,180,1,C1101,
2936,C1248,YES,60.2993,65.6590,180,1,C1101,
2937,C1136,YES,151.7393,95.5040,180,1,C1101,
2938,C1104,YES,90.7793,95.5040,180,1,C1101,
2939,C1088,YES,121.2593,95.5040,180,1,C1101,
2940,C3177,YES,121.2593,100.5840,180,1,C1101,
2941,C2029,YES,121.2593,130.4290,180,1,C1101,
2942,C1392,YES,90.7793,100.5840,180,1,C1101,
2943,C2045,YES,247.6243,66.2940,180,1,C1101,
2944,C1073,YES,323.8243,96.1390,180,1,C1101,
2945,C1360,YES,90.7793,130.4290,180,1,C1101,
2946,C1296,YES,60.2993,130.4290,180,1,C1101,
2947,C1964,YES,323.8243,131.0640,180,1,C1101,
2948,C1991,YES,323.8243,101.2190,180,1,C1101,
2949,C1344,YES,60.2993,100.5840,180,1,C1101,
2950,C1216,YES,121.2593,65.6590,180,1,C1101,
2951,C1168,YES,151.7393,65.6590,180,1,C1101,
2952,C2892,NO,143.1922,125.7300,0,1,C2892,
2953,C2893,NO,143.8526,118.8212,180,1,C2892,
2954,L14,NO,354.0503,151.1351,180,1,L9,
2955,L3,NO,377.9543,151.0716,180,1,L9,
2956,R232,YES,376.9865,127.3937,270,1,R434,
2957,S26,NO,377.9543,125.9891,0,1,S26,
2958,S9,NO,354.0503,126.0526,0,1,S26,
2959,R2,YES,354.5075,127.7239,270,1,R434,
2960,R246,YES,353.6185,128.5367,270,1,R434,
2961,C1,NO,358.1143,110.3630,0,1,C1,
2962,C2924,NO,358.1143,106.2990,0,1,C1,
2963,C447,NO,373.8623,106.2990,180,1,C1,
2964,C445,NO,373.8623,110.3630,180,1,C1,
2965,C8,NO,350.3089,107.0762,0,1,C2431,
2966,C6,NO,350.3089,110.6830,0,1,C2431,
2967,C448,NO,381.6982,107.0127,180,1,C2431,
2968,C446,NO,381.6982,110.6195,180,1,C2431,
2969,R622,NO,157.7083,38.0746,0,1,C2953,
2970,R619,NO,157.7083,36.4744,180,1,C2953,
2971,C554,NO,25.7553,67.8815,90,1,R658,
2972,C471,YES,240.8959,157.2362,90,1,R434,
2973,C480,YES,238.3051,157.2362,90,1,R434,
2974,C472,YES,239.1687,157.2362,90,1,R434,
2975,C479,YES,240.0323,157.2362,90,1,R434,
2976,C478,YES,241.7595,157.2362,90,1,R434,
2977,C468,YES,242.6231,157.2362,90,1,R434,
2978,C476,YES,243.5502,157.2362,90,1,R434,
2979,C466,YES,244.4138,157.2362,90,1,R434,
2980,C559,NO,198.2213,57.4675,90,1,R658,
2981,C59,YES,25.0187,74.3763,90,1,R434,
2982,C58,YES,32.7200,74.3839,90,1,R434,
2983,C61,YES,27.2336,74.3356,90,1,R434,
2984,C60,YES,28.1150,74.3356,90,1,R434,
2985,C129,YES,237.4415,157.2438,90,1,R434,
2986,C252,YES,199.5523,63.9470,90,1,R434,
2987,C251,YES,200.6343,63.9470,90,1,R434,
2988,C250,YES,197.4390,63.9877,90,1,R434,
2989,C249,YES,205.3257,63.9953,90,1,R434,
2990,C46,YES,236.5525,157.2438,90,1,R434,
2991,C48,YES,235.2571,181.5694,270,1,R434,
2992,C52,YES,238.0384,181.5694,270,1,R434,
2993,C47,YES,237.1113,181.5694,270,1,R434,
2994,C54,YES,234.3935,181.5694,270,1,R434,
2995,C552,YES,229.9485,181.5440,270,1,R434,
2996,C551,YES,230.8756,181.5440,270,1,R434,
2997,C53,YES,236.1842,181.5694,270,1,R434,
2998,C138,YES,239.7021,181.4551,270,1,R434,
2999,C51,YES,240.6292,181.4551,270,1,R434,
3000,C125,YES,246.7379,184.0078,270,1,R434,
3001,C137,YES,242.2675,184.0840,270,1,R434,
3002,C128,YES,241.3404,184.0840,270,1,R434,
3003,C136,YES,244.0582,184.0078,270,1,R434,
3004,C127,YES,243.1311,184.0078,270,1,R434,
3005,C135,YES,245.8108,184.0078,270,1,R434,
3006,C126,YES,244.9345,184.0078,270,1,R434,
3007,C134,YES,247.6650,184.0078,270,1,R434,
3008,C49,YES,233.5299,181.5694,270,1,R434,
3009,C55,YES,232.6663,181.5694,270,1,R434,
3010,C50,YES,231.7392,181.5694,270,1,R434,
3011,Y2,NO,12.2425,133.9850,0,1,Y2,
3012,Y1,NO,26.5300,161.0081,270,1,Y2,
3013,C226,NO,10.9598,138.4300,0,1,R677,
3014,C41,NO,29.9819,162.1384,90,1,R677,
3015,C225,NO,13.4998,138.4300,180,1,R677,
3016,C43,NO,29.9819,159.4714,270,1,R677,
3017,R653,NO,31.0893,160.8455,90,1,R658,
3018,R136,NO,12.2298,137.2870,180,1,R658,
3019,R137,NO,17.0558,140.8430,0,1,R677,
3020,R94,YES,245.4806,170.7109,0,1,R434,
3021,R98,YES,246.2070,166.3217,0,1,R434,
3022,R97,YES,226.5220,162.6387,180,1,R434,
3023,R92,YES,226.9792,168.6077,180,1,R434,
3024,R93,YES,226.9792,171.5795,180,1,R434,
3025,R91,YES,226.5220,161.6227,180,1,R434,
3026,R89,YES,244.4798,160.2257,180,1,R434,
3027,R96,YES,247.4770,167.5917,270,1,R434,
3028,R95,YES,245.9530,160.3527,270,1,R434,
3029,R87,YES,228.3000,158.8287,270,1,R434,
3030,R88,YES,233.9363,157.1777,270,1,R434,
3031,R327,NO,54.2033,168.8465,90,1,R658,
3032,R489,YES,213.3343,50.6095,90,1,R434,
3033,R329,NO,51.5363,168.8465,90,1,R658,
3034,R169,YES,223.0879,75.6056,90,1,R434,
3035,R196,YES,50.5686,85.9942,90,1,R434,
3036,R154,YES,220.2558,74.9071,180,1,R434,
3037,R209,YES,33.3855,87.1626,180,1,R434,
3038,R183,YES,47.7365,85.2957,180,1,R434,
3039,R144,YES,205.9048,76.7740,180,1,R434,
3040,R86,YES,407.1440,98.7476,180,1,R434,
3041,R147,NO,154.4063,49.2125,270,1,R658,
3042,R145,NO,168.7573,48.5775,270,1,R658,
3043,R488,YES,22.5803,106.9975,270,1,R434,
3044,R330,NO,52.4253,168.8465,270,1,R658,
3045,R328,NO,53.3143,168.8465,270,1,R658,
3046,R240,YES,226.9792,175.0339,0,1,R434,
3047,R259,YES,226.9792,174.1703,0,1,R434,
3048,R258,YES,226.9792,173.3067,0,1,R434,
3049,R252,YES,226.9792,175.8975,0,1,R434,
3050,R99,YES,246.7353,174.7139,90,1,R434,
3051,R255,YES,234.7999,157.2362,90,1,R434,
3052,R257,YES,243.0320,171.2747,90,1,R434,
3053,R100,YES,235.6889,157.2362,90,1,R434,
3054,R253,YES,244.8100,163.1467,90,1,R434,
3055,R256,YES,245.5034,173.5328,180,1,R434,
3056,R260,YES,244.8684,172.4914,180,1,R434,
3057,R254,YES,242.9050,168.0997,270,1,R434,
3058,R101,YES,246.7150,176.4817,270,1,R434,
3059,R102,YES,246.1791,164.6149,0,1,R434,
3060,R234,YES,246.2070,168.8617,0,1,R434,
3061,R105,YES,226.9792,172.4431,180,1,R434,
3062,R106,YES,226.9792,170.7159,180,1,R434,
3063,J3,NO,278.9705,177.5587,0,1,J3,
3064,C687,NO,238.2898,75.8190,0,1,R677,
3065,C684,NO,238.2898,74.5490,0,1,R677,
3066,C677,NO,66.2048,75.1840,0,1,R677,
3067,C674,NO,66.2048,73.9140,0,1,R677,
3068,C667,NO,299.2498,118.9990,0,1,R677,
3069,C664,NO,299.2498,117.7290,0,1,R677,
3070,C657,NO,81.4448,118.3640,0,1,R677,
3071,C654,NO,81.4448,117.0940,0,1,R677,
3072,C647,NO,299.2498,75.8190,0,1,R677,
3073,C644,NO,299.2498,74.5490,0,1,R677,
3074,C345,NO,215.3663,70.9930,0,1,R677,
3075,C634,NO,50.9648,117.0940,0,1,R677,
3076,C627,NO,238.2898,118.9990,0,1,R677,
3077,C624,NO,238.2898,117.7290,0,1,R677,
3078,C617,NO,111.9248,118.3640,0,1,R677,
3079,C614,NO,111.9248,117.0940,0,1,R677,
3080,C607,NO,207.8098,118.9990,0,1,R677,
3081,C604,NO,207.8098,117.7290,0,1,R677,
3082,C597,NO,96.6848,75.1840,0,1,R677,
3083,C594,NO,96.6848,73.9140,0,1,R677,
3084,C587,NO,268.7698,75.8190,0,1,R677,
3085,C584,NO,268.7698,74.5490,0,1,R677,
3086,C577,NO,127.1648,75.1840,0,1,R677,
3087,C574,NO,127.1648,73.9140,0,1,R677,
3088,C567,NO,268.7698,118.9990,0,1,R677,
3089,C564,NO,268.7698,117.7290,0,1,R677,
3090,C441,NO,157.6448,75.1840,0,1,R677,
3091,C439,NO,157.6448,73.9140,0,1,R677,
3092,C370,NO,50.7845,72.0877,0,1,R677,
3093,C366,NO,50.7845,73.8657,0,1,R677,
3094,C368,NO,50.7845,75.5167,0,1,R677,
3095,C351,YES,51.0385,72.8497,90,1,R656,
3096,C76,YES,223.5578,62.4611,90,1,R656,
3097,C238,YES,219.7478,62.4611,90,1,R656,
3098,C346,YES,47.2285,72.8497,90,1,R656,
3099,C377,NO,230.3523,73.2790,180,1,R677,
3100,C637,NO,50.9648,118.3640,180,1,R677,
3101,C663,NO,315.3153,126.2380,180,1,R677,
3102,C673,NO,82.9053,82.4230,180,1,R677,
3103,C593,NO,113.3853,82.4230,180,1,R677,
3104,C573,NO,143.8653,82.4230,180,1,R677,
3105,C438,NO,173.7103,82.4230,180,1,R677,
3106,C683,NO,254.3553,83.0580,180,1,R677,
3107,C583,NO,284.8353,83.0580,180,1,R677,
3108,C643,NO,315.3153,83.0580,180,1,R677,
3109,C633,NO,67.6653,125.6030,180,1,R677,
3110,C653,NO,98.1453,125.6030,180,1,R677,
3111,C613,NO,128.6253,125.6030,180,1,R677,
3112,C603,NO,223.8753,126.2380,180,1,R677,
3113,C623,NO,254.3553,126.2380,180,1,R677,
3114,C563,NO,284.8353,126.2380,180,1,R677,
3115,C149,NO,192.5063,44.2595,270,1,R677,
3116,C44,NO,43.5988,156.7536,270,1,R677,
3117,C344,NO,220.8273,65.6590,270,1,R677,
3118,U15,NO,295.5922,181.7472,0,1,U15,
3119,Y5,NO,204.4723,57.5297,0,1,Y5,
3120,Y4,NO,31.9529,67.9183,0,1,Y5,
3121,C420,YES,354.4999,57.3456,0,1,R656,
3122,C490,YES,378.0533,124.9299,270,1,R656,
3123,C2603,NO,391.3883,47.7520,0,1,R677,
3124,C2755,NO,385.8003,31.3690,0,1,R677,
3125,C2657,NO,407.6443,43.4340,90,1,R677,
3126,C2639,NO,407.6443,78.9940,90,1,R677,
3127,C2658,NO,407.6443,48.5140,90,1,R677,
3128,C2635,NO,407.6443,84.0740,90,1,R677,
3129,C2690,NO,397.4843,89.1540,90,1,R677,
3130,C2664,NO,407.6443,89.1540,90,1,R677,
3131,C2631,NO,397.4843,84.0740,90,1,R677,
3132,C2630,NO,397.4843,78.9940,90,1,R677,
3133,C2633,NO,407.6443,73.9140,90,1,R677,
3134,C2629,NO,397.4843,73.9140,90,1,R677,
3135,C2624,NO,397.4843,28.1940,90,1,R677,
3136,C2662,NO,407.6443,68.8340,90,1,R677,
3137,C2654,NO,407.6443,28.1940,90,1,R677,
3138,C2628,NO,397.4843,68.8340,90,1,R677,
3139,C2655,NO,407.6443,33.2740,90,1,R677,
3140,C2661,NO,407.6443,63.7540,90,1,R677,
3141,C2652,NO,397.4843,38.3540,90,1,R677,
3142,C2627,NO,397.4843,63.7540,90,1,R677,
3143,C2656,NO,407.6443,38.3540,90,1,R677,
3144,C2660,NO,407.6443,58.6740,90,1,R677,
3145,C2626,NO,397.4843,58.6740,90,1,R677,
3146,C2659,NO,407.6443,53.5940,90,1,R677,
3147,C2625,NO,397.4843,53.5940,90,1,R677,
3148,C2593,NO,385.8003,47.7520,180,1,R677,
3149,C2592,NO,385.8003,63.2460,180,1,R677,
3150,C2754,NO,385.8003,17.1450,180,1,R677,
3151,C2623,NO,402.5643,48.5140,270,1,R677,
3152,C2707,NO,412.7243,43.4340,270,1,R677,
3153,C2706,NO,412.7243,48.5140,270,1,R677,
3154,C2651,NO,402.5643,43.4340,270,1,R677,
3155,C2708,NO,412.7243,38.3540,270,1,R677,
3156,C2700,NO,402.5643,53.5940,270,1,R677,
3157,C2705,NO,412.7243,53.5940,270,1,R677,
3158,C2687,NO,402.5643,38.3540,270,1,R677,
3159,C2701,NO,402.5643,58.6740,270,1,R677,
3160,C2688,NO,392.4043,38.3540,270,1,R677,
3161,C2709,NO,412.7243,33.2740,270,1,R677,
3162,C2673,NO,402.5643,63.7540,270,1,R677,
3163,C2686,NO,402.5643,33.2740,270,1,R677,
3164,C2703,NO,412.7243,63.7540,270,1,R677,
3165,C2636,NO,392.4043,33.2740,270,1,R677,
3166,C2710,NO,412.7243,28.1940,270,1,R677,
3167,C2674,NO,402.5643,68.8340,270,1,R677,
3168,C2702,NO,412.7243,68.8340,270,1,R677,
3169,C2689,NO,402.5643,28.1940,270,1,R677,
3170,C2638,NO,392.4043,28.1940,270,1,R677,
3171,C2672,NO,412.7243,73.9140,270,1,R677,
3172,C2665,NO,392.4043,23.1140,270,1,R677,
3173,C2666,NO,402.5643,78.9940,270,1,R677,
3174,C2671,NO,412.7243,78.9940,270,1,R677,
3175,C2663,NO,402.5643,89.1540,270,1,R677,
3176,C2676,NO,412.7243,89.1540,270,1,R677,
3177,C2667,NO,402.5643,84.0740,270,1,R677,
3178,C2670,NO,412.7243,84.0740,270,1,R677,
3179,C2682,NO,412.7243,58.6105,270,1,R677,
3180,C2746,NO,402.5643,94.2340,270,1,R677,
3181,R405,NO,395.2872,135.7376,180,1,R677,
3182,C3182,NO,27.2793,134.6708,270,1,C17,
3183,R496,NO,159.2323,29.0830,180,1,C2953,
3184,C81,YES,240.0043,176.0220,0,1,C81,
3185,C67,YES,230.5784,162.1257,0,1,C81,
3186,C37,YES,235.5771,174.0433,0,1,C81,
3187,C2902,YES,237.4948,168.1277,0,1,C81,
3188,C71,YES,234.5764,173.0426,0,1,C81,
3189,C35,YES,241.4928,170.1267,90,1,C81,
3190,C79,YES,231.5766,173.0426,180,1,C81,
3191,C29,YES,230.5759,164.1272,180,1,C81,
3192,C72,YES,243.4943,164.1272,180,1,C81,
3193,C31,YES,229.5776,167.1269,180,1,C81,
3194,C2907,NO,177.3171,45.9740,180,1,C2953,
3195,C2106,NO,172.6435,45.9232,180,1,C2953,
3196,C2904,YES,240.4946,167.1269,270,1,C81,
3197,C69,YES,235.5771,169.1259,270,1,C81,
3198,C38,YES,233.5781,165.1254,270,1,C81,
3199,C539,NO,269.8189,179.4104,180,1,C17,
3200,C537,NO,264.7084,179.4104,180,1,C17,
3201,C538,NO,259.5979,179.4104,180,1,C17,
3202,R335,YES,406.3870,93.5228,0,1,R656,
3203,R334,YES,406.4124,91.3892,0,1,R656,
3204,EU9,NO,50.7210,68.8581,0,1,EU9,
3205,EU7,NO,223.2391,58.4695,0,1,EU9,
3206,U1,NO,50.2765,86.9594,0,1,U1,
3207,U40,NO,222.7946,76.5708,0,1,U1,
3208,C3016,NO,328.2693,68.1990,0,1,R658,
3209,C2970,NO,328.2693,47.8790,0,1,R658,
3210,C2968,NO,328.2693,58.0390,0,1,R658,
3211,C2964,NO,333.3493,68.1990,0,1,R658,
3212,C2966,NO,313.0293,47.8790,0,1,R658,
3213,C2965,NO,338.4293,73.2790,0,1,R658,
3214,C2963,NO,307.9493,37.7190,0,1,R658,
3215,C2994,NO,348.5893,73.2790,0,1,R658,
3216,C3008,NO,328.2693,27.5590,0,1,R658,
3217,C2984,NO,358.7493,73.2790,0,1,R658,
3218,C2958,NO,323.1893,27.5590,0,1,R658,
3219,C2960,NO,318.1093,27.5590,0,1,R658,
3220,C2979,NO,323.1893,17.3990,0,1,R658,
3221,C2977,NO,328.2693,17.3990,0,1,R658,
3222,C2959,NO,313.0293,27.5590,0,1,R658,
3223,C2961,NO,307.9493,27.5590,0,1,R658,
3224,C2972,NO,297.7893,17.3990,0,1,R658,
3225,C2973,NO,292.7093,17.3990,0,1,R658,
3226,C2974,NO,287.6293,17.3990,0,1,R658,
3227,C2975,NO,282.5493,17.3990,0,1,R658,
3228,C2962,NO,318.1093,17.3990,0,1,R658,
3229,C2957,NO,313.0293,17.3990,0,1,R658,
3230,C2967,NO,307.9493,17.3990,0,1,R658,
3231,C2976,NO,277.4693,17.3990,0,1,R658,
3232,C2971,NO,302.8693,17.3990,0,1,R658,
3233,C3147,NO,46.9643,176.3395,90,1,R658,
3234,C3000,NO,302.8693,22.4790,180,1,R658,
3235,C2998,NO,307.9493,22.4790,180,1,R658,
3236,C3013,NO,277.4693,12.3190,180,1,R658,
3237,C2999,NO,313.0293,22.4790,180,1,R658,
3238,C3011,NO,277.4693,22.4790,180,1,R658,
3239,C3010,NO,282.5493,22.4790,180,1,R658,
3240,C3006,NO,287.6293,22.4790,180,1,R658,
3241,C3005,NO,292.7093,22.4790,180,1,R658,
3242,C3004,NO,297.7893,22.4790,180,1,R658,
3243,C2995,NO,318.1093,22.4790,180,1,R658,
3244,C3001,NO,302.8693,12.3190,180,1,R658,
3245,C2982,NO,307.9493,12.3190,180,1,R658,
3246,C3003,NO,313.0293,12.3190,180,1,R658,
3247,C3014,NO,282.5493,12.3190,180,1,R658,
3248,C3007,NO,287.6293,12.3190,180,1,R658,
3249,C3002,NO,292.7093,12.3190,180,1,R658,
3250,C3009,NO,297.7893,12.3190,180,1,R658,
3251,C2969,NO,318.1093,12.3190,180,1,R658,
3252,C2981,NO,323.1893,22.4790,180,1,R658,
3253,C3012,NO,328.2693,22.4790,180,1,R658,
3254,C2980,NO,323.1893,12.3190,180,1,R658,
3255,C3015,NO,328.2693,12.3190,180,1,R658,
3256,C2986,NO,307.9493,32.6390,180,1,R658,
3257,C2987,NO,313.0293,32.6390,180,1,R658,
3258,C2988,NO,318.1093,32.6390,180,1,R658,
3259,C2989,NO,323.1893,32.6390,180,1,R658,
3260,C2990,NO,328.2693,32.6390,180,1,R658,
3261,C2991,NO,307.9493,42.7990,180,1,R658,
3262,C2983,NO,353.6693,73.2790,180,1,R658,
3263,C2992,NO,313.0293,42.7990,180,1,R658,
3264,C2985,NO,343.5093,73.2790,180,1,R658,
3265,C2978,NO,333.3493,73.2790,180,1,R658,
3266,C2997,NO,328.2693,52.9590,180,1,R658,
3267,C400,YES,355.0663,125.4125,270,1,R656,
3268,C292,NO,17.7340,70.7796,0,1,C292,
3269,C257,NO,14.5260,70.7796,0,1,C292,
3270,C398,NO,187.0453,60.3910,0,1,C292,
3271,C404,NO,211.0483,57.4675,0,1,C292,
3272,C306,NO,192.3793,59.8653,0,1,C292,
3273,C156,NO,41.5795,67.9729,0,1,C292,
3274,C309,NO,214.9853,57.4675,0,1,C292,
3275,C2500,NO,226.1512,88.5673,180,1,C292,
3276,C271,NO,35.9611,105.5116,180,1,C292,
3277,C401,NO,73.8477,177.3199,180,1,C292,
3278,C186,NO,13.6192,84.6531,180,1,C292,
3279,C181,NO,26.3903,105.3186,180,1,C292,
3280,C2499,NO,58.8084,90.9269,180,1,C292,
3281,C394,NO,185.8261,74.5058,180,1,C292,
3282,C2501,NO,66.8398,168.6560,270,1,C292,
3283,C178,YES,31.4957,90.1700,0,1,C81,
3284,C333,YES,192.9940,86.2838,0,1,C81,
3285,C118,YES,23.3677,83.5406,0,1,C81,
3286,C117,YES,27.6349,81.9404,0,1,C81,
3287,C256,YES,188.1502,69.5528,0,1,C81,
3288,C324,YES,189.9968,67.3659,0,1,C81,
3289,C317,YES,190.0019,71.3994,0,1,C81,
3290,C196,YES,20.4772,96.6724,0,1,C81,
3291,C123,YES,29.4968,77.4675,0,1,C81,
3292,C318,YES,206.9132,71.3664,0,1,C81,
3293,C331,YES,190.9976,75.3669,0,1,C81,
3294,C290,YES,188.1502,74.3153,0,1,C81,
3295,C267,YES,202.9127,73.3679,0,1,C81,
3296,C220,YES,17.2260,77.3227,0,1,C81,
3297,C274,YES,195.9988,74.3534,0,1,C81,
3298,C301,YES,198.9960,75.3669,0,1,C81,
3299,C277,YES,196.9971,75.3669,0,1,C81,
3300,C213,YES,17.4826,81.7880,0,1,C81,
3301,C64,YES,200.9137,70.3682,0,1,C81,
3302,C276,YES,202.9127,80.2843,0,1,C81,
3303,C413,YES,30.3934,81.7575,0,1,C81,
3304,C222,YES,34.3964,81.7550,0,1,C81,
3305,C311,YES,189.9968,80.2843,0,1,C81,
3306,C275,YES,201.9805,83.0072,0,1,C81,
3307,C195,YES,18.4782,85.7555,0,1,C81,
3308,C288,YES,205.9125,84.2848,0,1,C81,
3309,C266,YES,204.9142,78.2828,0,1,C81,
3310,C63,YES,15.6309,78.9407,0,1,C81,
3311,C207,YES,17.4800,90.6729,0,1,C81,
3312,C124,YES,31.3992,78.7222,0,1,C81,
3313,C116,YES,29.3952,80.7568,0,1,C81,
3314,C144,YES,30.3959,83.7565,0,1,C81,
3315,C132,YES,23.4820,84.7420,0,1,C81,
3316,C328,YES,206.7862,73.6219,0,1,C81,
3317,C131,YES,33.3957,94.6734,0,1,C81,
3318,C171,YES,24.4828,78.7095,0,1,C81,
3319,C322,YES,209.9130,72.3671,0,1,C81,
3320,C329,YES,210.4108,76.8071,0,1,C81,
3321,C95,YES,30.3959,90.6729,0,1,C81,
3322,C142,YES,30.4772,79.4766,0,1,C81,
3323,C120,YES,15.6309,85.7047,0,1,C81,
3324,C310,YES,206.9132,79.2836,0,1,C81,
3325,C336,YES,210.9137,81.2851,0,1,C81,
3326,C198,YES,37.3962,82.7557,0,1,C81,
3327,C182,YES,26.4792,85.7555,0,1,C81,
3328,C197,YES,34.8739,83.4136,0,1,C81,
3329,C273,YES,203.9160,68.3336,0,1,C81,
3330,C205,YES,37.8940,87.1957,0,1,C81,
3331,C96,YES,24.4777,85.7555,0,1,C81,
3332,C212,YES,38.3944,91.6737,0,1,C81,
3333,C145,YES,32.3949,88.6714,0,1,C81,
3334,C293,YES,197.0021,68.3209,0,1,C81,
3335,C286,YES,201.9196,69.3496,0,1,C81,
3336,C211,YES,38.3944,95.6716,90,1,C81,
3337,C412,YES,33.3957,85.7555,90,1,C81,
3338,C285,YES,204.9142,70.3682,90,1,C81,
3339,C462,YES,210.9112,85.3084,90,1,C81,
3340,C219,YES,34.1373,88.4174,90,1,C81,
3341,C312,YES,201.9145,71.3664,90,1,C81,
3342,C204,YES,36.4056,80.7568,90,1,C81,
3343,C141,YES,32.3949,80.7568,90,1,C81,
3344,C314,YES,208.9249,70.3682,90,1,C81,
3345,C338,YES,193.9973,78.2853,90,1,C81,
3346,C206,YES,21.4780,88.6739,90,1,C81,
3347,C325,YES,196.9971,71.3664,90,1,C81,
3348,C321,YES,205.9125,75.3669,90,1,C81,
3349,C130,YES,33.4769,90.6018,90,1,C81,
3350,C458,YES,23.5455,81.9150,90,1,C81,
3351,C313,YES,204.9142,83.2841,90,1,C81,
3352,C326,YES,207.9140,84.2848,90,1,C81,
3353,C93,YES,24.4752,88.6714,90,1,C81,
3354,C264,YES,201.9145,74.3661,90,1,C81,
3355,C263,YES,204.9269,73.3628,90,1,C81,
3356,C258,YES,201.9145,75.3669,90,1,C81,
3357,C327,YES,204.9142,86.2838,90,1,C81,
3358,C269,YES,201.9145,77.2846,90,1,C81,
3359,C268,YES,196.9920,78.2828,90,1,C81,
3360,C179,YES,29.3952,87.6732,90,1,C81,
3361,C185,YES,28.0236,90.2360,90,1,C81,
3362,C299,YES,200.5429,79.8474,90,1,C81,
3363,C202,YES,32.3949,93.6727,90,1,C81,
3364,C287,YES,206.9132,81.2851,90,1,C81,
3365,C203,YES,32.3949,96.6724,90,1,C81,
3366,C457,YES,35.3946,94.6734,90,1,C81,
3367,C97,YES,29.3952,84.7547,90,1,C81,
3368,C154,YES,26.4716,89.6722,90,1,C81,
3369,C175,YES,29.3952,85.7555,90,1,C81,
3370,C305,YES,198.9783,79.2785,90,1,C81,
3371,C209,YES,22.4813,94.6556,180,1,C81,
3372,C223,YES,30.3959,92.6719,180,1,C81,
3373,C319,YES,202.9127,82.2833,180,1,C81,
3374,C340,YES,195.0006,84.2670,180,1,C81,
3375,C337,YES,192.9966,74.3661,180,1,C81,
3376,C283,YES,203.9135,74.3661,180,1,C81,
3377,C121,YES,30.3959,88.6714,180,1,C81,
3378,C291,YES,197.9978,74.3661,180,1,C81,
3379,C62,YES,31.3941,88.6714,180,1,C81,
3380,C172,YES,23.4846,76.7766,180,1,C81,
3381,C255,YES,203.9135,78.2828,180,1,C81,
3382,C460,YES,193.9973,83.2764,180,1,C81,
3383,C294,YES,196.0014,66.3880,180,1,C81,
3384,C270,YES,202.9127,78.2828,180,1,C81,
3385,C262,YES,203.8881,76.4591,180,1,C81,
3386,C200,YES,20.4798,84.7547,180,1,C81,
3387,C463,YES,189.9968,84.2848,180,1,C81,
3388,C143,YES,31.3713,86.8578,180,1,C81,
3389,C208,YES,17.9372,94.1908,180,1,C81,
3390,C180,YES,25.4785,84.7547,180,1,C81,
3391,C177,YES,31.3941,84.7547,180,1,C81,
3392,C199,YES,21.4780,93.6650,180,1,C81,
3393,C261,YES,195.9963,72.3671,180,1,C81,
3394,C94,YES,29.3952,93.6727,270,1,C81,
3395,C193,YES,38.3944,77.7545,270,1,C81,
3396,C133,YES,24.4777,83.7565,270,1,C81,
3397,C461,YES,198.9960,84.2848,270,1,C81,
3398,C315,YES,210.9137,67.3659,270,1,C81,
3399,C334,YES,198.9960,82.2858,270,1,C81,
3400,C176,YES,29.3977,86.7867,270,1,C81,
3401,C174,YES,26.4564,88.6689,270,1,C81,
3402,C335,YES,206.9132,82.2833,270,1,C81,
3403,C66,YES,24.4676,89.6722,270,1,C81,
3404,C194,YES,22.4787,85.7555,270,1,C81,
3405,C304,YES,196.9971,80.2843,270,1,C81,
3406,C308,YES,196.9869,79.2836,270,1,C81,
3407,C289,YES,198.9960,81.2851,270,1,C81,
3408,C224,YES,29.9032,97.1804,270,1,C81,
3409,C302,YES,198.9833,80.2767,270,1,C81,
3410,C216,YES,26.4792,94.6734,270,1,C81,
3411,C296,YES,198.9732,78.2803,270,1,C81,
3412,C307,YES,201.9145,79.2836,270,1,C81,
3413,C339,YES,192.9966,67.3659,270,1,C81,
3414,C210,YES,26.4792,92.6744,270,1,C81,
3415,C139,YES,26.4640,90.6653,270,1,C81,
3416,C119,YES,26.4792,91.6737,270,1,C81,
3417,C259,YES,201.9170,76.3981,270,1,C81,
3418,C218,YES,34.3964,92.6719,270,1,C81,
3419,C295,YES,196.9971,73.3679,270,1,C81,
3420,C260,YES,199.0087,71.3689,270,1,C81,
3421,C201,YES,22.4787,79.7560,270,1,C81,
3422,C214,YES,18.9456,80.2488,270,1,C81,
3423,C221,YES,35.3946,77.7545,270,1,C81,
3424,C272,YES,201.9145,67.3735,270,1,C81,
3425,C320,YES,209.9130,87.2846,270,1,C81,
3426,C298,YES,198.9960,73.3679,270,1,C81,
3427,C215,YES,20.4798,77.7545,270,1,C81,
3428,C65,YES,29.3952,89.6722,270,1,C81,
3429,C459,YES,37.3962,97.6732,270,1,C81,
3430,C316,YES,207.9140,67.3659,270,1,C81,
3431,C341,YES,201.9145,86.2838,270,1,C81,
3432,C464,YES,196.9971,86.2838,270,1,C81,
3433,C330,YES,194.9955,75.3669,270,1,C81,
3434,C332,YES,194.9955,69.3674,270,1,C81,
3435,C323,YES,191.9958,70.3682,270,1,C81,
3436,C146,YES,24.4777,90.6729,270,1,C81,
3437,C173,YES,26.4792,83.7565,270,1,C81,
3438,C217,YES,24.4777,96.6724,270,1,C81,
3439,C122,YES,33.4134,91.8718,0,1,R434,
3440,C402,YES,200.0298,86.3371,0,1,R434,
3441,C2508,NO,60.1622,86.8197,0,1,R658,
3442,C187,YES,27.9702,88.4809,90,1,R434,
3443,C2509,NO,229.1408,79.2988,90,1,R658,
3444,C300,YES,200.4896,73.5381,90,1,R434,
3445,C284,YES,27.9880,96.2711,90,1,R434,
3446,C396,YES,200.4819,75.3694,90,1,R434,
3447,C188,YES,27.9651,85.7580,90,1,R434,
3448,C395,YES,200.4896,78.0923,90,1,R434,
3449,C297,YES,17.4470,87.2261,180,1,R434,
3450,C405,YES,189.9638,76.8375,180,1,R434,
3451,C189,YES,26.5097,87.2439,180,1,R434,
3452,C397,YES,198.5388,76.8375,180,1,R434,
3453,C399,YES,195.9328,76.8375,180,1,R434,
3454,C265,YES,23.4160,87.2261,180,1,R434,
3455,C303,YES,200.5073,81.7550,270,1,R434,
3456,C140,YES,27.9880,92.1436,270,1,R434,
3457,C393,NO,337.9899,177.9905,0,1,C393,
3458,C390,NO,351.3122,174.0408,270,1,C393,
3459,C389,NO,360.3292,174.0408,270,1,C393,
3460,C416,NO,290.8043,180.1241,270,1,R658,
3461,R205,NO,229.1458,76.3803,270,1,R677,
3462,R201,NO,56.6265,86.7689,270,1,R677,
3463,C245,NO,223.9388,54.4601,270,1,R658,
3464,C358,NO,51.4195,64.8487,270,1,R658,
3465,R176,NO,47.0913,64.8335,270,1,R658,
3466,R104,NO,219.0239,54.4195,270,1,R658,
3467,FB21,YES,193.4563,63.6930,0,1,FB21,
3468,FB18,YES,192.2523,63.6930,0,1,FB21,
3469,FB20,YES,204.2665,63.8099,0,1,FB21,
3470,FB17,YES,208.7725,63.6016,0,1,FB21,
3471,FB19,YES,207.5660,63.6016,0,1,FB21,
3472,FB13,YES,198.4753,63.7057,0,1,FB21,
3473,FB12,YES,201.8383,63.8073,0,1,FB21,
3474,FB15,YES,196.4027,63.7184,0,1,FB21,
3475,FB14,YES,206.3595,63.6016,0,1,FB21,
3476,FB16,YES,203.0575,63.8200,0,1,FB21,
3477,FB10,YES,31.6837,74.1985,0,1,FB21,
3478,FB8,YES,19.6060,74.0816,0,1,FB21,
3479,FB11,YES,20.8125,74.0816,0,1,FB21,
3480,FB7,YES,36.2405,74.0156,0,1,FB21,
3481,FB9,YES,35.0340,74.0156,0,1,FB21,
3482,FB3,YES,26.1541,74.0943,0,1,FB21,
3483,FB2,YES,29.2580,74.1959,0,1,FB21,
3484,FB5,YES,23.9240,74.1070,0,1,FB21,
3485,FB4,YES,33.8275,74.0156,0,1,FB21,
3486,FB6,YES,30.4747,74.2086,0,1,FB21,
3487,FB1,NO,190.2203,45.3390,0,1,FB1,
3488,C2416,NO,30.5813,55.3720,0,1,C1,
3489,C2413,NO,332.5873,102.1080,270,1,C1,
3490,C2415,NO,157.2003,102.5144,270,1,C1,
3491,C2402,NO,332.5873,131.9530,270,1,C1,
3492,U22,NO,174.6628,101.1072,0,1,U22,
3493,U14,YES,40.6778,145.9078,0,1,U14,
3494,J8,YES,34.2072,173.3918,0,1,J8,
3495,C2885,NO,101.8410,178.1175,0,1,C2885,
3496,C2886,NO,112.8138,178.1175,0,1,C2885,
3497,R5,YES,27.6730,182.6006,0,1,R434,
3498,U56,NO,129.6058,177.4279,0,1,U56,
3499,C2520,NO,124.4343,171.3230,0,1,C2716,
3500,C2519,NO,124.4343,183.5150,180,1,C2716,
3501,R62,NO,195.1733,47.4345,270,1,R677,
3502,C42,NO,42.8876,162.5549,180,1,R658,
3503,R36,NO,35.6588,168.0108,180,1,R658,
3504,R35,NO,35.6588,168.8744,180,1,R658,
3505,R30,NO,39.2935,165.4277,270,1,R658,
3506,R31,NO,38.5061,166.8755,270,1,R658,
3507,J6,NO,6.6279,13.4036,0,1,J6,
3508,C2083,NO,145.2623,176.6113,90,1,C393,
3509,C2082,NO,154.1523,176.6113,90,1,C393,
3510,C527,NO,176.3773,176.6113,90,1,C393,
3511,C20,NO,185.2673,176.6113,90,1,C393,
3512,PARTPIN_3512,NO,9.4140,54.0667,0,1,PARTPIN_3512,
3513,PARTPIN_3513,NO,15.7132,54.0667,0,1,PARTPIN_3512,
3514,PARTPIN_3514,NO,4.7625,54.0527,0,1,PARTPIN_3514,
3515,PARTPIN_3515,NO,20.5105,54.0527,0,1,PARTPIN_3514,
3516,LB1,NO,232.3843,17.3990,0,1,LB1,
3517,LB3,NO,78.7143,18.0340,0,1,LB1,
3518,LB2,NO,104.1143,18.0340,0,1,LB1,
3519,LB7,NO,241.3683,25.4711,0,1,LB1,
3520,LB8,NO,235.5593,36.4490,0,1,LB1,
3521,LB5,NO,223.6417,25.1485,0,1,LB1,
3522,LB4,NO,229.6792,25.3390,0,1,LB1,
3523,LB6,NO,235.2063,25.5473,0,1,LB1,
3524,PARTPIN_3517,NO,411.7909,15.3911,0,1,PARTPIN_3517,
3525,PARTPIN_3518,NO,404.1709,12.8511,0,1,PARTPIN_3517,
3526,PARTPIN_3519,NO,399.0909,20.4711,0,1,PARTPIN_3517,
3527,LB9,YES,62.4583,18.0340,0,1,LB9,